CASE_ID,ACCIDENT_YEAR,PROC_DATE,JURIS,COLLISION_DATE,COLLISION_TIME,OFFICER_ID,REPORTING_DISTRICT,DAY_OF_WEEK,CHP_SHIFT,POPULATION,CNTY_CITY_LOC,SPECIAL_COND,BEAT_TYPE,CHP_BEAT_TYPE,CITY_DIVISION_LAPD,CHP_BEAT_CLASS,BEAT_NUMBER,PRIMARY_RD,SECONDARY_RD,DISTANCE,DIRECTION,INTERSECTION,WEATHER_1,WEATHER_2,STATE_HWY_IND,CALTRANS_COUNTY,CALTRANS_DISTRICT,STATE_ROUTE,ROUTE_SUFFIX,POSTMILE_PREFIX,POSTMILE,LOCATION_TYPE,RAMP_INTERSECTION,SIDE_OF_HWY,TOW_AWAY,COLLISION_SEVERITY,NUMBER_KILLED,NUMBER_INJURED,PARTY_COUNT,PRIMARY_COLL_FACTOR,PCF_CODE_OF_VIOL,PCF_VIOL_CATEGORY,PCF_VIOLATION,PCF_VIOL_SUBSECTION,HIT_AND_RUN,TYPE_OF_COLLISION,MVIW,PED_ACTION,ROAD_SURFACE,ROAD_COND_1,ROAD_COND_2,LIGHTING,CONTROL_DEVICE,CHP_ROAD_TYPE,PEDESTRIAN_ACCIDENT,BICYCLE_ACCIDENT,MOTORCYCLE_ACCIDENT,TRUCK_ACCIDENT,NOT_PRIVATE_PROPERTY,ALCOHOL_INVOLVED,STWD_VEHTYPE_AT_FAULT,CHP_VEHTYPE_AT_FAULT,COUNT_SEVERE_INJ,COUNT_VISIBLE_INJ,COUNT_COMPLAINT_PAIN,COUNT_PED_KILLED,COUNT_PED_INJURED,COUNT_BICYCLIST_KILLED,COUNT_BICYCLIST_INJURED,COUNT_MC_KILLED,COUNT_MC_INJURED,PRIMARY_RAMP,SECONDARY_RAMP,COUNTY,CITY,LONGITUDE,LATITUDE
90327315,2016,11/22/2016,9525,11/10/2016,1053,20823,,4,1,9,1900,0,3,5,,2,2,COVINA BLVD (200 BLOCK),HOLLENBECK AVE,0,,Y,A,-,N,,,,,,,,,,N,3,0,1,2,A,-,6,21755,,N,C,C,A,A,H,-,A,A,0,,Y,,,Y,,L,4,0,1,0,0,0,0,1,0,0,-,-,LOS ANGELES,UNINCORPORATED,-117.8989801,34.09940005
90326755,2016,11/21/2016,9530,11/6/2016,923,20096,,7,1,9,1900,0,3,5,,2,2,131ST ST.,CLOVIS AVE.,0,,Y,A,-,N,,,,,,,,,,N,4,0,1,2,A,-,3,22350,,F,G,B,D,A,H,-,A,D,0,Y,,,,Y,,-,99,0,0,1,0,1,0,0,0,0,-,-,LOS ANGELES,UNINCORPORATED,-118.25647,33.91319001
90326177,2016,11/21/2016,9565,10/27/2016,1835,20573,,4,2,9,1900,0,3,5,,2,2,89TH ST,VERMONT AVE.,100,W,N,A,-,N,,,,,,,,,,N,3,0,1,2,A,-,8,22107,,F,G,B,E,A,H,-,C,D,0,Y,,,,Y,,A,1,0,1,0,0,1,0,0,0,0,-,-,LOS ANGELES,UNINCORPORATED,-118.2921891,33.95684163
90326057,2016,11/21/2016,9525,11/15/2016,755,12772,,2,1,9,1900,0,3,5,,2,3,SANDALWOOD AVE (140 BLK),HEMPHILL ST,91,S,N,A,-,N,,,,,,,,,,N,3,0,2,2,A,-,8,22107,,N,C,G,A,A,H,-,A,D,0,,Y,Y,,Y,,L,4,0,1,1,0,0,0,1,0,1,-,-,LOS ANGELES,UNINCORPORATED,-117.9164161,34.0189737
90325702,2016,11/21/2016,9530,11/14/2016,1615,21310,,1,2,9,1900,0,3,5,,2,1,65TH ST. (6500 BLOCK),HOLMES AVE.,3,E,N,A,-,N,,,,,,,,,,N,4,0,1,2,A,-,9,21804,A,N,D,G,A,A,H,-,A,D,0,,Y,,,Y,,L,4,0,0,1,0,0,0,1,0,0,-,-,LOS ANGELES,UNINCORPORATED,-118.2412001,33.98039996
90325655,2016,11/21/2016,9530,11/14/2016,730,21310,,1,1,9,1900,0,3,5,,2,1,FLORENCE AVE. (1700 BLOCK),HOLMES AVE.,12,E,N,A,-,N,,,,,,,,,,N,4,0,1,2,A,-,10,21950,A,N,G,B,B,A,H,-,A,A,0,Y,,,,Y,,A,1,0,0,1,0,1,0,0,0,0,-,-,LOS ANGELES,UNINCORPORATED,-118.2412205,33.97473
90324794,2016,11/18/2016,9545,11/15/2016,1940,16124,,2,2,9,1900,0,3,5,,2,2,SIERRA HIGHWAY,HAROLD CEDAR AVE,35,S,N,A,-,N,,,,,,,,,,Y,3,0,1,2,A,-,11,21956,,N,G,B,E,A,H,-,D,D,0,Y,,,,Y,Y,N,60,0,1,0,0,1,0,0,0,0,-,-,LOS ANGELES,UNINCORPORATED,,
90322293,2016,12/7/2016,9550,11/9/2016,2010,21410,,3,2,9,1900,0,2,4,,1,52,COLIMA ROAD,FAIRWAY DRIVE,1000,W,N,A,-,N,,,,,,,,,,N,3,0,1,2,A,-,11,21950,B,N,G,B,D,A,H,-,C,D,0,Y,,,,Y,,N,60,0,1,0,0,1,0,0,0,0,-,-,LOS ANGELES,UNINCORPORATED,-117.8730354,33.98627162
90321913,2016,11/17/2016,9575,11/8/2016,800,20182,,2,1,9,1900,0,2,4,,2,24,WOODBURY RD.,LINCOLN AVE.,0,,Y,A,-,N,,,,,,,,,,N,3,0,1,2,A,-,9,21801,A,F,D,G,A,A,H,-,A,A,0,,Y,,,Y,,-,99,0,1,0,0,0,0,1,0,0,-,-,LOS ANGELES,UNINCORPORATED,-118.1597001,34.18299007
90321554,2016,11/17/2016,9530,11/8/2016,830,21273,,2,1,9,1900,0,3,5,,2,1,COMPTON AVE.,FIRESTONE BLVD.,7,N,N,A,-,N,,,,,,,,,,N,3,0,1,2,A,-,21,22106,,F,D,G,A,A,H,-,A,A,0,,Y,,,Y,,-,99,0,1,0,0,0,0,1,0,0,-,-,LOS ANGELES,UNINCORPORATED,-118.2474658,33.96016401
90321417,2016,11/17/2016,9540,11/14/2016,1530,14339,,1,2,9,1900,0,3,5,,2,6,MALLORCA PL. (30400 N BLOCK),HILLCREST PKY,15,S,N,A,-,N,,,,,,,,,,N,4,0,1,2,A,-,10,21950,A,N,G,B,B,A,H,-,A,D,0,Y,,,,Y,,A,1,0,0,1,0,1,0,0,0,0,-,-,LOS ANGELES,UNINCORPORATED,-118.645905,34.47266906
90321159,2016,11/16/2016,9565,11/11/2016,1015,17574,,5,1,9,1900,0,3,5,,2,4,BURIN AVE,LENNOX BLVD,150,S,N,A,-,N,,,,,,,,,,N,3,0,2,3,A,-,5,21650,,N,H,G,A,A,H,-,A,D,0,,Y,,,Y,,L,4,0,2,0,0,0,0,2,0,0,-,-,LOS ANGELES,UNINCORPORATED,-118.3537889,33.93775859
90320383,2016,11/16/2016,9530,11/7/2016,1910,20293,,1,2,9,1900,0,3,5,,2,1,NADEAU ST.,COMPTON AVE.,15,N,N,A,-,N,,,,,,,,,,N,3,0,1,2,A,-,10,21950,A,N,G,B,B,A,H,-,C,A,0,Y,,,,Y,,D,22,0,1,0,0,1,0,0,0,0,-,-,LOS ANGELES,UNINCORPORATED,-118.24769,33.96745
90320289,2016,11/15/2016,9550,10/17/2016,550,19939,,1,3,9,1900,0,3,5,,2,3,COLIMA ROAD,CAMINO DEL SUR,5,S,N,C,-,N,,,,,,,,,,N,2,0,1,2,D,-,0,,,N,G,B,B,B,H,-,C,A,0,Y,,,,Y,,-,-,1,0,0,0,1,0,0,0,0,-,-,LOS ANGELES,UNINCORPORATED,-117.982029,33.97800853
90319474,2016,11/15/2016,9550,11/14/2016,800,20131,,1,1,9,1900,0,3,5,,2,3,LOS ROBLES AVENUE,DEERHAVEN DRIVE,0,,Y,A,-,N,,,,,,,,,,N,3,0,1,2,D,-,0,,,N,G,B,B,A,H,-,A,A,0,Y,,,,Y,,-,-,0,1,0,0,1,0,0,0,0,-,-,LOS ANGELES,UNINCORPORATED,-117.9762901,34.00675007
90319282,2016,11/15/2016,9550,11/6/2016,330,21311,,7,3,9,1900,0,1,1,,2,501,I-5 (SANTA ANA FWY) N/B,VALLEY VIEW AVENUE,1800,S,N,A,-,Y,,,,,,,,,,N,3,0,1,2,A,-,11,21954,A,N,G,B,E,A,H,-,D,D,0,Y,,,,Y,Y,N,60,0,1,0,0,1,0,0,0,0,-,-,LOS ANGELES,UNINCORPORATED,-118.0240297,33.88156527
90318983,2016,11/14/2016,9525,11/11/2016,2045,21138,,5,2,9,1900,0,3,5,,2,4,DON JULIAN RD.,3RD AVE,0,,Y,A,-,N,,,,,,,,,,N,4,0,1,2,A,-,12,22450,A,N,D,G,A,A,H,-,C,A,0,,Y,,,Y,,L,4,0,0,1,0,0,0,1,0,0,-,-,LOS ANGELES,UNINCORPORATED,-117.9946201,34.03872004
90318573,2016,11/14/2016,9575,10/30/2016,1230,19976,,7,1,9,1900,0,2,4,,2,22,LINCOLN AVENUE,MARIPOSA ST.,0,,Y,B,C,N,,,,,,,,,,N,4,0,1,3,A,-,3,22350,,N,C,C,B,B,H,-,A,D,0,Y,,,,Y,,A,7,0,0,1,0,1,0,0,0,0,-,-,LOS ANGELES,UNINCORPORATED,-118.1588901,34.19584009
90318316,2016,11/14/2016,9525,10/29/2016,1850,20505,,6,2,4,1905,0,1,1,,2,204,I-210 E/B FROM AZUSA AVE S/B,AZUSA AVE,24,W,N,A,-,Y,,,210,,,,R,,E,Y,3,0,1,2,A,-,11,21950,B,N,G,B,B,A,H,-,C,D,0,Y,,,,Y,,A,1,0,1,0,0,1,0,0,0,0,-,-,LOS ANGELES,AZUSA,-117.90777,34.11977
90317894,2016,11/14/2016,9530,11/11/2016,850,20137,,5,1,9,1900,0,3,5,,2,1,SANTA FE AVE.,NADEAU ST.,0,,Y,A,-,N,,,,,,,,,,N,4,0,1,2,D,-,0,,,N,G,B,B,A,H,-,A,A,0,Y,,,,Y,,-,-,0,0,1,0,1,0,0,0,0,-,-,LOS ANGELES,UNINCORPORATED,-118.2302301,33.9673201
90317791,2016,11/14/2016,9530,10/25/2016,1925,20584,,2,2,9,1900,0,3,5,,2,1,92ND ST.,ALAMEDA ST.,0,,Y,A,-,N,,,,,,,,,,N,4,0,1,2,A,-,9,21801,A,F,D,G,A,A,H,-,C,A,0,,Y,,,Y,,-,99,0,0,1,0,0,0,1,0,0,-,-,LOS ANGELES,UNINCORPORATED,-118.22964,33.95331002
90317770,2016,11/14/2016,9525,10/30/2016,2110,21229,,7,2,6,1955,0,1,1,,2,110,I-10 E/B TO GAREY AVE,GAREY AVE,10,W,N,B,-,Y,,,10,,,,R,,E,N,3,0,1,2,A,-,12,22450,A,F,D,G,A,A,H,-,C,A,0,,Y,,,Y,,A,1,0,1,0,0,0,0,1,0,0,-,-,LOS ANGELES,POMONA,-117.75237,34.0733
90317716,2016,11/14/2016,9565,10/30/2016,1615,21200,,7,2,9,1900,0,1,1,,2,12,I-105 W/B,WESTERN AVE,800,E,N,A,-,Y,,,105,,,,,,W,Y,4,0,3,4,A,-,8,22107,,N,C,C,E,A,H,-,A,D,0,Y,,,,Y,,A,7,0,0,3,0,2,0,0,0,0,-,-,LOS ANGELES,UNINCORPORATED,-118.3064265,33.9263027
90317341,2016,11/11/2016,9525,11/9/2016,1030,12772,,3,1,9,1900,0,3,5,,2,3,NOGALES ST (19000 BLK),NORTHAM ST,237,N,N,A,-,N,,,,,,,,,,N,4,0,1,2,A,-,10,21952,,F,G,B,F,A,H,-,A,D,0,Y,,,,Y,,A,7,0,0,1,0,1,0,0,0,0,-,-,LOS ANGELES,UNINCORPORATED,-117.887055,34.00892671
90317054,2016,11/11/2016,9575,10/18/2016,810,15044,,2,1,9,1900,0,3,5,,2,1,SHIELDS STREET (2400 BLOCK),BRIGGS AVENUE,2,S,N,A,-,Y,,,,,,,,,,N,4,0,1,2,A,-,8,22107,,N,G,B,E,A,H,-,A,D,0,Y,,,,Y,,A,1,0,0,1,0,1,0,0,0,0,-,-,LOS ANGELES,UNINCORPORATED,-118.2306,34.23756
90316981,2016,11/11/2016,9565,11/3/2016,1730,17574,,4,2,6,1933,0,3,5,,2,4,INGLEWOOD AVE,LENNOX BLVD,0,,Y,A,-,N,,,,,,,,,,N,4,0,1,2,A,-,10,21950,A,N,G,B,B,A,H,-,A,A,0,Y,,,,Y,,A,7,0,0,1,0,1,0,0,0,0,-,-,LOS ANGELES,INGLEWOOD,-118.3613401,33.93816012
90316018,2016,11/17/2016,9530,11/2/2016,1600,18270,,3,2,9,1900,0,3,5,,2,6,220TH ST.,VERMONT AVE.,0,,Y,A,-,N,,,,,,,,,,N,4,0,1,2,A,-,10,21950,A,N,G,B,B,A,H,-,A,A,0,Y,,,,Y,,D,22,0,0,1,0,1,0,0,0,0,-,-,LOS ANGELES,UNINCORPORATED,-118.29034,33.82808009
90315273,2016,11/9/2016,9530,10/12/2016,2043,20527,,3,2,7,1942,0,2,S,,2,904,FLORENCE AVE. (1300 E. BLOCK),PARMELEE AVE. (7000 S. BLOCK),4,E,N,A,-,N,,,,,,,,,,N,3,0,1,2,A,-,3,22350,,N,G,B,B,A,H,-,C,A,0,Y,,,,Y,,A,1,0,1,0,0,1,0,0,0,0,-,-,LOS ANGELES,LOS ANGELES,-118.2498768,33.97475
90315228,2016,11/9/2016,9550,10/29/2016,945,20824,,6,1,9,1900,0,3,5,,2,5,PATHFINDER ROAD,WELLESLEY DRIVE,0,,Y,B,-,N,,,,,,,,,,N,3,0,1,2,A,-,11,21954,A,N,G,B,D,A,H,-,A,A,0,Y,,,,Y,,N,60,0,1,0,0,1,0,0,0,0,-,-,LOS ANGELES,UNINCORPORATED,-117.8917401,33.97458003
90314584,2016,11/8/2016,9550,11/4/2016,1710,21177,,5,2,9,1900,0,3,5,,2,3,TURNBULL CANYON ROAD,LOS ROBLES AVENUE,0,,Y,A,-,N,,,,,,,,,,N,4,0,1,2,A,-,10,21950,A,N,G,B,B,A,H,-,A,A,0,Y,,,,Y,,D,22,0,0,1,0,1,0,0,0,0,-,-,LOS ANGELES,UNINCORPORATED,-117.97979,34.00814002
90313728,2016,11/8/2016,9550,11/2/2016,2058,21054,,3,2,3,1903,0,1,3,,2,92,STATE ROUTE 91 E/B TO PIONEER BLVD.,PIONEER BOULEVARD,4,W,N,A,-,Y,,,91,,,,R,,E,N,2,0,1,2,A,-,10,21950,A,N,G,B,B,A,H,-,C,A,0,Y,,,,Y,,A,7,1,0,0,0,1,0,0,0,0,-,-,LOS ANGELES,ARTESIA,-118.0824,33.8752
90312444,2016,11/7/2016,9550,10/25/2016,1830,21037,,2,2,9,1900,0,3,5,,2,4,PEPPER BROOK WAY,ORCHARD HILL RD.,100,W,N,A,-,N,,,,,,,,,,Y,3,0,1,2,A,-,11,21954,A,N,G,B,D,A,H,-,C,D,0,Y,,,,Y,Y,N,60,0,1,0,0,1,0,0,0,0,-,-,LOS ANGELES,UNINCORPORATED,-117.9357465,33.99315483
90312307,2016,11/7/2016,9530,10/23/2016,1945,20583,,7,2,9,1900,0,3,5,,2,1,NADEAU ST. (1500 BLOCK),COMPTON AVE.,130,E,N,C,-,N,,,,,,,,,,N,4,0,1,2,A,-,5,21650,,N,D,G,A,B,H,-,C,D,0,,Y,,,Y,,L,4,0,0,1,0,0,0,1,0,0,-,-,LOS ANGELES,UNINCORPORATED,-118.2472621,33.96744729
90312242,2016,11/7/2016,9530,11/2/2016,610,17695,,3,1,9,1900,0,3,5,,2,2,132ND ST. (13100 BLOCK),BROADWAY,6,W,N,A,-,N,,,,,,,,,,N,4,0,1,2,A,-,10,21950,A,N,G,B,B,A,H,-,B,D,0,Y,,,,Y,,D,22,0,0,1,0,1,0,0,0,0,-,-,LOS ANGELES,UNINCORPORATED,-118.2784097,33.91229008
90312215,2016,11/7/2016,9530,10/31/2016,1243,17695,,1,1,9,1900,0,3,5,,2,1,HOOPER AVE. (1300 BLOCK),69TH ST.,75,S,N,A,-,N,,,,,,,,,,N,3,0,1,2,A,-,17,22517,,N,H,G,A,A,H,-,A,D,0,,Y,,,Y,,A,7,0,1,0,0,0,0,1,0,0,-,-,LOS ANGELES,UNINCORPORATED,-118.25207,33.97733432
90311927,2016,11/4/2016,9530,10/26/2016,720,21252,,3,1,9,1900,0,3,5,,2,1,PACIFIC BLVD. (BLOCK 7500),LIVE OAK ST.,12,S,N,A,-,N,,,,,,,,,,N,4,0,1,2,A,-,10,21950,A,N,G,B,B,A,H,-,A,A,0,Y,,,,Y,,A,8,0,0,1,0,1,0,0,0,0,-,-,LOS ANGELES,UNINCORPORATED,-118.22524,33.97164709
90310394,2016,11/3/2016,9530,10/23/2016,1055,20930,,7,1,9,1900,0,3,5,,2,1,FIRESTONE BLVD.,FIR AVE.,0,,Y,A,-,N,,,,,,,,,,N,4,0,1,2,A,-,17,21451,A,N,D,G,A,A,H,-,A,D,0,,Y,,,Y,,A,1,0,0,1,0,0,0,1,0,0,-,-,LOS ANGELES,UNINCORPORATED,-118.2374301,33.96014008
90310083,2016,11/3/2016,9565,10/27/2016,2027,19232,,4,2,9,1900,0,2,4,,2,22,NORMANDIE AVE,95TH ST,51,N,N,A,-,N,,,,,,,,,,N,4,0,1,2,A,-,21,22106,,N,G,B,E,A,H,-,C,D,0,Y,,,,Y,,A,8,0,0,1,0,1,0,0,0,0,-,-,LOS ANGELES,UNINCORPORATED,-118.30027,33.94980987
90310010,2016,11/2/2016,9535,9/22/2016,1540,21305,,4,2,9,1900,0,3,5,,2,2,GERHART AVE.,6TH ST.,0,,Y,A,-,N,,,,,,,,,,N,4,0,1,2,A,-,9,21802,A,M,D,G,A,A,H,-,A,A,0,,Y,,,Y,,A,1,0,0,1,0,0,0,1,0,0,-,-,LOS ANGELES,UNINCORPORATED,-118.1459501,34.02278009
90309019,2016,11/1/2016,9535,9/28/2016,1600,19839,,3,2,9,1900,0,2,4,,2,24,WHITTIER BLVD,HENDRICKS AVE,0,,Y,A,-,N,,,,,,,,,,N,4,0,1,2,A,-,9,21804,A,N,D,G,A,A,H,-,A,A,0,,Y,,,Y,,L,4,0,0,1,0,0,0,1,0,0,-,-,LOS ANGELES,UNINCORPORATED,-118.1401401,34.01678011
90308931,2016,11/1/2016,9535,10/25/2016,1700,21052,,2,2,9,1900,0,3,5,,2,1,VAN PELT AVE. (1200 BLOCK),RAMBOZ DR.,220,S,N,A,-,N,,,,,,,,,,N,4,0,1,2,A,-,11,21954,A,N,G,B,D,A,H,-,A,D,0,Y,,,,Y,,N,60,0,0,1,0,1,0,0,0,0,-,-,LOS ANGELES,UNINCORPORATED,-118.1765878,34.05349868
90308876,2016,11/1/2016,9530,10/18/2016,1255,14661,,2,1,9,1900,0,3,5,,2,4,DEL AMO BLVD.,SANTA FE AVE.,0,,Y,A,-,N,,,,,,,,,,N,2,0,1,2,A,-,10,21950,A,N,G,B,B,A,H,-,A,B,0,Y,,,,Y,,I,9,1,0,0,0,1,0,0,0,0,-,-,LOS ANGELES,UNINCORPORATED,-118.2117201,33.84657005
90308739,2016,11/29/2016,9530,10/17/2016,600,15995,,1,1,9,1900,0,3,5,,2,2,WILLOWBROOK AVE.,120TH ST.,0,,Y,B,C,N,,,,,,,,,,N,4,0,1,2,A,-,9,21801,A,F,D,G,A,B,H,-,B,D,0,,Y,,,Y,,-,99,0,0,1,0,0,0,1,0,0,-,-,LOS ANGELES,UNINCORPORATED,-118.2354301,33.92333004
90307992,2016,11/1/2016,9550,10/25/2016,1930,21244,,2,2,9,1900,0,3,5,,2,1,SARAGOSA ST.,NORWALK BOULEVARD,0,,Y,A,-,N,,,,,,,,,,N,4,0,1,2,A,-,3,22350,,F,D,G,A,A,H,-,C,A,0,,Y,,,Y,,-,99,0,0,1,0,0,0,1,0,0,-,-,LOS ANGELES,UNINCORPORATED,-118.0758001,33.97772004
90307908,2016,11/1/2016,9525,10/14/2016,1953,21080,,5,2,9,1900,0,3,5,,2,4,VALLEY BLVD (14600 BLOCK),7TH AVE.,7,E,N,A,-,N,,,,,,,,,,N,3,0,1,2,A,-,12,21453,A,N,D,G,A,A,H,-,C,A,0,,Y,,,Y,,A,1,0,1,0,0,0,0,1,0,0,-,-,LOS ANGELES,UNINCORPORATED,-117.9745523,34.03474774
90307715,2016,10/31/2016,9580,10/19/2016,1900,20728,,3,2,9,1900,0,3,5,,1,30,SR-23 N/B (WESTLAKE BLVD.),MULHOLLAND HWY,3274,N,N,A,-,Y,,,23,,,,,,N,N,3,0,1,1,A,-,8,22107,,N,F,A,A,A,H,-,D,D,0,,Y,,,Y,,L,4,0,1,0,0,0,0,1,0,0,-,-,LOS ANGELES,UNINCORPORATED,-118.8535134,34.11079945
90306619,2016,10/31/2016,9530,10/21/2016,925,20938,,5,1,9,1900,0,3,5,,2,2,120TH ST. (1600 BLOCK),COMPTON AVE.,14,E,N,A,-,N,,,,,,,,,,N,3,0,1,2,A,-,10,21950,A,N,G,B,B,A,H,-,A,A,0,Y,,,,Y,,A,1,0,1,0,0,1,0,0,0,0,-,-,LOS ANGELES,UNINCORPORATED,-118.2462642,33.92374416
90303438,2016,10/27/2016,9550,10/15/2016,1030,20755,,6,1,9,1900,0,3,5,,2,5,VIDORA DR,BATSON AVE.,4,E,N,A,-,N,,,,,,,,,,N,4,0,1,2,A,-,10,21950,A,N,G,B,B,A,H,-,A,D,0,Y,,,,Y,,A,7,0,0,1,0,1,0,0,0,0,-,-,LOS ANGELES,UNINCORPORATED,-117.9042879,33.98299572
90302716,2016,10/27/2016,9530,10/19/2016,1845,20300,,3,2,9,1900,0,3,5,,2,1,92ND ST. (1700 BLOCK),BEACH ST.,10,E,N,A,-,N,,,,,,,,,,N,3,0,2,3,A,-,10,21950,A,F,G,B,B,A,H,-,C,D,0,Y,,,,Y,,-,99,0,2,0,0,2,0,0,0,0,-,-,LOS ANGELES,UNINCORPORATED,-118.2419071,33.95328
90302593,2016,10/27/2016,9550,10/3/2016,2055,21311,,1,2,9,1900,0,2,4,,1,41,AZUSA AVENUE,COLIMA ROAD,185,N,N,A,-,N,,,,,,,,,,N,2,0,1,2,A,-,5,21202,A,N,H,G,A,A,H,-,C,D,0,,Y,,,Y,,L,4,1,0,0,0,0,0,1,0,0,-,-,LOS ANGELES,UNINCORPORATED,-117.9318726,33.99147565
90302359,2016,10/27/2016,9565,10/22/2016,2345,20785,,6,3,9,1900,0,2,4,,2,21,VERMONT AVENUE,94TH ST.,0,,Y,A,-,N,,,,,,,,,,N,3,0,1,2,A,-,10,21950,A,F,G,B,B,A,H,-,C,D,0,Y,,,,Y,,-,99,0,1,0,0,1,0,0,0,0,-,-,LOS ANGELES,UNINCORPORATED,-118.29189,33.95095004
90302178,2016,4/6/2017,9525,5/18/2016,320,21156,,3,3,6,1975,0,1,1,,2,104,I-10 EASTBOUND (SAN BERNARDINO FREEWAY),SUNSET AVENUE,5,W,N,A,-,Y,,,10,,,,,,E,N,1,1,0,2,A,-,11,21954,A,F,G,B,E,A,H,-,D,D,0,Y,,,,Y,,N,60,0,0,0,1,0,0,0,0,0,-,-,LOS ANGELES,WEST COVINA,-117.9362699,34.07232398
90302018,2016,10/26/2016,9565,8/10/2016,1857,19232,,3,2,9,1900,0,3,5,,2,2,W. 97TH ST. (1200 BLOCK),BUDLONG AVE.,520,W,N,A,-,N,,,,,,,,,,N,1,1,0,2,A,-,11,21954,A,N,G,B,D,A,H,-,A,D,0,Y,,,,Y,,N,60,0,0,0,1,0,0,0,0,0,-,-,LOS ANGELES,UNINCORPORATED,-118.2976313,33.94774609
90301412,2016,10/26/2016,9590,10/19/2016,1015,16330,,3,1,7,1942,0,1,1,,2,83,I-5 S/B (GSF) TO N. MISSION RD.,N. MISSION RD.,5,N,N,A,-,Y,,,5,,,,R,,S,N,3,0,1,2,A,-,10,21950,A,N,G,B,C,A,H,-,A,A,0,Y,,,,Y,,D,22,0,1,0,0,1,0,0,0,0,-,-,LOS ANGELES,LOS ANGELES,-118.2154,34.06
90300988,2016,10/25/2016,9565,10/11/2016,730,17574,,2,1,9,1900,0,3,5,,2,4,111TH STREET,OSAGE AVE,0,,Y,A,-,N,,,,,,,,,,N,4,0,1,2,A,-,12,22450,A,F,D,G,A,A,H,-,A,D,0,,Y,,,Y,,A,1,0,0,1,0,0,0,1,0,0,-,-,LOS ANGELES,UNINCORPORATED,-118.3461301,33.93457007
90300828,2016,10/25/2016,9530,10/11/2016,115,20923,,2,3,7,1942,0,1,1,,2,200,I-105 E/B (GLENN ANDERSON FWY),STANFORD AVE.,240,E,N,A,-,Y,,,,,,,,,,N,3,0,1,2,A,-,11,21954,A,N,G,B,E,A,H,-,C,D,0,Y,,,,Y,,N,60,0,1,0,0,1,0,0,0,0,-,-,LOS ANGELES,LOS ANGELES,-118.2614104,33.92728
90300505,2016,10/25/2016,9550,10/15/2016,1850,21274,,6,2,9,1900,0,3,5,,2,1,BROADWAY AVENUE W/B,REGATTA AVENUE,0,,Y,A,-,N,,,,,,,,,,N,4,0,1,2,A,-,10,21950,A,F,B,B,B,A,H,-,C,D,0,Y,,,,Y,,-,99,0,0,1,0,1,0,0,0,0,-,-,LOS ANGELES,UNINCORPORATED,-118.02667,33.93937001
90299851,2016,10/24/2016,9535,10/18/2016,1145,17789,,2,1,9,1900,0,2,4,,2,16,1ST ST,MEDNIK AVE,0,,Y,A,-,N,,,,,,,,,,N,3,0,1,2,A,-,6,21755,,N,B,G,A,A,H,-,A,A,0,,Y,,,Y,,L,4,0,1,0,0,0,0,1,0,0,-,-,LOS ANGELES,UNINCORPORATED,-118.1618601,34.03704004
90299842,2016,10/24/2016,9530,9/27/2016,2228,20687,,2,3,9,1900,0,3,5,,2,6,NORMANDIE AVE (24500 BLOCK),245TH ST.,494,S,N,A,-,N,,,,,,,,,,Y,4,0,1,2,A,-,1,23152,A,N,E,I,F,A,H,-,C,D,0,Y,,,,Y,Y,D,22,0,0,1,0,1,0,0,0,0,-,-,LOS ANGELES,UNINCORPORATED,-118.2983102,33.80125921
90299557,2016,10/24/2016,9565,9/26/2016,1825,21118,,1,2,9,1900,0,3,5,,2,4,LENNOX BLVD,BURIN ST,90,E,N,A,-,N,,,,,,,,,,N,2,0,1,2,A,-,11,21954,A,N,G,B,D,A,H,-,A,D,0,Y,,,,Y,,N,60,1,0,0,0,1,0,0,0,0,-,-,LOS ANGELES,UNINCORPORATED,-118.3534939,33.93817277
90299362,2016,10/24/2016,9535,10/14/2016,2025,21052,,5,2,9,1900,0,3,5,,2,4,MUSCATEL AVE. (5300 BLOCK),BROADWAY AVE.,826,S,N,A,-,N,,,,,,,,,,Y,4,0,1,4,A,-,8,22107,,N,B,E,E,A,H,-,C,D,0,Y,,,,Y,,A,1,0,0,1,0,1,0,0,0,0,-,-,LOS ANGELES,UNINCORPORATED,-118.0776171,34.09678518
90298709,2016,10/24/2016,9530,10/11/2016,1345,14451,,2,1,9,1900,0,3,5,,2,2,EL SEGUNDO BLVD.,BROADWAY,0,,Y,A,-,N,,,,,,,,,,N,4,0,1,2,A,-,10,21950,A,N,G,B,B,A,H,-,A,A,0,Y,,,,Y,,D,22,0,0,1,0,1,0,0,0,0,-,-,LOS ANGELES,UNINCORPORATED,-118.27836,33.91642008