CASE_ID,ACCIDENT_YEAR,PROC_DATE,JURIS,COLLISION_DATE,COLLISION_TIME,OFFICER_ID,REPORTING_DISTRICT,DAY_OF_WEEK,CHP_SHIFT,POPULATION,CNTY_CITY_LOC,SPECIAL_COND,BEAT_TYPE,CHP_BEAT_TYPE,CITY_DIVISION_LAPD,CHP_BEAT_CLASS,BEAT_NUMBER,PRIMARY_RD,SECONDARY_RD,DISTANCE,DIRECTION,INTERSECTION,WEATHER_1,WEATHER_2,STATE_HWY_IND,CALTRANS_COUNTY,CALTRANS_DISTRICT,STATE_ROUTE,ROUTE_SUFFIX,POSTMILE_PREFIX,POSTMILE,LOCATION_TYPE,RAMP_INTERSECTION,SIDE_OF_HWY,TOW_AWAY,COLLISION_SEVERITY,NUMBER_KILLED,NUMBER_INJURED,PARTY_COUNT,PRIMARY_COLL_FACTOR,PCF_CODE_OF_VIOL,PCF_VIOL_CATEGORY,PCF_VIOLATION,PCF_VIOL_SUBSECTION,HIT_AND_RUN,TYPE_OF_COLLISION,MVIW,PED_ACTION,ROAD_SURFACE,ROAD_COND_1,ROAD_COND_2,LIGHTING,CONTROL_DEVICE,CHP_ROAD_TYPE,PEDESTRIAN_ACCIDENT,BICYCLE_ACCIDENT,MOTORCYCLE_ACCIDENT,TRUCK_ACCIDENT,NOT_PRIVATE_PROPERTY,ALCOHOL_INVOLVED,STWD_VEHTYPE_AT_FAULT,CHP_VEHTYPE_AT_FAULT,COUNT_SEVERE_INJ,COUNT_VISIBLE_INJ,COUNT_COMPLAINT_PAIN,COUNT_PED_KILLED,COUNT_PED_INJURED,COUNT_BICYCLIST_KILLED,COUNT_BICYCLIST_INJURED,COUNT_MC_KILLED,COUNT_MC_INJURED,PRIMARY_RAMP,SECONDARY_RAMP,COUNTY,CITY,LONGITUDE,LATITUDE
90255784,2016,8/29/2016,9550,8/24/2016,740,20824,,3,1,9,1900,0,2,4,,1,12,MINES BOULEVARD,BROADWAY AVENUE,0,,Y,A,-,N,,,,,,,,,,N,3,0,1,2,A,-,9,21804,A,N,D,G,A,A,H,-,A,A,0,,Y,,,Y,,L,4,0,1,0,0,0,0,1,0,0,-,-,LOS ANGELES,UNINCORPORATED,-118.0648001,33.97756004
90255772,2016,8/29/2016,9565,8/20/2016,1850,20752,,6,2,9,1900,0,2,4,,2,21,VERMONT AVE. S/B,94TH ST.,120,N,N,A,-,N,,,,,,,,,,Y,4,0,3,5,A,-,3,22350,,N,C,C,E,A,H,-,B,D,0,Y,,,,Y,,A,1,0,0,3,0,1,0,0,0,0,-,-,LOS ANGELES,UNINCORPORATED,-118.2918939,33.95127909
90255735,2016,8/29/2016,9525,7/17/2016,350,20693,,7,3,5,1990,0,1,3,,2,584,SR-57 N/B (ORANGE FREEWAY),BREA CANYON RD.,400,N,N,A,-,Y,,,,,,,,,,Y,3,0,1,3,A,-,3,22350,,N,C,C,E,A,H,-,C,D,0,Y,,,,Y,,A,1,0,1,0,0,1,0,0,0,0,-,-,LOS ANGELES,DIAMOND BAR,-117.8589277,33.95853531
90255425,2016,8/29/2016,9550,8/20/2016,1150,21141,,6,1,5,1919,0,1,3,,2,92,SR 91 W/B TO NORWALK BLVD.,NORWALK BOULEVARD,10,E,N,A,-,Y,,,91,,,,R,,W,N,4,0,1,2,A,-,9,21804,A,N,G,G,A,A,H,-,A,A,0,,Y,,,Y,,L,4,0,0,1,0,0,0,1,0,0,-,-,LOS ANGELES,CERRITOS,-118.07254,33.87774
90255084,2016,8/29/2016,9575,8/16/2016,700,20708,,2,1,9,1900,0,2,4,,2,24,WOODBURY ROAD (100 BLOCK),NAVARRO AVENUE,190,W,N,A,-,Y,,,,,,,,,,N,3,0,1,2,A,-,11,21954,A,N,G,B,D,A,H,-,A,D,0,Y,,,,Y,,N,60,0,1,0,0,1,0,0,0,0,-,-,LOS ANGELES,UNINCORPORATED,-118.1540855,34.18313648
90254572,2016,8/26/2016,9535,7/16/2016,1805,20825,,6,2,9,1900,0,2,4,,2,25,ATLANTIC BOULEVARD (500 BLOCK),HASTINGS AVENUE,50,S,N,A,-,N,,,,,,,,,,N,4,0,1,2,A,-,3,22350,,N,G,B,E,A,H,-,A,D,0,Y,,,,Y,,A,1,0,0,1,0,1,0,0,0,0,-,-,LOS ANGELES,UNINCORPORATED,-118.155651,34.02580722
90254484,2016,8/26/2016,9535,8/18/2016,1505,20851,,4,2,9,1900,0,3,5,,2,2,5TH ST. (3900 BLOCK),BONNIE BEACH PL.,300,W,N,A,-,N,,,,,,,,,,N,4,0,1,2,A,-,9,21804,A,N,H,G,A,A,H,-,A,D,0,,Y,,,Y,,L,4,0,0,1,0,0,0,1,0,0,-,-,LOS ANGELES,UNINCORPORATED,-118.182548,34.02931078
90254307,2016,2/13/2017,9580,4/16/2016,2134,20828,,6,2,7,1942,0,1,2,,2,100,US-101 NB (VENTURA FWY),MOORPARK ST,487,N,N,A,-,Y,,,101,,,,,,N,N,1,1,0,2,A,-,11,21954,A,N,G,B,D,A,H,-,C,D,0,Y,,,,Y,Y,N,60,0,0,0,1,0,0,0,0,0,-,-,LOS ANGELES,LOS ANGELES,-118.3748193,34.15169421
90253205,2016,8/26/2016,9535,8/23/2016,535,15636,,2,3,9,1900,0,2,4,,2,25,ATLANTIC BLVD,LOUIS PL,0,,Y,A,-,N,,,,,,,,,,N,3,0,1,2,A,-,3,22350,,N,G,B,B,A,H,-,C,D,0,Y,,,,Y,,A,1,0,1,0,0,1,0,0,0,0,-,-,LOS ANGELES,UNINCORPORATED,-118.15763,34.01931005
90253202,2016,8/25/2016,9565,8/25/2016,900,20972,,4,1,9,1900,0,3,5,,2,2,RAYMOND AVENUE,127TH STREET,0,,Y,A,-,N,,,,,,,,,,N,4,0,1,2,A,-,12,22450,A,N,D,G,A,A,H,-,A,A,0,,Y,,,Y,,L,4,0,0,1,0,0,0,1,0,0,-,-,LOS ANGELES,UNINCORPORATED,-118.2986401,33.9173701
90251924,2016,8/24/2016,9525,8/18/2016,610,12772,,4,1,9,1900,0,3,5,,2,4,TEMPLE AVE (13600 BLK),PUENTE AVE,100,W,N,A,-,N,,,,,,,,,,N,4,0,1,2,A,-,5,21650,,N,D,C,A,A,H,-,A,D,0,,Y,,,Y,,L,4,0,0,1,0,0,0,1,0,0,-,-,LOS ANGELES,UNINCORPORATED,-117.9821335,34.05080504
90250898,2016,8/23/2016,9590,6/24/2016,409,20934,,5,3,7,1942,0,1,1,,2,61,I-10 WESTBOUND (SANTA MONICA FREEWAY),GRAMERCY PLACE,686,W,N,A,-,Y,,,10,,,,,,W,N,2,0,1,2,A,-,11,21954,A,N,G,B,E,A,H,-,E,D,0,Y,,,Y,Y,,N,60,1,0,0,0,1,0,0,0,0,-,-,LOS ANGELES,LOS ANGELES,-118.3156986,34.03703474
90250892,2016,8/23/2016,9590,6/24/2016,410,20934,,5,3,7,1942,0,1,1,,2,61,I-10 WESTBOUND (SANTA MONICA FREEWAY),GRAMERCY PLACE,692,W,N,A,-,Y,,,10,,,,,,W,N,1,1,0,2,D,-,0,,,N,G,B,E,A,H,-,E,D,0,Y,,,Y,Y,,-,-,0,0,0,1,0,0,0,0,0,-,-,LOS ANGELES,LOS ANGELES,-118.3156986,34.03703474
90250145,2016,8/23/2016,9550,8/9/2016,1900,20688,,2,2,5,1935,0,1,1,,2,652,I-605 S/B FROM CARSON ST. W/B,CARSON ST.,10,N,N,A,-,Y,,,605,,,,R,,S,N,3,0,1,2,A,-,10,21950,A,N,G,B,C,A,H,-,A,D,0,Y,,,,Y,,A,1,0,1,0,0,1,0,0,0,0,-,-,LOS ANGELES,LAKEWOOD,-118.08535,33.83162
90250144,2016,8/23/2016,9565,8/10/2016,1900,19355,,3,2,9,1900,0,3,5,,2,2,W. 107TH ST.,BUDLONG AVE,412,W,N,A,-,N,,,,,,,,,,N,4,0,1,2,A,-,11,21954,A,N,G,B,D,A,H,-,A,D,0,Y,,,,Y,,N,60,0,0,1,0,1,0,0,0,0,-,-,LOS ANGELES,UNINCORPORATED,-118.2975856,33.93880609
90250044,2016,8/22/2016,9530,8/13/2016,100,20567,,6,3,9,1900,0,3,5,,2,4,DEL AMO BLVD.,SANTA FE AVE.,20,W,N,A,-,N,,,,,,,,,,N,2,0,1,2,A,-,3,22350,,F,C,G,A,A,H,-,C,A,0,,Y,,,Y,,-,99,1,0,0,0,0,0,1,0,0,-,-,LOS ANGELES,UNINCORPORATED,-118.2117857,33.84657072
90248007,2016,8/18/2016,9590,8/8/2016,1255,14234,,1,1,7,1942,0,1,1,,2,51,I-110 S/B (HAF) FROM MLK JR. BLVD.,"MARTIN LUTHER KING, JR BLVD",20,S,N,A,-,Y,,,110,,,,R,,S,N,3,0,1,2,D,-,0,,,N,G,B,E,A,H,-,A,D,0,Y,,,,Y,,-,-,0,1,0,0,1,0,0,0,0,-,-,LOS ANGELES,LOS ANGELES,-118.28157,34.01086
90247859,2016,8/18/2016,9550,8/12/2016,2120,21129,,5,2,9,1900,0,3,5,,2,1,LOCH AVON DRIVE,REDMAN AVENUE,16,E,N,A,-,N,,,,,,,,,,N,2,0,1,2,A,-,10,21950,A,N,G,B,D,A,H,-,C,D,0,Y,,,,Y,,A,1,1,0,0,0,1,0,0,0,0,-,-,LOS ANGELES,UNINCORPORATED,-118.0696184,33.98935309
90247118,2016,8/17/2016,9525,8/10/2016,954,12772,,3,1,9,1900,0,2,4,,2,45,VALLEY BLVD (13700 BLK),COLLWOOD AVE,5,S,N,A,-,N,,,,,,,,,,N,4,0,1,2,A,-,5,21650,,N,D,G,A,A,H,-,A,A,0,,Y,,,Y,,L,4,0,0,1,0,0,0,1,0,0,-,-,LOS ANGELES,UNINCORPORATED,-117.9957565,34.04905211
90246964,2016,8/17/2016,9550,8/5/2016,1710,17511,,5,2,9,1900,0,3,5,,2,3,WICKSHIRE AVE,LADYSMITH ST,34,S,N,A,-,N,,,,,,,,,,N,3,0,1,2,A,-,11,21954,A,N,G,B,D,A,H,-,A,D,0,Y,,,,Y,,N,60,0,1,0,0,1,0,0,0,0,-,-,LOS ANGELES,UNINCORPORATED,-117.970902,34.00046975
90246759,2016,8/17/2016,9545,8/6/2016,1236,18862,,6,1,9,1900,0,3,5,,2,4,EAST AVENUE R-6,110TH STREET EAST,495,E,N,A,-,N,,,,,,,,,,Y,3,0,1,2,A,-,21,22106,,N,G,B,F,A,H,-,A,D,0,Y,,,,Y,,A,1,0,1,0,0,1,0,0,0,0,-,-,LOS ANGELES,UNINCORPORATED,-117.9325496,34.56708639
90246590,2016,8/17/2016,9580,8/2/2016,1828,19715,,2,2,7,1942,0,1,1,,2,406,I-405 N/B FROM NORDHOFF ST.,I-405,70,E,N,A,-,Y,,,405,,,,R,,N,N,3,0,1,2,A,-,5,21650,,N,D,G,A,A,H,-,A,A,0,,Y,,,Y,,L,4,0,1,0,0,0,0,1,0,0,-,-,LOS ANGELES,LOS ANGELES,-118.47254,34.23572
90246264,2016,8/17/2016,9530,8/16/2016,715,16110,,2,1,9,1900,0,3,5,,2,1,"CROESUS AVE.,         (8100 BLOCK)",81ST ST.,35,S,N,A,-,N,,,,,,,,,,N,4,0,1,2,A,-,8,22107,,F,B,G,A,A,H,-,A,D,0,,Y,,,Y,,-,99,0,0,1,0,0,0,1,0,0,-,-,LOS ANGELES,UNINCORPORATED,-118.2338191,33.96510402
90245275,2016,8/15/2016,9565,7/19/2016,2200,20264,,2,3,9,1900,0,3,5,,2,3,MOUNT VERNON DR,ANGELES VISTA BLVD,65,E,N,A,-,N,,,,,,,,,,N,3,0,1,2,A,-,6,21755,,N,B,C,A,A,H,-,C,D,0,,Y,,,Y,Y,L,4,0,1,0,0,0,0,1,0,0,-,-,LOS ANGELES,UNINCORPORATED,-118.3344943,34.00302579
90245106,2016,8/15/2016,9565,7/18/2016,1855,21118,,1,2,9,1900,0,3,5,,2,4,CONDON AVE,LENNOX BLVD,4,N,N,A,-,N,,,,,,,,,,N,4,0,1,2,A,-,3,22350,,N,D,C,A,A,H,-,A,D,0,,Y,,,Y,,L,4,0,0,1,0,0,0,1,0,0,-,-,LOS ANGELES,UNINCORPORATED,-118.35915,33.93818097
90245062,2016,8/15/2016,9525,8/5/2016,1610,20058,,5,2,9,1900,0,3,5,,2,3,AZUSA AVE,TEMPLE AVE,5,N,N,A,-,N,,,,,,,,,,N,4,0,1,2,A,-,10,21950,A,N,G,G,A,A,H,-,A,A,0,,Y,,,Y,,D,22,0,0,1,0,0,0,1,0,0,-,-,LOS ANGELES,UNINCORPORATED,-117.9176948,34.02469301
90245017,2016,8/15/2016,9575,7/29/2016,1950,20950,,5,2,9,1900,0,3,5,,2,2,SANTA ANITA AVE. (3100 BLOCK),WAPELLO ST.,63,S,N,A,-,N,,,,,,,,,,N,3,0,1,2,A,-,3,22350,,N,F,A,A,A,H,-,B,A,0,,Y,,,Y,,L,4,0,1,0,0,0,0,1,0,0,-,-,LOS ANGELES,UNINCORPORATED,-118.1334587,34.19851276
90244824,2016,8/15/2016,9545,8/7/2016,1313,18353,,7,1,9,1900,0,3,5,,2,4,90TH ST EAST,AVE Q-4,282,N,N,A,-,N,,,,,,,,,,N,3,0,1,2,A,-,11,21954,A,N,G,B,D,A,H,-,A,D,0,Y,,,,Y,,N,60,0,1,0,0,1,0,0,0,0,-,-,LOS ANGELES,UNINCORPORATED,-117.9692785,34.58420266
90243692,2016,8/12/2016,9580,8/3/2016,1833,19544,,3,2,7,1942,0,1,1,,2,404,I-405 N/B (SAN DIEGO FWY),US-101,1056,S,N,A,-,Y,,,405,,,,,,N,Y,2,0,1,2,C,-,18,,,N,G,B,E,A,H,-,A,D,0,Y,,,Y,Y,,-,-,1,0,0,0,1,0,0,0,0,-,-,LOS ANGELES,LOS ANGELES,-118.4690495,34.15740435
90242404,2016,8/11/2016,9525,8/2/2016,1500,19264,,2,2,9,1900,0,3,5,,2,3,SANDLEWOOD AVE. (400 S),SALAIS ST.,0,,Y,A,-,N,,,,,,,,,,N,3,0,1,2,A,-,11,21950,B,N,G,B,B,A,H,-,A,A,0,Y,,,,Y,,N,60,0,1,0,0,1,0,0,0,0,-,-,LOS ANGELES,UNINCORPORATED,-117.91886,34.01188002
90242125,2016,8/10/2016,9575,7/30/2016,815,20119,,6,1,9,1900,0,2,4,,2,82,HUNTINGTON DR. (8800 BLOCK),MAYESDAYLE AVE.,10,W,N,A,-,N,,,,,,,,,,N,3,0,3,3,A,-,8,22107,,N,F,A,A,A,H,-,A,D,0,,Y,,,Y,,L,4,0,3,0,0,0,0,3,0,0,-,-,LOS ANGELES,UNINCORPORATED,-118.0773626,34.12982583
90241786,2016,9/12/2016,9565,8/1/2016,1755,21163,,1,2,9,1900,0,2,4,,1,54,PALAWAN WAY N/B,ADMIRALTY WAY,10,S,N,A,-,N,,,,,,,,,,N,4,0,1,2,A,-,5,21650,,F,H,G,A,A,H,-,A,A,0,,Y,,,Y,,L,4,0,0,1,0,0,0,1,0,0,-,-,LOS ANGELES,UNINCORPORATED,-118.4578092,33.98321409
90241337,2016,8/9/2016,9580,7/27/2016,1129,18101,,3,1,7,1942,0,1,3,,2,171,SR-170 S/B (HOLLYWOOD FWY.),WHITSETT AVE,500,N,N,A,-,Y,,,170,,,,,,S,N,2,0,1,2,A,-,11,21954,A,N,G,B,D,A,H,-,A,D,0,Y,,,,Y,,N,60,1,0,0,0,1,0,0,0,0,-,-,LOS ANGELES,LOS ANGELES,-118.4062937,34.20698382
90240878,2016,8/9/2016,9590,5/31/2016,137,19258,,2,3,7,1942,0,1,2,,2,72,US-101 N/B  (HOF),BARHAM BLVD,604,N,N,A,-,Y,,,101,,,,,,N,N,3,0,1,2,A,-,11,21954,A,F,G,B,E,A,A,-,C,D,0,Y,,,,Y,,-,99,0,1,0,0,1,0,0,0,0,-,-,LOS ANGELES,LOS ANGELES,-118.3469944,34.12894395
90240857,2016,8/9/2016,9545,8/6/2016,1850,17305,,6,2,6,1992,0,1,3,,2,11,SR-14 N/B FROM AVE J,AVENUE J,11,N,N,A,-,Y,,,,,,,,,,N,2,0,1,2,A,-,10,21950,A,N,G,B,B,A,H,-,B,D,0,Y,,,,Y,,D,22,1,0,0,0,1,0,0,0,0,-,-,LOS ANGELES,LANCASTER,,
90240854,2016,8/9/2016,9530,8/2/2016,1630,20175,,2,2,9,1900,0,3,5,,2,2,WILLOWBROOK AVE (12700 BLOCK),EL SEGUNDO BLVD.,5,N,N,A,-,N,,,,,,,,,,N,3,0,2,2,A,-,12,21453,A,N,C,G,A,A,H,-,A,D,0,,Y,Y,,Y,,L,4,0,1,1,0,0,0,1,0,1,-,-,LOS ANGELES,UNINCORPORATED,-118.2316868,33.91621249
90240373,2016,8/9/2016,9535,4/6/2016,445,20816,,3,3,9,1900,0,2,4,,2,24,WHITTIER BLVD. (4400 BLOCK),FORD BLVD.,86,W,N,A,-,N,,,,,,,,,,N,2,0,1,2,A,-,11,21954,A,N,G,B,D,A,H,-,C,D,0,Y,,,,Y,Y,N,60,1,0,0,0,1,0,0,0,0,-,-,LOS ANGELES,UNINCORPORATED,-118.1713258,34.02337381
90240290,2016,8/9/2016,9575,6/15/2016,1620,15044,,3,2,9,1900,0,1,3,,2,81,ROSEMEAD BOULEVARD (200 BLOCK),DEL MAR AVE,5,S,N,A,-,Y,,,,,,,,,,N,4,0,1,2,A,-,21,22106,,F,D,G,A,A,H,-,A,A,0,,Y,,,Y,,-,99,0,0,1,0,0,0,1,0,0,-,-,LOS ANGELES,UNINCORPORATED,-118.0734398,34.14225629
90240285,2016,8/9/2016,9565,7/29/2016,2135,20915,,5,2,9,1900,0,3,5,,2,4,LENNOX BLVD E/B,FREEMAN AVE,15,E,N,A,-,N,,,,,,,,,,N,2,0,1,2,A,-,8,22107,,F,A,G,A,A,H,-,C,D,0,,Y,,,Y,,A,1,1,0,0,0,0,0,1,0,0,-,-,LOS ANGELES,UNINCORPORATED,-118.3482306,33.93818955
90239790,2016,8/8/2016,9525,7/15/2016,441,20719,,5,3,6,1975,0,1,1,,2,104,I-10 E/B (SAN BERNARDINO FREEWAY),VINCENT AVE.,1490,W,N,A,-,Y,,,10,,,,,,E,N,2,0,1,2,A,-,3,22350,,F,G,B,E,A,H,-,D,D,0,Y,,,,Y,,A,1,1,0,0,0,1,0,0,0,0,-,-,LOS ANGELES,WEST COVINA,-117.931841,34.07227346
90239714,2016,8/8/2016,9525,7/26/2016,800,20951,,2,1,9,1900,0,3,5,,2,4,AMAR RD.,SUNSET AVE,0,,Y,A,-,N,,,,,,,,,,N,4,0,1,2,A,-,11,21950,B,N,G,B,B,A,H,-,A,A,0,Y,,,,Y,,N,60,0,0,1,0,1,0,0,0,0,-,-,LOS ANGELES,UNINCORPORATED,-117.9631401,34.04534003
90239353,2016,8/22/2016,9550,7/25/2016,745,21196,,1,1,9,1900,0,3,5,,2,2,LA MIRADA BLVD N/B,LEFFINGWELL ROAD,100,N,N,A,-,N,,,,,,,,,,Y,3,0,1,3,A,-,8,22107,,N,G,B,E,A,H,-,A,D,0,Y,,,,Y,,A,1,0,1,0,0,1,0,0,0,0,-,-,LOS ANGELES,UNINCORPORATED,-118.01185,33.92675013
90239164,2016,8/8/2016,9530,8/1/2016,210,20716,,1,3,9,1900,0,3,5,,2,1,FLORENCE AVE.,COMPTON AVE.,0,,Y,A,-,N,,,,,,,,,,N,3,0,1,2,A,-,17,21451,A,F,D,G,A,A,H,-,C,A,0,,Y,,,Y,,-,99,0,1,0,0,0,0,1,0,0,-,-,LOS ANGELES,UNINCORPORATED,-118.2476901,33.97474009
90239147,2016,8/8/2016,9530,7/30/2016,2130,20868,,6,2,9,1900,0,3,5,,2,2,EL SEGUNDO BLVD. (400 BLOCK),TOWNE AVE.,22,E,N,A,-,N,,,,,,,,,,N,3,0,1,2,A,-,11,21954,A,N,G,B,D,A,H,-,C,D,0,Y,,,,Y,Y,N,60,0,1,0,0,1,0,0,0,0,-,-,LOS ANGELES,UNINCORPORATED,-118.2673676,33.91642
90239003,2016,9/9/2016,9565,8/6/2016,745,20284,,6,1,9,1900,0,3,5,,2,6,WILSHIRE BLVD. E/B,I-405,400,E,N,B,-,N,,,,,,,,,,N,3,0,1,2,A,-,3,22350,,N,H,G,A,A,H,-,A,A,0,,Y,,,Y,,A,1,0,1,0,0,0,0,1,0,0,-,-,LOS ANGELES,UNINCORPORATED,-118.45204,34.05586
90238437,2016,8/5/2016,9550,7/27/2016,1845,21269,,3,2,9,1900,0,2,4,,1,22,LEFFINGWELL ROAD,LELAND AVENUE,248,W,N,A,-,N,,,,,,,,,,N,3,0,1,2,A,-,11,21954,A,N,G,B,D,A,H,-,A,D,0,Y,,,,Y,,N,60,0,1,0,0,1,0,0,0,0,-,-,LOS ANGELES,UNINCORPORATED,-118.0427762,33.91975884
90238135,2016,8/5/2016,9530,7/29/2016,1115,20567,,5,1,9,1900,0,3,5,,2,2,E. 115TH PLACE (2500 BLOCK),MONA BLVD.,250,E,N,A,-,N,,,,,,,,,,N,4,0,1,2,A,-,21,22106,,N,G,B,F,A,H,-,A,D,0,Y,,,,Y,,A,1,0,0,1,0,1,0,0,0,0,-,-,LOS ANGELES,UNINCORPORATED,-118.2296848,33.9296613
90237983,2016,8/4/2016,9550,7/25/2016,1410,21033,,1,2,9,1900,0,3,5,,2,2,FLORENCE AVENUE,CARMENITA ROAD,300,W,N,A,-,N,,,,,,,,,,N,4,0,1,2,A,-,11,21954,A,N,G,B,D,A,H,-,A,D,0,Y,,,,Y,,N,60,0,0,1,0,1,0,0,0,0,-,-,LOS ANGELES,UNINCORPORATED,-118.0475414,33.93598171
90237090,2016,8/4/2016,9525,7/16/2016,1235,20505,,6,1,9,1900,0,1,3,,1,24,SR-39 (SAN GABRIEL CANYON RD.),CRYSTAL LAKE RD,10032,S,N,A,-,Y,,,39,,,,,,,N,2,0,1,2,A,-,11,21954,A,N,G,B,E,A,H,-,A,D,0,Y,,,,Y,,N,60,1,0,0,0,1,0,0,0,0,-,-,LOS ANGELES,UNINCORPORATED,-117.8392878,34.30422019
90236349,2016,8/3/2016,9590,7/25/2016,2130,21132,,1,2,7,1942,0,1,1,,2,53,I-110 S/B (HAF),23RD STREET,100,S,N,A,-,Y,,,110,,,,,,S,Y,4,0,1,3,A,-,8,22107,,N,C,E,E,A,H,-,C,D,0,Y,,,,Y,,A,1,0,0,1,0,1,0,0,0,0,-,-,LOS ANGELES,LOS ANGELES,-118.27453,34.02980718
90236177,2016,8/3/2016,9535,5/2/2016,2353,20825,,1,3,7,1942,0,1,1,,2,111,I-10 WESTBOUND (SAN  BERNARDINO) HOT,I-5 NORTHBOUND (GOLDEN STATE FREEWAY),117,W,N,A,-,Y,,,,,,,,,,N,1,1,0,2,A,-,0,21960,A,N,G,B,E,A,H,-,E,D,0,Y,,,,Y,,N,60,0,0,0,1,0,0,0,0,0,-,-,LOS ANGELES,LOS ANGELES,,
90236141,2016,8/2/2016,9535,7/17/2016,1525,20851,,7,2,9,1900,0,1,3,,2,66,SR-164 (ROSEMEAD BLVD.),GALLATIN RD,1740,N,N,A,-,Y,,,164,,,,,,,N,3,0,1,2,A,-,11,21954,A,N,G,B,E,A,H,-,A,D,0,Y,,,,Y,,-,-,0,1,0,0,1,0,0,0,0,-,-,LOS ANGELES,UNINCORPORATED,-118.0749186,34.02053019
90234663,2016,8/1/2016,9540,7/25/2016,2350,20634,,1,3,7,1942,0,1,1,,2,406,I-405 N/B FROM RINALDI STREET,RINALDI STREET,717,N,N,A,-,Y,,,405,,,,R,,N,N,2,0,1,2,A,-,8,22107,,F,G,B,E,A,H,-,C,D,0,Y,,,,Y,,-,99,1,0,0,0,1,0,0,0,0,-,-,LOS ANGELES,LOS ANGELES,-118.46878,34.2816
90233741,2016,8/1/2016,9575,7/23/2016,2030,20911,,6,2,9,1900,0,2,4,,2,84,SAN GABRIEL BLVD (1600 BLOCK),DUARTE ROAD,50,N,N,A,-,N,,,,,,,,,,N,2,0,1,1,A,-,3,22350,,N,F,A,A,A,H,-,C,A,0,,Y,,,Y,,L,4,1,0,0,0,0,0,1,0,0,-,-,LOS ANGELES,UNINCORPORATED,-118.0912838,34.11999706
90233207,2016,7/29/2016,9540,7/24/2016,1230,20255,,7,1,9,1900,0,3,5,,2,100,THE OLD RD,LIVE OAK RD,215,S,N,A,-,N,,,,,,,,,,N,4,0,1,2,A,-,5,21460,A,N,A,G,A,A,H,-,A,D,0,,Y,,,Y,,L,4,0,0,1,0,0,0,1,0,0,-,-,LOS ANGELES,UNINCORPORATED,-118.6158961,34.45272744
90233136,2016,7/29/2016,9530,7/21/2016,715,21235,,4,1,9,1900,0,3,5,,2,1,NADEAU ST.(1800 BLOCK),HOLMES AVE.,0,,N,A,-,N,,,,,,,,,,N,3,0,1,2,D,-,0,,,N,G,B,B,A,H,-,A,D,0,Y,,,,Y,,-,-,0,1,0,0,1,0,0,0,0,-,-,LOS ANGELES,UNINCORPORATED,-118.2410701,33.96741003
90232937,2016,8/9/2016,9590,3/16/2016,339,19258,,3,3,7,1942,0,1,1,,2,52,I-110 N/B (HARBOR FREEWAY),33RD ST,99,N,N,A,-,Y,,,110,,,,,,N,N,1,1,0,2,A,-,11,21954,A,F,G,B,E,A,H,-,D,D,0,Y,,,,Y,,N,60,0,0,0,1,0,0,0,0,0,-,-,LOS ANGELES,LOS ANGELES,-118.2770777,34.02269996
90232033,2016,7/28/2016,9565,7/22/2016,129,20209,,5,3,9,1900,0,1,3,,2,51,LINCOLN BLVD. S/B,BALI WAY,300,N,N,A,-,Y,,,,,,,,,,N,3,0,1,2,A,-,3,22350,,F,C,G,A,A,H,-,C,D,0,,Y,,,Y,,-,99,0,1,0,0,0,0,1,0,0,-,-,LOS ANGELES,UNINCORPORATED,-118.4415995,33.98311215
90231894,2016,7/27/2016,9565,7/20/2016,1100,20556,,3,1,9,1900,0,3,5,,2,3,VICTORIA AVENUE,48TH STREET,0,,Y,A,-,N,,,,,,,,,,N,3,0,1,2,D,-,0,,,N,A,G,A,A,H,-,A,D,0,,Y,,,Y,,-,-,0,1,0,0,0,0,1,0,0,-,-,LOS ANGELES,UNINCORPORATED,-118.3320301,34.00001005
90231014,2016,7/27/2016,9590,2/27/2016,313,20985,,6,3,7,1942,0,1,1,,2,84,I-5 N/B (GOLDEN STATE FREEWAY),PARK EQUESTRIAN BRIDGE UC,75,N,N,A,-,Y,,,5,,,,,,N,N,1,1,0,2,C,-,18,,,F,G,B,E,A,H,-,C,D,0,Y,,,,Y,,-,-,0,0,0,1,0,0,0,0,0,-,-,LOS ANGELES,LOS ANGELES,-118.2751997,34.13362009
90231012,2016,7/27/2016,9590,2/27/2016,312,20985,,6,3,7,1942,0,1,1,,2,85,I-5 S/B (GOLDEN STATE FREEWAY),PARK EQUESTRIAN BRIDGE UC,125,N,N,A,-,Y,,,,,,,,,,Y,2,0,2,3,A,-,3,22350,,N,C,C,E,A,H,-,C,D,0,Y,,,,Y,,A,1,2,0,0,0,1,0,0,0,0,-,-,LOS ANGELES,LOS ANGELES,,
90230938,2016,7/26/2016,9535,7/12/2016,1620,20347,,2,2,9,1900,0,3,5,,2,2,GRATIAN ST,MCDONNELL AVE,0,,Y,A,-,N,,,,,,,,,,N,4,0,1,2,A,-,10,21950,A,N,G,B,B,A,H,-,A,D,0,Y,,,,Y,,D,22,0,0,1,0,1,0,0,0,0,-,-,LOS ANGELES,UNINCORPORATED,-118.1669701,34.03245005