CASE_ID,ACCIDENT_YEAR,PROC_DATE,JURIS,COLLISION_DATE,COLLISION_TIME,OFFICER_ID,REPORTING_DISTRICT,DAY_OF_WEEK,CHP_SHIFT,POPULATION,CNTY_CITY_LOC,SPECIAL_COND,BEAT_TYPE,CHP_BEAT_TYPE,CITY_DIVISION_LAPD,CHP_BEAT_CLASS,BEAT_NUMBER,PRIMARY_RD,SECONDARY_RD,DISTANCE,DIRECTION,INTERSECTION,WEATHER_1,WEATHER_2,STATE_HWY_IND,CALTRANS_COUNTY,CALTRANS_DISTRICT,STATE_ROUTE,ROUTE_SUFFIX,POSTMILE_PREFIX,POSTMILE,LOCATION_TYPE,RAMP_INTERSECTION,SIDE_OF_HWY,TOW_AWAY,COLLISION_SEVERITY,NUMBER_KILLED,NUMBER_INJURED,PARTY_COUNT,PRIMARY_COLL_FACTOR,PCF_CODE_OF_VIOL,PCF_VIOL_CATEGORY,PCF_VIOLATION,PCF_VIOL_SUBSECTION,HIT_AND_RUN,TYPE_OF_COLLISION,MVIW,PED_ACTION,ROAD_SURFACE,ROAD_COND_1,ROAD_COND_2,LIGHTING,CONTROL_DEVICE,CHP_ROAD_TYPE,PEDESTRIAN_ACCIDENT,BICYCLE_ACCIDENT,MOTORCYCLE_ACCIDENT,TRUCK_ACCIDENT,NOT_PRIVATE_PROPERTY,ALCOHOL_INVOLVED,STWD_VEHTYPE_AT_FAULT,CHP_VEHTYPE_AT_FAULT,COUNT_SEVERE_INJ,COUNT_VISIBLE_INJ,COUNT_COMPLAINT_PAIN,COUNT_PED_KILLED,COUNT_PED_INJURED,COUNT_BICYCLIST_KILLED,COUNT_BICYCLIST_INJURED,COUNT_MC_KILLED,COUNT_MC_INJURED,PRIMARY_RAMP,SECONDARY_RAMP,COUNTY,CITY,LONGITUDE,LATITUDE
90188133,2016,5/26/2016,9525,5/13/2016,2055,21080,,5,2,9,1900,0,2,4,,2,45,VALLEY BLVD. (13000 BLOCK),VINELAND AVE,0,,Y,A,-,N,,,,,,,,,,N,4,0,1,2,A,-,5,21650,,N,G,B,A,A,H,-,C,A,0,,Y,,,Y,,L,4,0,0,1,0,0,0,1,0,0,-,-,LOS ANGELES,UNINCORPORATED,-117.99302,34.04740008
90187566,2016,5/25/2016,9535,5/24/2016,1455,19626,,2,2,9,1900,0,3,5,,2,1,EASTERN AVE (1800 BLOCK),WORTH ST,45,S,N,A,-,N,,,,,,,,,,N,4,0,1,2,A,-,5,21650,,N,H,G,A,A,H,-,A,D,0,,Y,,,Y,,L,4,0,0,1,0,0,0,1,0,0,-,-,LOS ANGELES,UNINCORPORATED,-118.1790385,34.06215152
90187546,2016,5/25/2016,9535,5/22/2016,2355,20673,,7,3,5,1943,0,1,1,,2,75,I-710 S/B FROM IMPERIAL HWY. E/B,IMPERIAL HWY,6,S,N,A,-,Y,,,710,,,,R,,S,N,3,0,1,2,A,-,3,22350,,M,H,G,A,A,H,-,C,D,0,,Y,,,Y,,A,1,0,1,0,0,0,0,1,0,0,-,-,LOS ANGELES,LYNWOOD,-118.18026,33.93089
90187508,2016,5/25/2016,9535,5/17/2016,1100,19121,,2,1,9,1900,0,2,4,,2,25,ATLANTIC BLVD (300 BLOCK),REPETTO AVE,65,S,N,B,-,N,,,,,,,,,,N,4,0,1,2,A,-,8,22107,,M,B,B,E,A,H,-,A,D,0,Y,,,,Y,,A,7,0,0,1,0,1,0,0,0,0,-,-,LOS ANGELES,UNINCORPORATED,-118.1542957,34.03027789
90187501,2016,5/25/2016,9530,5/20/2016,1330,20232,,5,1,9,1900,0,3,5,,2,1,COMPTON AVE.,60TH ST,0,,Y,A,-,N,,,,,,,,,,N,3,0,1,2,A,-,5,21650,,F,D,G,A,A,H,-,A,A,0,,Y,,,Y,,L,4,0,1,0,0,0,0,1,0,0,-,-,LOS ANGELES,UNINCORPORATED,-118.2477401,33.98572003
90186861,2016,5/25/2016,9550,5/18/2016,1510,19117,,3,2,9,1900,0,3,5,,2,1,GRETNA AVE.,HAVENWOOD DR.,0,,N,A,-,N,,,,,,,,,,N,3,0,1,2,A,-,8,22107,,N,B,G,A,A,H,-,A,D,0,,Y,,,Y,,A,1,0,1,0,0,0,0,1,0,0,-,-,LOS ANGELES,UNINCORPORATED,-118.05719,33.97877007
90186733,2016,5/25/2016,9530,5/23/2016,1130,19338,,1,1,9,1900,0,3,5,,2,6,JAVELIN STREET (900 BLOCK),VERMONT AVENUE,60,E,N,A,-,N,,,,,,,,,,N,4,0,1,2,A,-,10,21952,,N,G,B,F,A,H,-,A,D,0,Y,,,,Y,,-,99,0,0,1,0,1,0,0,0,0,-,-,LOS ANGELES,UNINCORPORATED,-118.2899428,33.83887
90186577,2016,5/24/2016,9535,2/4/2016,1920,14473,9535,4,2,9,1900,0,1,3,,2,600,SR-60 (POMONA FREEWAY) E/B,ROWAN AVENUE,390,E,N,A,-,Y,,,60,,,,,,E,N,1,1,0,2,A,-,3,22350,,F,G,B,E,A,H,-,C,D,0,Y,,,,Y,,A,7,0,0,0,1,0,0,0,0,0,-,-,LOS ANGELES,UNINCORPORATED,-118.1864809,34.03168323
90186052,2016,5/24/2016,9565,5/11/2016,800,20239,,3,1,9,1900,0,3,5,,2,3,KENISTON AVE,57TH ST,0,,Y,B,-,N,,,,,,,,,,N,3,0,1,2,A,-,11,21954,A,N,G,B,D,A,H,-,A,A,0,Y,,,,Y,,N,60,0,1,0,0,1,0,0,0,0,-,-,LOS ANGELES,UNINCORPORATED,-118.34202,33.99078002
90185807,2016,5/24/2016,9530,5/16/2016,2041,20584,,1,2,9,1900,0,3,5,,2,1,NADEAU ST. (1400 BLOCK),ANTWERP AVE.,9,W,N,A,-,N,,,,,,,,,,N,2,0,1,2,A,-,10,21950,A,F,G,B,B,A,H,-,C,D,0,Y,,,,Y,,A,1,1,0,0,0,1,0,0,0,0,-,-,LOS ANGELES,UNINCORPORATED,-118.2489996,33.96745
90185767,2016,5/24/2016,9530,5/20/2016,1140,20315,,5,1,9,1900,0,3,5,,2,1,60TH ST (1400 E BLK),COMPTON AVE.,150,E,N,B,-,N,,,,,,,,,,N,4,0,1,2,A,-,9,21804,A,N,D,G,A,A,H,-,A,D,0,,Y,,,Y,,L,4,0,0,1,0,0,0,1,0,0,-,-,LOS ANGELES,UNINCORPORATED,-118.2472464,33.98570745
90185513,2016,5/23/2016,9550,5/13/2016,1310,15040,,5,1,9,1900,0,2,4,,1,21,CARMENITA ROAD,LAKELAND ROAD,0,,Y,A,-,N,,,,,,,,,,N,4,0,1,2,A,-,10,21950,A,F,G,B,B,A,H,-,A,A,0,Y,,,,Y,,-,99,0,0,1,0,1,0,0,0,0,-,-,LOS ANGELES,UNINCORPORATED,-118.0465801,33.93177002
90185222,2016,5/23/2016,9550,5/12/2016,1900,20861,,4,2,9,1900,0,3,5,,2,4,GALE AVENUE,STIMSON AVENUE,0,,Y,A,-,N,,,,,,,,,,N,2,0,1,2,A,-,5,21650,,N,D,G,A,A,H,-,A,A,0,,Y,,,Y,,L,4,1,0,0,0,0,0,1,0,0,-,-,LOS ANGELES,UNINCORPORATED,-117.9560601,34.00869
90184563,2016,5/23/2016,9535,5/16/2016,1750,20794,,1,2,9,1900,0,2,4,,2,24,WHITTIER BLVD,WOODS AVE,0,,Y,A,-,N,,,,,,,,,,N,3,0,1,2,A,-,8,22107,,N,H,G,A,A,H,-,A,D,0,,Y,,,Y,,L,4,0,1,0,0,0,0,1,0,0,-,-,LOS ANGELES,UNINCORPORATED,-118.1586301,34.02070004
90184515,2016,5/23/2016,9530,5/21/2016,1735,20930,,6,2,9,1900,0,3,5,,2,1,FIRESTONE BLVD.,BELL AVE.,0,,Y,A,-,N,,,,,,,,,,N,4,0,1,2,A,-,12,22450,A,N,D,G,A,A,H,-,A,D,0,,Y,,,Y,,L,4,0,0,1,0,0,0,1,0,0,-,-,LOS ANGELES,UNINCORPORATED,-118.2390101,33.96015002
90184477,2016,5/23/2016,9530,5/19/2016,1845,20548,,4,2,9,1900,0,3,5,,2,2,BLISS ST. (2200 BLOCK),VESTA AVE.,224,W,N,A,-,N,,,,,,,,,,N,2,0,2,3,A,-,11,21954,A,N,B,B,D,A,H,-,A,D,0,Y,,Y,,Y,,N,60,1,1,0,0,1,0,0,0,1,-,-,LOS ANGELES,UNINCORPORATED,-118.2298228,33.90859449
90184420,2016,5/23/2016,9530,5/13/2016,1640,21108,,5,2,9,1900,0,3,5,,2,2,122ND ST. (2000 BLOCK),WILMINGTON AVE.,715,E,N,A,-,N,,,,,,,,,,N,3,0,3,4,A,-,11,21954,A,N,G,B,D,A,H,-,A,D,0,Y,,,,Y,,N,60,0,1,2,0,3,0,0,0,0,-,-,LOS ANGELES,UNINCORPORATED,-118.2367979,33.92167674
90184388,2016,5/23/2016,9575,5/12/2016,1500,17852,,4,2,9,1900,0,3,5,,2,2,GLENVIEW TERRACE (2000 BLOCK),MENDOCINO LANE,400,E,N,A,-,N,,,,,,,,,,N,3,0,1,2,A,-,6,21750,A,N,D,G,A,A,H,-,A,D,0,,Y,,,Y,,L,4,0,1,0,0,0,0,1,0,0,-,-,LOS ANGELES,UNINCORPORATED,-118.1095229,34.18529541
90183808,2016,5/20/2016,9550,5/12/2016,530,15449,,4,3,9,1900,0,2,4,,1,21,CARMENITA ROAD,PLACID DRIVE,0,,Y,B,-,N,,,,,,,,,,N,2,0,1,2,A,-,10,21950,A,N,G,B,B,A,H,-,C,D,0,Y,,,,Y,,A,1,1,0,0,0,1,0,0,0,0,-,-,LOS ANGELES,UNINCORPORATED,-118.0468201,33.91800007
90183744,2016,5/20/2016,9550,5/11/2016,1731,17998,,3,2,9,1900,0,3,5,,2,2,REIS ST,AMSDELL AVE,133,E,N,A,-,Y,,,,,,,,,,N,2,0,1,2,A,-,9,21804,A,N,A,G,A,A,H,-,A,D,0,,Y,,,Y,,L,4,1,0,0,0,0,0,1,0,0,-,-,LOS ANGELES,UNINCORPORATED,-118.0455634,33.94656984
90183130,2016,5/19/2016,9535,4/5/2016,655,21052,,2,1,9,1900,0,2,4,,2,15,MEDNIK AVENUE (400 BLOCK),COLONIA DE LOS PINOS,10,N,N,A,-,N,,,,,,,,,,N,3,0,1,2,A,-,5,21650,,N,A,G,A,A,H,-,A,A,0,,Y,,,Y,,L,4,0,1,0,0,0,0,1,0,0,-,-,LOS ANGELES,UNINCORPORATED,-118.1618806,34.04152742
90182812,2016,5/19/2016,9530,5/17/2016,2040,20608,,2,2,9,1900,0,3,5,,2,5,REDONDO BEACH BLVD. (BLOCK #3700),AINSWORTH AVE.,600,E,N,A,-,N,,,,,,,,,,N,3,0,1,2,A,-,8,22107,,N,C,A,A,A,H,-,E,D,0,,Y,,,Y,,L,4,0,1,0,0,0,0,1,0,0,-,-,LOS ANGELES,UNINCORPORATED,-118.3377432,33.87930055
90182643,2016,5/19/2016,9535,5/11/2016,1730,19857,,3,2,9,1900,0,2,4,,2,14,CESAR E. CHAVEZ AVE. (3400 BLOCK),HICKS AVE.,65,E,N,A,-,N,,,,,,,,,,N,4,0,1,2,A,-,5,21202,A,N,H,G,A,A,H,-,A,D,0,,Y,,,Y,,L,4,0,0,1,0,0,0,1,0,0,-,-,LOS ANGELES,UNINCORPORATED,-118.1901259,34.04051
90182429,2016,5/18/2016,9535,5/5/2016,2228,18527,,4,3,9,1900,0,2,4,,2,24,WHITTIER BLVD (6000 BLOCK),SCHOOL AVE,100,W,N,B,C,N,,,,,,,,,,N,2,0,1,2,A,-,11,21954,A,F,G,B,D,B,H,-,C,D,0,Y,,,,Y,Y,N,60,1,0,0,0,1,0,0,0,0,-,-,LOS ANGELES,UNINCORPORATED,-118.1425082,34.0172807
90182205,2016,5/18/2016,9525,3/12/2016,120,20989,,6,3,6,1955,0,1,1,,2,110,I-10 E/B (SAN BERNARDINO FREEWAY),DUDLEY STREET,2021,E,N,A,-,Y,,,10,,,,,,E,N,2,0,1,2,A,-,11,21954,A,N,G,B,D,A,H,-,C,D,0,Y,,,,Y,Y,N,60,1,0,0,0,1,0,0,0,0,-,-,LOS ANGELES,POMONA,-117.7705768,34.07190985
90181729,2016,5/18/2016,9575,5/10/2016,1440,15204,,2,2,9,1900,0,1,3,,2,81,ROSEMEAD BLVD (800 BLOCK SOUTH),HUNTINGTON DR,300,N,N,A,-,N,,,,,,,,,,N,4,0,1,2,A,-,9,21804,A,N,D,G,A,A,H,-,A,D,0,,Y,,,Y,,A,7,0,0,1,0,0,0,1,0,0,-,-,LOS ANGELES,UNINCORPORATED,-118.0733,34.13028
90181680,2016,5/18/2016,9535,4/9/2016,2000,20818,,6,2,9,1900,0,3,5,,2,2,INDIANA ST. (400 BLOCK),5TH ST,10,N,N,A,-,N,,,,,,,,,,N,3,0,1,2,A,-,9,21804,A,N,H,G,A,A,H,-,C,D,0,,Y,,,Y,,L,4,0,1,0,0,0,0,1,0,0,-,-,LOS ANGELES,UNINCORPORATED,-118.19236,34.03029742
90181079,2016,5/17/2016,9525,5/3/2016,740,17506,,2,1,9,1900,0,3,5,,2,1,CALIFORNIA AVE (2200 BLOCK),MAYDEE ST.,105,N,N,A,-,N,,,,,,,,,,N,4,0,1,2,A,-,9,21804,A,N,D,G,A,A,H,-,A,D,0,,Y,,,Y,,L,4,0,0,1,0,0,0,1,0,0,-,-,LOS ANGELES,UNINCORPORATED,-117.9965179,34.12541235
90180898,2016,5/17/2016,9545,5/3/2016,1455,18033,,2,2,9,1900,0,1,3,,1,42,SR-138 W/B (ANTELOPE HIGHWAY),263RD ST  E,7920,W,N,A,-,Y,,,138,,,,,,W,Y,3,0,2,3,A,-,3,22350,,N,C,C,E,A,D,-,A,A,0,Y,,,,Y,,D,22,0,1,1,0,1,0,0,0,0,-,-,LOS ANGELES,UNINCORPORATED,-117.6814941,34.46457649
90180229,2016,5/16/2016,9530,5/10/2016,1655,20232,,2,2,9,1900,0,3,5,,2,1,87TH ST. (2000 E BLOCK),HICKORY ST.,140,W,N,A,-,N,,,,,,,,,,N,3,0,1,2,A,-,11,21954,A,M,G,B,D,A,H,-,A,D,0,Y,,,,Y,,N,60,0,1,0,0,1,0,0,0,0,-,-,LOS ANGELES,UNINCORPORATED,-118.2356008,33.95849
90179791,2016,5/16/2016,9550,5/11/2016,2305,21110,,3,3,9,1900,0,3,5,,2,1,BROADWAY WESTBOUND,BONAVISTA LANE,100,W,N,A,-,N,,,,,,,,,,N,3,0,1,2,A,-,8,22107,,F,G,B,E,A,H,-,C,D,0,Y,,,,Y,,-,99,0,1,0,0,1,0,0,0,0,-,-,LOS ANGELES,UNINCORPORATED,-118.0233632,33.937105
90179682,2016,5/16/2016,9530,5/13/2016,1515,20923,,5,2,9,1900,0,3,5,,2,1,65TH ST. (1100 BLOCK),CENTRAL AVE.,430,E,N,A,-,N,,,,,,,,,,N,3,0,1,2,A,-,9,21804,A,N,D,G,A,A,H,-,B,D,0,,Y,,,Y,,L,4,0,1,0,0,0,0,1,0,0,-,-,LOS ANGELES,UNINCORPORATED,-118.2550444,33.98080678
90179446,2016,5/16/2016,9530,5/6/2016,1144,19722,,5,1,9,1900,0,3,5,,2,4,SANTA FE AVE (18500 BLOCK),REYES AVE.,241,N,N,B,C,N,,,,,,,,,,N,3,0,1,2,A,-,9,21801,A,N,D,G,A,B,H,-,A,D,0,,Y,,Y,Y,,F,26,0,1,0,0,0,0,1,0,0,-,-,LOS ANGELES,UNINCORPORATED,-118.2136144,33.86292462
90179420,2016,5/16/2016,9575,4/18/2016,45,21026,,1,3,6,1912,0,1,3,,2,44,SR-134 E/B (VENTURA FREEWAY),BOB HOPE DR.,185,W,N,A,-,Y,,,134,,,,,,E,N,2,0,1,2,A,-,8,22107,,F,G,B,E,A,C,-,C,D,0,Y,,,,Y,,-,99,1,0,0,0,1,0,0,0,0,-,-,LOS ANGELES,BURBANK,-118.3302572,34.15273631
90179071,2016,5/13/2016,9530,4/28/2016,2348,20175,,4,3,5,1977,0,1,1,,2,410,I-405 NORTHBOUND (SAN DIEGO FREEWAY),AVALON BLVD.,678,S,N,A,-,Y,,,,,,,,,,Y,1,1,0,2,A,-,11,21954,A,N,D,B,D,A,H,-,C,D,0,Y,,,,Y,,N,60,0,0,0,1,0,0,0,0,0,-,-,LOS ANGELES,CARSON,-118.2620916,33.83813909
90178938,2016,5/13/2016,9530,5/12/2016,1320,20331,,4,1,9,1900,0,3,5,,2,2,E. 119TH ST. (1900 BLOCK),WILMINGTON AVE.,250,E,N,A,-,N,,,,,,,,,,N,4,0,1,2,A,-,9,21804,A,N,D,G,A,A,H,-,A,D,0,,Y,,,Y,,A,1,0,0,1,0,0,0,1,0,0,-,-,LOS ANGELES,UNINCORPORATED,-118.2381976,33.92462
90178352,2016,5/12/2016,9525,4/28/2016,1305,18926,,4,1,9,1900,0,2,4,,2,45,VALLEY BLVD. (13000 BLOCK),PUENTE AVE,350,E,N,A,-,N,,,,,,,,,,N,3,0,1,2,A,-,11,21950,B,N,G,B,D,A,D,H,A,D,0,Y,,,,Y,,N,60,0,1,0,0,1,0,0,0,0,-,-,LOS ANGELES,UNINCORPORATED,-117.9877157,34.04379444
90177814,2016,5/12/2016,9535,4/27/2016,2135,17308,,3,2,9,1900,0,1,3,,2,66,SR-164 (ROSEMEAD BOULEVARD) N/B,RUSH STREET,1584,S,N,A,-,Y,,,164,,,,,,N,N,1,1,1,2,A,-,8,22107,,N,H,G,A,A,H,-,D,D,0,,Y,,,Y,,L,4,0,1,0,0,0,1,0,0,0,-,-,LOS ANGELES,UNINCORPORATED,-118.0642124,34.04816999
90177205,2016,5/11/2016,9525,4/26/2016,2025,19495,,2,2,9,1900,0,3,5,,2,2,NEWBURGH ST. (18100 BLOCK),ROCKVALE AVE,0,,Y,A,-,Y,,,,,,,,,,N,3,0,1,2,A,-,12,22450,A,N,D,G,A,A,H,-,C,D,0,,Y,,,Y,,L,4,0,1,0,0,0,0,1,0,0,-,-,LOS ANGELES,UNINCORPORATED,-117.8963101,34.11012003
90176895,2016,5/11/2016,9525,4/14/2016,1027,16677,,4,1,9,1900,0,2,4,,2,23,LARK ELLEN AVENUE,ARROW HIGHWAY,10,S,N,A,-,N,,,,,,,,,,N,3,0,1,2,A,-,5,21650,,F,H,G,A,A,H,-,A,A,0,,Y,,,Y,,L,4,0,1,0,0,0,0,1,0,0,-,-,LOS ANGELES,UNINCORPORATED,-117.9169373,34.10688637
90176843,2016,5/11/2016,9590,2/8/2016,730,21132,,1,1,7,1942,1,4,S,,2,901,"CESAR CHAVEZ AVENUE, 2800 BLOCK",FOREST AVENUE,0,,Y,A,-,Y,,,,,,,,,,N,3,0,1,2,A,-,10,21950,A,N,G,B,B,A,H,-,A,A,0,Y,,,,Y,,H,17,0,1,0,0,1,0,0,0,0,-,-,LOS ANGELES,LOS ANGELES,,
90176264,2016,5/10/2016,9535,4/5/2016,733,21052,,2,1,9,1900,0,3,5,,2,1,MICHIGAN AVENUE,BONNIE BEACH PLACE,0,,Y,A,-,N,,,,,,,,,,N,2,0,1,2,A,-,10,21950,A,N,G,B,B,A,H,-,A,A,0,Y,,,,Y,,D,22,1,0,0,0,1,0,0,0,0,-,-,LOS ANGELES,UNINCORPORATED,-118.1806901,34.03815007
90175989,2016,5/10/2016,9530,4/29/2016,800,20315,,5,1,7,1941,0,1,1,,2,71,I-710 N/B (LONG BEACH FREEWAY),ATLANTIC AVE.,109,S,N,A,-,Y,,,,,,,,,,Y,1,1,0,4,A,-,11,21954,A,N,G,B,E,A,H,-,A,D,0,Y,,,,Y,,N,60,0,0,0,1,0,0,0,0,0,-,-,LOS ANGELES,LONG BEACH,-118.190707,33.8844075
90175111,2016,5/9/2016,9530,4/30/2016,547,20624,,6,3,5,1943,0,1,1,,2,210,I-105 W/B FROM LONG BEACH BLVD.,LONG BEACH BLVD.,10,E,N,A,-,Y,,,105,,,,R,,W,N,4,0,1,2,A,-,11,21950,B,N,G,B,B,A,H,-,B,D,0,Y,,,,Y,,N,60,0,0,1,0,1,0,0,0,0,-,-,LOS ANGELES,LYNWOOD,-118.20986,33.92541
90175048,2016,5/9/2016,9565,4/28/2016,1450,19349,,4,2,9,1900,0,3,5,,2,2,120TH ST,RAYMOND AVE,100,E,N,A,-,N,,,,,,,,,,N,4,0,1,2,A,-,8,22107,,N,B,G,A,A,H,-,A,D,0,,Y,,,Y,,D,22,0,0,1,0,0,0,1,0,0,-,-,LOS ANGELES,UNINCORPORATED,-118.298291,33.92397
90175015,2016,5/9/2016,9565,4/27/2016,1140,19349,,3,1,9,1900,0,3,5,,2,4,OSAGE AVE,111TH ST,0,,Y,A,-,N,,,,,,,,,,N,3,0,1,2,A,-,12,22450,A,F,B,G,A,A,H,-,A,D,0,,Y,,,Y,,L,4,0,1,0,0,0,0,1,0,0,-,-,LOS ANGELES,UNINCORPORATED,-118.3461301,33.93457007
90174002,2016,5/5/2016,9550,3/31/2016,2307,19293,,4,3,9,1900,0,1,1,,2,650,INTERSTATE - 605 NORTHBOUND,PECK ROAD,603,S,N,A,-,Y,,,605,,,,,,N,Y,1,1,1,2,A,-,11,21954,A,N,G,B,E,A,H,-,C,D,0,Y,,,,Y,,N,60,0,1,0,1,0,0,0,0,0,-,-,LOS ANGELES,UNINCORPORATED,-118.0393443,34.02619272
90173877,2016,5/5/2016,9530,3/20/2016,1412,21004,,7,2,9,1900,0,3,5,,2,2,COMPTON AVE (12000 BLOCK),124TH ST.,158,N,N,A,-,N,,,,,,,,,,Y,3,0,1,2,A,-,11,21954,A,N,A,B,D,A,H,-,A,D,0,Y,,,,Y,,N,60,0,1,0,0,1,0,0,0,0,-,-,LOS ANGELES,UNINCORPORATED,-118.2462459,33.92023296
90173294,2016,5/5/2016,9535,5/3/2016,2045,20794,,2,2,9,1900,0,3,5,,2,2,MONTEBELLO PARK WAY,LEONARD AVE,0,,Y,A,-,N,,,,,,,,,,N,4,0,1,2,A,-,10,21950,A,N,G,B,D,A,H,-,C,D,0,Y,,,,Y,,D,22,0,0,1,0,1,0,0,0,0,-,-,LOS ANGELES,UNINCORPORATED,,
90172949,2016,5/4/2016,9535,2/14/2016,410,19839,,7,3,6,1922,0,1,1,,2,401,I-10 WESTBOUND (SAN BERNARDINO FREEWAY),RIO HONDO RIVER,385,E,N,A,-,Y,,,10,,,,,,W,N,1,1,0,2,A,-,0,21960,A,N,G,B,E,A,H,-,C,D,0,Y,,,,Y,,N,60,0,0,0,1,0,0,0,0,0,-,-,LOS ANGELES,EL MONTE,-118.0481898,34.07078396
90172880,2016,5/4/2016,9530,3/24/2016,32,20293,,4,3,9,1900,0,3,5,,2,1,FLORENCE AVE. (1100 BLOCK),CENTRAL AVE.,94.6,E,N,A,-,N,,,,,,,,,,Y,1,1,0,2,A,-,11,21954,A,N,G,B,E,A,H,-,C,D,0,Y,,,,Y,,N,60,0,0,0,1,0,0,0,0,0,-,-,LOS ANGELES,UNINCORPORATED,-118.2561486,33.97476
90171616,2016,5/3/2016,9550,4/25/2016,1854,21123,,1,2,9,1900,0,3,5,,2,1,MINES BLVD W/B,NORWALK BOULEVARD,0,,Y,A,-,N,,,,,,,,,,N,4,0,1,2,A,-,9,21804,A,N,D,G,A,A,H,-,A,D,0,,Y,,,Y,,L,4,0,0,1,0,0,0,1,0,0,-,-,LOS ANGELES,UNINCORPORATED,-118.07136,33.98251005
90171468,2016,5/3/2016,9530,5/2/2016,1530,15615,,1,2,9,1900,0,3,5,,2,1,GRAHAM AVE. (1700 BLOCK),NADEAU ST.,800,N,N,A,-,N,,,,,,,,,,N,3,0,1,2,A,-,11,21954,A,N,G,B,D,A,H,-,A,D,0,Y,,,,Y,,N,60,0,1,0,0,1,0,0,0,0,-,-,LOS ANGELES,UNINCORPORATED,-118.243055,33.96961385
90171380,2016,5/3/2016,9545,4/25/2016,2010,16124,,1,2,9,1900,0,3,5,,2,1,AVENUE L,42ND ST WEST,42,E,N,A,-,N,,,,,,,,,,N,4,0,1,2,A,-,10,21950,A,N,G,B,D,A,H,-,C,D,0,Y,,,,Y,,A,1,0,0,1,0,1,0,0,0,0,-,-,LOS ANGELES,UNINCORPORATED,-118.2055979,34.6601533
90171337,2016,5/3/2016,9530,4/5/2016,1100,14451,,2,1,7,1942,0,3,5,,2,1,COMPTON AVE (6300 BLOCK),64TH ST.,45,N,N,A,-,N,,,,,,,,,,N,4,0,1,2,A,-,11,21954,A,F,B,B,E,A,H,-,A,D,0,Y,,,,Y,,N,60,0,0,1,0,1,0,0,0,0,-,-,LOS ANGELES,LOS ANGELES,-118.2477255,33.98173333
90171112,2016,5/3/2016,9575,4/28/2016,1630,20729,,4,2,9,1900,0,3,5,,2,1,WALTONIA DRIVE,MONTROSE AVE,5,E,N,A,-,N,,,,,,,,,,N,4,0,2,3,A,-,9,21453,B,N,G,B,B,A,H,-,A,A,0,Y,,,,Y,,A,1,0,0,2,0,2,0,0,0,0,-,-,LOS ANGELES,UNINCORPORATED,-118.2246943,34.20648424
90171106,2016,5/3/2016,9530,4/28/2016,1235,14451,,4,1,9,1900,0,3,5,,2,1,SLAUSON AVE (1100 BLOCK),CENTRAL AVE.,65,E,N,A,-,N,,,,,,,,,,N,4,0,1,2,A,-,9,21804,A,F,D,G,A,A,H,-,A,D,0,,Y,,,Y,,-,99,0,0,1,0,0,0,1,0,0,-,-,LOS ANGELES,UNINCORPORATED,-118.256246,33.98934
90171008,2016,5/2/2016,9565,4/22/2016,1530,21151,,5,2,9,1900,0,3,5,,2,2,92ND ST.,VERMONT AVE.,0,,Y,A,-,N,,,,,,,,,,N,3,0,1,2,A,-,10,21950,A,N,G,B,B,A,H,-,A,A,0,Y,,,,Y,,A,1,0,1,0,0,1,0,0,0,0,-,-,LOS ANGELES,UNINCORPORATED,-118.29189,33.95338002
90171001,2016,5/2/2016,9530,4/24/2016,2105,21030,,7,2,9,1900,0,3,5,,2,1,PARMELEE AVE.,76TH PL.,0,,Y,A,-,N,,,,,,,,,,N,4,0,1,2,A,-,9,21802,A,F,D,G,A,A,H,-,C,A,0,,Y,,,Y,,L,4,0,0,1,0,0,0,1,0,0,-,-,LOS ANGELES,UNINCORPORATED,-118.24994,33.97076007
90170560,2016,5/2/2016,9525,3/16/2016,2056,20611,,3,2,4,1960,0,1,1,,2,207,SR-210 W/B (FOOTHILL FREEWAY),LONE HILL AVE,1500,W,N,A,-,Y,,,,,,,,,,Y,4,0,2,3,A,-,3,22350,,N,C,C,E,A,H,-,C,D,0,Y,,,,Y,,A,1,0,0,2,0,1,0,0,0,0,-,-,LOS ANGELES,SAN DIMAS,-117.83276,34.12117
90170284,2016,5/2/2016,9530,5/1/2016,55,21094,,7,3,9,1900,0,3,5,,2,2,CENTRAL AVENUE (12000 BLOCK),121ST ST.,200,S,N,A,-,N,,,,,,,,,,Y,2,0,2,2,A,-,11,21954,A,F,G,B,D,A,H,-,C,D,0,Y,,,,Y,,N,60,1,1,0,0,1,0,0,0,0,-,-,LOS ANGELES,UNINCORPORATED,-118.2545977,33.92217154
90170124,2016,5/2/2016,9530,4/23/2016,1857,21016,,6,2,9,1900,0,3,5,,2,1,COMPTON AVE.,61ST ST,0,,Y,A,-,N,,,,,,,,,,N,3,0,2,2,A,-,8,22100,B,N,D,G,A,A,H,-,A,A,0,,Y,,,Y,,L,4,0,2,0,0,0,0,2,0,0,-,-,LOS ANGELES,UNINCORPORATED,-118.2477301,33.98433012