CASE_ID,ACCIDENT_YEAR,PROC_DATE,JURIS,COLLISION_DATE,COLLISION_TIME,OFFICER_ID,REPORTING_DISTRICT,DAY_OF_WEEK,CHP_SHIFT,POPULATION,CNTY_CITY_LOC,SPECIAL_COND,BEAT_TYPE,CHP_BEAT_TYPE,CITY_DIVISION_LAPD,CHP_BEAT_CLASS,BEAT_NUMBER,PRIMARY_RD,SECONDARY_RD,DISTANCE,DIRECTION,INTERSECTION,WEATHER_1,WEATHER_2,STATE_HWY_IND,CALTRANS_COUNTY,CALTRANS_DISTRICT,STATE_ROUTE,ROUTE_SUFFIX,POSTMILE_PREFIX,POSTMILE,LOCATION_TYPE,RAMP_INTERSECTION,SIDE_OF_HWY,TOW_AWAY,COLLISION_SEVERITY,NUMBER_KILLED,NUMBER_INJURED,PARTY_COUNT,PRIMARY_COLL_FACTOR,PCF_CODE_OF_VIOL,PCF_VIOL_CATEGORY,PCF_VIOLATION,PCF_VIOL_SUBSECTION,HIT_AND_RUN,TYPE_OF_COLLISION,MVIW,PED_ACTION,ROAD_SURFACE,ROAD_COND_1,ROAD_COND_2,LIGHTING,CONTROL_DEVICE,CHP_ROAD_TYPE,PEDESTRIAN_ACCIDENT,BICYCLE_ACCIDENT,MOTORCYCLE_ACCIDENT,TRUCK_ACCIDENT,NOT_PRIVATE_PROPERTY,ALCOHOL_INVOLVED,STWD_VEHTYPE_AT_FAULT,CHP_VEHTYPE_AT_FAULT,COUNT_SEVERE_INJ,COUNT_VISIBLE_INJ,COUNT_COMPLAINT_PAIN,COUNT_PED_KILLED,COUNT_PED_INJURED,COUNT_BICYCLIST_KILLED,COUNT_BICYCLIST_INJURED,COUNT_MC_KILLED,COUNT_MC_INJURED,PRIMARY_RAMP,SECONDARY_RAMP,COUNTY,CITY,LONGITUDE,LATITUDE
90131553,2016,3/8/2016,9525,2/24/2016,810,12772,,3,1,9,1900,0,3,5,,2,3,GEMINI ST.,WINTON AVE,0,,Y,A,-,N,,,,,,,,,,N,3,0,1,2,A,-,9,21802,A,N,D,G,A,A,H,-,A,A,0,,Y,,,Y,,L,4,0,1,0,0,0,0,1,0,0,-,-,LOS ANGELES,UNINCORPORATED,-117.91604,34.0174901
90131134,2016,3/8/2016,9535,3/6/2016,1925,20794,,7,2,9,1900,0,2,4,,2,11,EASTERN AVENUE (500 BLOCK),FISHER STREET,95,S,N,B,-,N,,,,,,,,,,Y,3,0,2,3,A,-,1,23152,A,N,G,B,E,A,H,-,C,D,0,Y,,,,Y,Y,A,7,0,1,1,0,2,0,0,0,0,-,-,LOS ANGELES,UNINCORPORATED,-118.17364,34.04301949
90130480,2016,3/7/2016,9545,2/14/2016,2215,20960,,7,3,6,1992,0,1,3,,2,11,NB SR14 (ANTELOPE VALLEY FREEWAY),AVENUE J,482,S,N,A,-,Y,,,,,,,,,,Y,2,0,2,5,A,-,3,22350,,N,D,E,E,A,H,-,D,D,0,Y,,,,Y,,A,1,1,1,0,0,1,0,0,0,0,-,-,LOS ANGELES,LANCASTER,,
90129473,2016,3/29/2016,9580,2/20/2016,540,19511,,6,3,7,1942,0,1,2,,2,100,US-101 N/B (HOLLYWOOD FWY),CAMPO DE CAHUENGA,100,N,N,A,-,Y,,,101,,,,,,N,Y,4,0,1,3,A,-,8,22107,,N,B,B,E,A,H,-,B,D,0,Y,,,,Y,,A,1,0,0,1,0,1,0,0,0,0,-,-,LOS ANGELES,LOS ANGELES,-118.3662799,34.14114469
90128632,2016,3/3/2016,9565,2/25/2016,2120,20752,,4,2,9,1900,0,3,5,,2,4,INGLEWOOD AVE,111TH ST,10,S,N,A,-,N,,,,,,,,,,N,2,0,1,2,A,-,9,21800,D,N,G,B,B,A,H,-,D,D,0,Y,,,,Y,,A,1,1,0,0,0,1,0,0,0,0,-,-,LOS ANGELES,UNINCORPORATED,-118.36133,33.93448257
90128079,2016,3/2/2016,9565,2/21/2016,1520,21151,,7,2,9,1900,0,3,5,,2,4,FREEMAN AVE,107TH ST,10,S,N,A,-,N,,,,,,,,,,N,3,0,1,2,A,-,11,21950,B,N,G,B,D,A,H,-,A,D,0,Y,,,,Y,,N,60,0,1,0,0,1,0,0,0,0,-,-,LOS ANGELES,UNINCORPORATED,-118.34828,33.93912257
90127696,2016,3/2/2016,9525,2/17/2016,1800,17408,,3,2,9,1900,0,3,5,,2,2,COVINA BLVD,HOLLENBECK ST.,0,,Y,C,-,Y,,,,,,,,,,N,2,0,1,2,A,-,17,21200,,N,D,C,A,B,H,-,C,A,0,,Y,,,Y,Y,L,4,1,0,0,0,0,0,1,0,0,-,-,LOS ANGELES,UNINCORPORATED,-117.8989801,34.09940005
90127634,2016,3/2/2016,9550,2/16/2016,1850,20221,,2,2,9,1900,0,3,5,,2,5,BATSON AVENUE,CAMINO BELLO,593,S,N,A,-,N,,,,,,,,,,Y,1,1,0,2,A,-,1,23152,E,F,G,B,D,A,H,-,C,D,0,Y,,,,Y,,A,1,0,0,0,1,0,0,0,0,0,-,-,LOS ANGELES,UNINCORPORATED,-117.9039311,33.98565438
90127135,2016,3/1/2016,9545,2/24/2016,1159,14790,,3,1,9,1900,0,3,5,,2,4,170TH ST. EAST,AVENUE O,22,S,N,A,-,N,,,,,,,,,,N,3,0,2,3,A,-,10,21950,A,N,G,B,B,A,H,-,A,A,0,Y,,,,Y,,A,7,0,2,0,0,2,0,0,0,0,-,-,LOS ANGELES,UNINCORPORATED,-117.8269,34.6164797
90126939,2016,3/1/2016,9565,2/21/2016,1940,21021,,7,2,9,1900,0,3,5,,2,6,WILSHIRE BLVD E/B,BONSALL AVE,400,W,N,A,-,N,,,,,,,,,,N,3,0,1,2,A,-,11,21955,,N,G,B,D,A,H,-,C,D,0,Y,,,,Y,,N,60,0,1,0,0,1,0,0,0,0,-,-,LOS ANGELES,UNINCORPORATED,,
90126292,2016,3/1/2016,9590,1/9/2016,1943,20672,,6,2,7,1942,0,1,1,,2,85,I-5 S/B (GOLDEN STATE FREEWAY),GRIFFITH PARK PED O/C,150,N,N,A,-,Y,,,5,,,,,,S,N,2,0,1,2,A,-,11,21954,A,N,G,B,E,A,H,-,C,D,0,Y,,,,Y,,N,60,1,0,0,0,1,0,0,0,0,-,-,LOS ANGELES,LOS ANGELES,-118.2691923,34.1165143
90126209,2016,3/1/2016,9575,2/7/2016,1100,21144,,7,1,9,1900,0,1,3,,2,300,SR-2 (ANGELES CREST HIGHWAY),MT. WILSON RED BOX RD,0,,N,A,-,Y,,,2,,,,,,,N,3,0,1,2,A,-,3,22350,,F,C,G,A,A,H,-,A,D,0,,Y,,,Y,,A,1,0,1,0,0,0,0,1,0,0,-,-,LOS ANGELES,UNINCORPORATED,-118.065183,34.26846662
90126121,2016,3/1/2016,9545,2/8/2016,2010,20244,,1,2,9,1900,0,3,5,,2,4,AVENUE O,162ND ST  E,826,E,N,A,-,N,,,,,,,,,,N,3,0,1,2,A,-,11,21954,A,F,G,B,E,A,H,-,D,D,0,Y,,,,Y,,N,60,0,1,0,0,1,0,0,0,0,-,-,LOS ANGELES,UNINCORPORATED,-117.8375813,34.61648447
90126084,2016,2/29/2016,9565,2/11/2016,1725,21200,,4,2,9,1900,0,3,5,,2,5,VIA MARINA,PANAY WAY,25,S,N,A,-,N,,,,,,,,,,N,3,0,1,2,A,-,11,21954,A,N,G,B,C,A,H,-,B,D,0,Y,,,,Y,,N,60,0,1,0,0,1,0,0,0,0,-,-,LOS ANGELES,UNINCORPORATED,-118.45918,33.97896142
90125705,2016,2/29/2016,9550,2/22/2016,830,21087,,1,1,9,1900,0,2,4,,1,22,TELEGRAPH RD E/B,ARMSDALE AVE.,0,,Y,A,-,N,,,,,,,,,,N,4,0,1,2,A,-,8,22107,,F,G,B,D,A,H,-,A,D,0,Y,,,,Y,,-,99,0,0,1,0,1,0,0,0,0,-,-,LOS ANGELES,UNINCORPORATED,-118.0206601,33.92256007
90125036,2016,2/29/2016,9590,1/15/2016,2030,20697,,5,2,7,1942,0,1,3,,2,94,SR-2 E/B (GLF) FROM SAN FERNANDO ROAD,SAN FERNANDO ROAD,4,E,N,A,-,Y,,,2,,,,R,,E,N,3,0,1,2,A,-,10,21950,A,N,G,B,B,A,H,-,C,D,0,Y,,,,Y,Y,A,1,0,1,0,0,1,0,0,0,0,-,-,LOS ANGELES,LOS ANGELES,-118.24351,34.11268
90124590,2016,2/26/2016,9575,2/9/2016,1600,16536,,2,2,9,1900,0,2,4,,2,23,FAIR OAKS AVE.,MARIPOSA ST,0,,Y,A,-,N,,,,,,,,,,N,4,0,1,2,A,-,11,21954,A,N,D,B,D,A,H,-,A,A,0,Y,,,,Y,,N,60,0,0,1,0,1,0,0,0,0,-,-,LOS ANGELES,UNINCORPORATED,-118.14855,34.19202009
90124529,2016,2/26/2016,9575,2/9/2016,1937,20529,,2,2,9,1900,0,3,5,,2,2,WINDSOR AVE. (2100 BLOCK),WEIMAR ST.,92,S,N,A,-,N,,,,,,,,,,N,4,0,1,2,A,-,9,21801,A,N,D,G,A,A,H,-,C,D,0,,Y,,,Y,,A,1,0,0,1,0,0,0,1,0,0,-,-,LOS ANGELES,UNINCORPORATED,-118.1687718,34.182273
90124361,2016,2/26/2016,9530,1/9/2016,1755,20930,,6,2,9,1900,0,3,5,,2,2,WILMINGTON AVE (12300 BLOCK),123RD ST.,142,S,N,A,-,N,,,,,,,,,,N,2,0,1,2,A,-,11,21954,A,N,G,B,D,A,H,-,C,D,0,Y,,,,Y,,N,60,1,0,0,0,1,0,0,0,0,-,-,LOS ANGELES,UNINCORPORATED,-118.23933,33.92085
90124263,2016,3/9/2016,9565,2/24/2016,1020,16545,,3,1,9,1900,0,3,5,,2,3,SLAUSON AVE,LA TIJERA BLVD,0,,Y,A,-,N,,,,,,,,,,N,4,0,1,2,A,-,9,21453,,N,D,C,A,A,H,-,A,A,0,,Y,,,Y,,A,1,0,0,1,0,0,0,1,0,0,-,-,LOS ANGELES,UNINCORPORATED,-118.36473,33.98741007
90123262,2016,2/24/2016,9565,2/22/2016,1710,16545,,1,2,9,1900,0,3,5,,2,5,ADMIRALTY WAY,VIA MARINA,400,S,N,A,-,N,,,,,,,,,,N,4,0,1,2,A,-,3,22350,,F,C,G,A,A,H,-,A,D,0,,Y,,,Y,,-,99,0,0,1,0,0,0,1,0,0,-,-,LOS ANGELES,UNINCORPORATED,-118.46004,33.98139
90123065,2016,2/24/2016,9550,2/14/2016,2300,19954,,7,3,9,1900,0,3,5,,2,3,GALE AVENUE,RIDERWOOD AVENUE,50,E,N,A,-,N,,,,,,,,,,N,2,0,1,2,A,-,11,21954,A,F,G,B,D,A,H,-,C,D,0,Y,,,,Y,,N,60,1,0,0,0,1,0,0,0,0,-,-,LOS ANGELES,UNINCORPORATED,-117.9821916,34.01757064
90122580,2016,2/24/2016,9580,2/6/2016,745,19451,,6,1,9,1900,0,1,3,,1,120,SR-1 N/B (PACIFIC COAST HWY.),COASTLINE DR,500,N,N,A,-,Y,,,1,,,,,,N,N,3,0,1,1,A,-,3,22350,,N,F,A,A,A,H,-,A,D,0,,Y,,,Y,,L,4,0,1,0,0,0,0,1,0,0,-,-,LOS ANGELES,UNINCORPORATED,-118.5690835,34.0420526
90122396,2016,2/24/2016,9525,1/29/2016,910,18364,,5,1,9,1900,0,3,5,,2,2,GLADSTONE STREET,BARRANCA AVENUE,0,,Y,A,-,N,,,,,,,,,,N,2,0,1,2,A,-,12,21453,A,N,D,G,A,A,H,-,A,A,0,,Y,,,Y,,L,4,1,0,0,0,0,0,1,0,0,-,-,LOS ANGELES,UNINCORPORATED,-117.88146,34.11407005
90121695,2016,2/23/2016,9550,2/15/2016,1425,20948,,1,2,9,1900,0,2,4,,1,52,COLIMA ROAD,NOGALES STREET,800,E,N,A,-,N,,,,,,,,,,N,3,0,1,2,A,-,5,21650,,N,H,G,A,A,H,-,A,D,0,,Y,,,Y,Y,L,4,0,1,0,0,0,0,1,0,0,-,-,LOS ANGELES,UNINCORPORATED,-117.8866861,33.98735426
90121198,2016,2/22/2016,9575,2/12/2016,2035,20729,,5,2,9,1900,0,3,5,,2,1,ORANGEDALE AVENUE,FLORENCITA DRIVE,0,,Y,A,-,N,,,,,,,,,,N,3,0,2,3,A,-,10,21950,A,N,G,B,D,A,H,-,C,A,0,Y,,,,Y,,A,1,0,2,0,0,2,0,0,0,0,-,-,LOS ANGELES,UNINCORPORATED,-118.2315801,34.20806011
90121155,2016,2/22/2016,9530,2/17/2016,1957,20293,,3,2,9,1900,0,3,5,,2,1,FLORENCE AVE. (1100 BLOCK),CENTRAL AVE.,12,E,N,C,-,N,,,,,,,,,,Y,3,0,1,2,A,-,1,23152,A,F,G,B,B,B,H,-,C,A,0,Y,,,,Y,Y,D,22,0,1,0,0,1,0,0,0,0,-,-,LOS ANGELES,UNINCORPORATED,-118.2564205,33.97476
90120295,2016,2/22/2016,9550,2/8/2016,828,21102,,1,1,9,1900,0,2,4,,1,22,TELEGRAPH ROAD,CHADSEY DRIVE,0,,Y,A,-,N,,,,,,,,,,N,3,0,1,2,A,-,5,21650,,N,D,G,A,A,H,-,A,D,0,,Y,,,Y,,L,4,0,1,0,0,0,0,1,0,0,-,-,LOS ANGELES,UNINCORPORATED,-118.0270601,33.92673007
90120179,2016,2/22/2016,9530,1/22/2016,908,21004,,5,1,4,1939,0,1,1,,2,400,I-405 N/B TO HAWTHORNE BLVD.,HAWTHORNE BLVD.,4,S,N,A,-,Y,,,405,,,,R,,N,N,3,0,1,2,A,-,5,21650,,N,D,G,A,A,H,-,A,A,0,,Y,,,Y,,L,4,0,1,0,0,0,0,1,0,0,-,-,LOS ANGELES,LAWNDALE,-118.35234,33.88506
90120107,2016,2/22/2016,9530,1/25/2016,1552,21062,,1,2,9,1900,0,3,5,,2,1,HOOPER AVE. (6900 BLOCK),70TH ST.,6,N,N,A,-,N,,,,,,,,,,N,4,0,1,2,A,-,10,21950,A,N,G,B,B,A,H,-,A,A,0,Y,,,,Y,,A,1,0,0,1,0,1,0,0,0,0,-,-,LOS ANGELES,UNINCORPORATED,-118.25207,33.97670645
90120104,2016,2/22/2016,9530,1/23/2016,1756,21007,,6,2,9,1900,0,3,5,,2,1,HILL ST. (3100 BLOCK),STATE ST.,400,W,N,B,-,N,,,,,,,,,,N,3,0,1,2,A,-,8,22107,,F,G,B,E,A,H,-,C,D,0,Y,,,,Y,,-,99,0,1,0,0,1,0,0,0,0,-,-,LOS ANGELES,UNINCORPORATED,-118.211847,33.966102
90120081,2016,2/22/2016,9565,2/15/2016,1515,19460,,1,2,9,1900,0,1,1,,2,63,I-405 S/B FROM WILSHIRE BLVD W/B,WILSHIRE BLVD.,18,N,N,A,-,Y,,,405,,,,R,,S,N,3,0,1,2,A,-,9,21804,A,N,B,G,A,A,H,-,A,D,0,,Y,,,Y,,L,4,0,1,0,0,0,0,1,0,0,-,-,LOS ANGELES,UNINCORPORATED,-118.453,34.0554
90119078,2016,2/18/2016,9580,2/6/2016,1608,20153,,6,2,9,1900,0,2,4,,1,128,KANAN RD,SILVER CREEK RD,0,,Y,A,-,Y,,,,,,,,,,N,4,0,1,2,A,-,9,21801,A,N,D,G,A,A,H,-,A,D,0,,Y,,,Y,,A,1,0,0,1,0,0,0,1,0,0,-,-,LOS ANGELES,UNINCORPORATED,-118.7576501,34.13208004
90118995,2016,2/18/2016,9580,1/13/2016,1600,16003,,3,2,9,1900,0,2,4,,1,130,MULHOLLAND HWY,DRY CANYON COLD CREEK RD,100,W,N,A,-,N,,,,,,,,,,N,3,0,1,2,A,-,6,21750,,N,B,G,A,A,H,-,A,D,0,,Y,,,Y,,D,22,0,1,0,0,0,0,1,0,0,-,-,LOS ANGELES,UNINCORPORATED,-118.6611095,34.10610405
90117008,2016,2/17/2016,9525,2/7/2016,950,21138,,7,1,9,1900,0,3,5,,2,5,GLENDORA MOUNTAIN RD.,GLENDORA RIDGE MOUNTAIN WAY,4224,S,N,A,-,N,,,,,,,,,,N,2,0,1,2,A,-,0,21967,,N,G,B,E,A,H,-,A,D,0,Y,,Y,,Y,,N,60,1,0,0,0,1,0,0,0,0,-,-,LOS ANGELES,UNINCORPORATED,,
90116814,2016,2/17/2016,9565,2/5/2016,1644,19556,,5,2,9,1900,0,3,5,,2,2,93RD ST,BUDLONG AVE,0,,Y,A,-,N,,,,,,,,,,N,3,0,1,2,A,-,9,21804,A,F,A,G,A,A,H,-,A,D,0,,Y,,,Y,,A,1,0,1,0,0,0,0,1,0,0,-,-,LOS ANGELES,UNINCORPORATED,-118.2959201,33.95214008
90116764,2016,2/17/2016,9550,2/7/2016,1830,20948,,7,2,9,1900,0,3,5,,2,5,SUMMER LAWN WAY,PEPPER BROOK WAY,15,N,N,A,-,N,,,,,,,,,,N,3,0,1,2,A,-,10,21950,A,N,G,B,B,A,H,-,D,D,0,Y,,,,Y,,A,1,0,1,0,0,1,0,0,0,0,-,-,LOS ANGELES,UNINCORPORATED,-117.9388427,33.99302106
90116396,2016,2/16/2016,9550,2/2/2016,1715,21121,,2,2,9,1900,0,3,5,,2,3,KWIS AVE. N/B,NEWTON ST,460,N,N,A,-,N,,,,,,,,,,N,3,0,1,2,A,-,11,21954,A,N,G,B,D,A,H,-,B,D,0,Y,,,,Y,,N,60,0,1,0,0,1,0,0,0,0,-,-,LOS ANGELES,UNINCORPORATED,-117.9740311,33.99917662
90116381,2016,2/16/2016,9550,2/8/2016,1750,20948,,1,2,9,1900,0,3,5,,2,5,BACHELIN STREET,PASO REAL AVENUE,180,E,N,A,-,N,,,,,,,,,,N,4,0,1,3,A,-,21,22106,,N,G,B,F,A,H,-,C,D,0,Y,,,,Y,,A,7,0,0,1,0,1,0,0,0,0,-,-,LOS ANGELES,UNINCORPORATED,-117.888819,33.97584578
90115646,2016,2/16/2016,9535,1/26/2016,800,17302,,2,1,9,1900,0,3,5,,2,2,VERONA ST,MCBRIDE AVE,0,,Y,A,-,N,,,,,,,,,,N,4,0,1,2,A,-,11,21954,A,N,G,B,D,A,H,-,A,A,0,Y,,,,Y,,N,60,0,0,1,0,1,0,0,0,0,-,-,LOS ANGELES,UNINCORPORATED,-118.1695701,34.02110003
90114910,2016,4/27/2016,9530,1/17/2016,1611,21089,,7,2,9,1900,0,3,5,,2,2,124TH ST. (2600 BLOCK),ALAMEDA ST.,377,W,N,A,-,N,,,,,,,,,,N,3,0,1,2,A,-,17,22517,,N,H,G,A,A,H,-,A,D,0,,Y,,,Y,,D,22,0,1,0,0,0,0,1,0,0,-,-,LOS ANGELES,UNINCORPORATED,-118.2253801,33.91976941
90114298,2016,2/12/2016,9550,2/7/2016,1415,21110,,7,2,9,1900,0,3,5,,2,3,TURNBULL CANYON ROAD,GALE AVENUE,20,S,N,A,-,N,,,,,,,,,,N,4,0,1,2,A,-,11,21954,A,N,G,B,D,A,H,-,A,A,0,Y,,,,Y,,N,60,0,0,1,0,1,0,0,0,0,-,-,LOS ANGELES,UNINCORPORATED,-117.9758293,34.01489088
90114097,2016,2/12/2016,9530,1/27/2016,1345,21062,,3,1,9,1900,0,3,5,,2,2,AVALON BLVD. (1300 BLOCK),E. 130TH ST.,192,S,N,A,-,N,,,,,,,,,,N,2,0,2,3,A,-,11,21954,A,N,G,B,D,A,H,-,A,D,0,Y,,,,Y,,N,60,1,0,1,0,2,0,0,0,0,-,-,LOS ANGELES,UNINCORPORATED,-118.2652758,33.91407346
90113405,2016,2/11/2016,9535,1/30/2016,1435,20943,,6,2,9,1900,0,3,5,,2,2,RECORD AVE. (1000 S. BLOCK),DENNISON ST.,208,N,N,B,-,N,,,,,,,,,,N,3,0,1,2,A,-,11,21954,A,N,G,B,D,A,H,-,A,D,0,Y,,,,Y,,N,60,0,1,0,0,1,0,0,0,0,-,-,LOS ANGELES,UNINCORPORATED,-118.1826527,34.0212586
90112983,2016,2/10/2016,9530,1/11/2016,1930,20307,,1,2,9,1900,0,3,5,,2,5,MARINE AVE (3100 BLOCK),CHADRON AVE.,3,E,N,A,-,N,,,,,,,,,,N,2,0,1,2,A,-,10,21950,A,N,G,B,B,A,H,-,C,D,0,Y,,,,Y,,A,1,1,0,0,0,1,0,0,0,0,-,-,LOS ANGELES,UNINCORPORATED,-118.3286901,33.89467
90112974,2016,2/10/2016,9575,1/18/2016,1620,17852,,1,2,9,1900,0,1,3,,2,81,ROSEMEAD BLVD. SB (6800 BLOCK),DUARTE RD.,400,S,N,A,-,N,,,,,,,,,,N,4,0,1,4,A,-,17,22517,,N,B,G,A,A,H,-,A,D,0,,Y,,,Y,,A,1,0,0,1,0,0,0,1,0,0,-,-,LOS ANGELES,UNINCORPORATED,-118.0729432,34.12189567
90112674,2016,2/10/2016,9525,1/5/2016,1352,18729,,2,1,9,1900,0,3,5,,2,3,GLENHOPE DR. (16000 BLOCK),HELMSDALE AVE.,13,W,N,B,-,N,,,,,,,,,,N,4,0,1,2,D,-,0,,,N,G,B,D,A,H,-,A,A,0,Y,,,,Y,,-,-,0,0,1,0,1,0,0,0,0,-,-,LOS ANGELES,UNINCORPORATED,-117.9297528,34.03140292
90111898,2016,2/9/2016,9525,1/12/2016,1140,13390,,2,1,9,1900,0,3,5,,2,4,AMAR RD.,SUNSET AVE,5,W,N,A,-,N,,,,,,,,,,N,4,0,2,2,A,-,9,21804,A,N,D,G,A,A,H,-,A,D,0,,Y,,,Y,,L,4,0,0,2,0,0,0,2,0,0,-,-,LOS ANGELES,UNINCORPORATED,-117.9631524,34.04534907
90111691,2016,2/9/2016,9575,2/2/2016,1005,15935,,2,1,9,1900,0,3,5,,2,2,HILL AVE.,NEW YORK DR.,0,,Y,A,-,N,,,,,,,,,,N,3,0,1,2,A,-,10,21950,A,N,G,B,B,A,H,-,A,A,0,Y,,,,Y,,D,22,0,1,0,0,1,0,0,0,0,-,-,LOS ANGELES,UNINCORPORATED,-118.1215101,34.17846011
90111357,2016,2/8/2016,9525,1/15/2016,1140,18364,,5,1,9,1900,0,3,5,,2,5,GLENDORA MOUNTAIN ROAD,BIG DALTON CANYON ROAD,33264,N,N,B,-,N,,,,,,,,,,N,3,0,1,1,A,-,3,22350,,N,F,A,A,A,H,-,A,D,0,,Y,,,Y,,L,4,0,1,0,0,0,0,1,0,0,-,-,LOS ANGELES,UNINCORPORATED,-117.8421235,34.19829197
90111062,2016,2/8/2016,9525,1/8/2016,1450,21080,,5,2,9,1900,0,3,5,,2,3,PASS AND COVINA RD. (11000 BLOCK),DOUBLEGROVE ST.,376,N,N,A,-,N,,,,,,,,,,N,3,0,1,2,A,-,5,21650,,N,D,G,A,A,H,-,A,D,0,,Y,,,Y,,L,4,0,1,0,0,0,0,1,0,0,-,-,LOS ANGELES,UNINCORPORATED,-117.92285,34.04905077
90110832,2016,2/8/2016,9550,1/28/2016,745,21129,,4,1,9,1900,0,3,5,,2,5,DESIRE AVENUE,HONORE STREET,250,N,N,A,-,N,,,,,,,,,,N,4,0,1,2,A,-,5,21650,,N,D,G,A,A,H,-,A,D,0,,Y,,,Y,,L,4,0,0,1,0,0,0,1,0,0,-,-,LOS ANGELES,UNINCORPORATED,,
90109817,2016,2/5/2016,9550,1/30/2016,2210,20983,,6,3,9,1900,0,3,5,,2,2,TELEGRAPH RD.,FLORENCE AVE.,0,,Y,B,-,N,,,,,,,,,,N,4,0,1,2,A,-,12,21453,A,F,G,B,B,A,H,-,C,A,0,Y,,,,Y,,-,99,0,0,1,0,1,0,0,0,0,-,-,LOS ANGELES,UNINCORPORATED,-118.0417701,33.93689002
90108904,2016,4/27/2016,9525,1/11/2016,801,14637,,1,1,9,1900,0,3,5,,2,2,GRAND AVE. (4900 BLK),CIENEGA AVE,580,S,N,A,-,N,,,,,,,,,,Y,2,0,1,3,A,-,3,22350,,N,G,B,E,A,H,-,A,D,0,Y,,,,Y,,A,7,1,0,0,0,1,0,0,0,0,-,-,LOS ANGELES,UNINCORPORATED,-117.87267,34.10147004
90108742,2016,2/3/2016,9535,1/12/2016,735,21169,,2,1,9,1900,0,3,5,,2,2,"6TH STREET, 5000 BLOCK",CLELA AVE,15,W,N,A,-,N,,,,,,,,,,N,3,0,1,2,A,-,10,21950,A,N,G,B,B,A,H,-,A,D,0,Y,,,,Y,,A,1,0,1,0,0,1,0,0,0,0,-,-,LOS ANGELES,UNINCORPORATED,-118.1589277,34.02552061
90106482,2016,2/1/2016,9525,1/12/2016,1730,18164,,2,2,9,1900,0,2,4,,2,22,ARROW HIGHWAY,CALERA AVENUE,0,,Y,A,-,N,,,,,,,,,,N,4,0,1,2,A,-,10,21950,A,N,G,B,B,A,H,-,D,D,0,Y,,,,Y,,A,1,0,0,1,0,1,0,0,0,0,-,-,LOS ANGELES,UNINCORPORATED,-117.8846,34.10656008
90106331,2016,2/1/2016,9545,1/25/2016,1130,19006,,1,1,9,1900,0,3,5,,2,4,SR-138,82ND ST  E,750,W,N,A,-,Y,,,138,,,,,,,N,3,0,1,2,A,-,8,22107,,N,D,G,A,A,H,-,A,D,0,,Y,,,Y,,A,1,0,1,0,0,0,0,1,0,0,-,-,LOS ANGELES,UNINCORPORATED,-117.9862701,34.52108321
90106225,2016,2/1/2016,9535,1/1/2016,1001,21117,,5,1,9,1900,0,2,4,,2,25,ATLANTIC BLVD,6TH AVE,0,,Y,A,-,N,,,,,,,,,,N,3,0,1,2,A,-,17,21451,A,N,H,G,A,A,H,-,A,A,0,,Y,,,Y,,D,22,0,1,0,0,0,0,1,0,0,-,-,LOS ANGELES,UNINCORPORATED,-118.1559301,34.02489008
90105286,2016,1/29/2016,9540,1/26/2016,1450,19444,,2,2,9,1900,0,2,4,,2,10,THE OLD ROAD,CONSTITUTION AVE,0,,Y,A,-,N,,,,,,,,,,N,3,0,1,2,A,-,17,21451,A,N,G,B,B,A,H,-,A,A,0,Y,,,,Y,,A,1,0,1,0,0,1,0,0,0,0,-,-,LOS ANGELES,UNINCORPORATED,-118.5717501,34.38430004
90104973,2016,1/28/2016,9550,1/25/2016,1345,16882,,1,1,9,1900,0,2,4,,1,21,PAINTER AVENUE,MULBERRY DRIVE,345,S,N,A,-,N,,,,,,,,,,N,3,0,1,2,A,-,5,21650,,N,D,G,A,A,H,-,A,D,0,,Y,,,Y,,L,4,0,1,0,0,0,0,1,0,0,-,-,LOS ANGELES,UNINCORPORATED,-118.0435558,33.95267969
90104946,2016,1/28/2016,9565,1/21/2016,1800,21118,,4,2,9,1900,0,2,4,,2,42,LENNOX BLVD,MANSEL AVE,0,,Y,A,-,Y,,,,,,,,,,N,4,0,1,2,A,-,8,22107,,N,H,G,A,A,H,-,C,D,0,,Y,,,Y,,D,22,0,0,1,0,0,0,1,0,0,-,-,LOS ANGELES,UNINCORPORATED,-118.3559301,33.93819006
90103898,2016,1/27/2016,9530,1/13/2016,724,21108,,3,1,9,1900,0,3,5,,2,1,GRAHAM AVE. (8600 BLOCK),FIRESTONE BLVD.,150,S,N,A,-,N,,,,,,,,,,N,4,0,1,2,A,-,11,21954,A,N,G,B,D,A,H,-,A,D,0,Y,,,,Y,,N,60,0,0,1,0,1,0,0,0,0,-,-,LOS ANGELES,UNINCORPORATED,-118.2430925,33.95973868