CASE_ID,ACCIDENT_YEAR,PROC_DATE,JURIS,COLLISION_DATE,COLLISION_TIME,OFFICER_ID,REPORTING_DISTRICT,DAY_OF_WEEK,CHP_SHIFT,POPULATION,CNTY_CITY_LOC,SPECIAL_COND,BEAT_TYPE,CHP_BEAT_TYPE,CITY_DIVISION_LAPD,CHP_BEAT_CLASS,BEAT_NUMBER,PRIMARY_RD,SECONDARY_RD,DISTANCE,DIRECTION,INTERSECTION,WEATHER_1,WEATHER_2,STATE_HWY_IND,CALTRANS_COUNTY,CALTRANS_DISTRICT,STATE_ROUTE,ROUTE_SUFFIX,POSTMILE_PREFIX,POSTMILE,LOCATION_TYPE,RAMP_INTERSECTION,SIDE_OF_HWY,TOW_AWAY,COLLISION_SEVERITY,NUMBER_KILLED,NUMBER_INJURED,PARTY_COUNT,PRIMARY_COLL_FACTOR,PCF_CODE_OF_VIOL,PCF_VIOL_CATEGORY,PCF_VIOLATION,PCF_VIOL_SUBSECTION,HIT_AND_RUN,TYPE_OF_COLLISION,MVIW,PED_ACTION,ROAD_SURFACE,ROAD_COND_1,ROAD_COND_2,LIGHTING,CONTROL_DEVICE,CHP_ROAD_TYPE,PEDESTRIAN_ACCIDENT,BICYCLE_ACCIDENT,MOTORCYCLE_ACCIDENT,TRUCK_ACCIDENT,NOT_PRIVATE_PROPERTY,ALCOHOL_INVOLVED,STWD_VEHTYPE_AT_FAULT,CHP_VEHTYPE_AT_FAULT,COUNT_SEVERE_INJ,COUNT_VISIBLE_INJ,COUNT_COMPLAINT_PAIN,COUNT_PED_KILLED,COUNT_PED_INJURED,COUNT_BICYCLIST_KILLED,COUNT_BICYCLIST_INJURED,COUNT_MC_KILLED,COUNT_MC_INJURED,PRIMARY_RAMP,SECONDARY_RAMP,COUNTY,CITY,LONGITUDE,LATITUDE
8293616,2016,2/3/2017,1942,12/16/2016,1255,31542,143,5,5,7,1942,0,0,0,A,0,24TL22,SPRING ST,5TH ST,12,S,N,A,-,N,,,,,,,,,,N,4,0,1,2,A,-,10,21950,A,F,D,B,B,B,H,-,A,A,0,Y,,,,Y,,-,99,0,0,1,0,1,0,0,0,0,-,-,LOS ANGELES,LOS ANGELES,-118.2496553,34.04736471
8293541,2016,2/7/2017,1942,12/31/2016,1700,34426,152,6,5,7,1942,0,0,0,A,0,24T51,FIGUEROA ST,6TH ST,0,,Y,C,-,N,,,,,,,,,,N,4,0,1,2,A,-,11,21456,B,N,G,B,B,B,H,-,C,A,0,Y,,,,Y,,N,60,0,0,1,0,1,0,0,0,0,-,-,LOS ANGELES,LOS ANGELES,-118.25856,34.05082001
8293518,2016,2/16/2017,1942,12/7/2016,1750,39759,139,3,5,7,1942,0,0,0,A,0,24T54,1ST ST,HEWITT ST,20,E,N,A,-,N,,,,,,,,,,N,3,0,1,1,C,-,18,,,N,-,-,A,A,G,-,C,D,0,,Y,,,Y,,-,-,0,1,0,0,0,0,1,0,0,-,-,LOS ANGELES,LOS ANGELES,-118.2361152,34.04881027
8293485,2016,2/2/2017,1933,11/29/2016,931,828,1,2,5,6,1933,0,0,0,,0,1,LA BREA AV,64TH ST,10,N,N,A,-,N,,,,,,,,,,N,4,0,1,2,A,-,10,21950,A,N,G,B,B,A,H,-,A,A,0,Y,,,,Y,,A,1,0,0,1,0,1,0,0,0,0,-,-,LOS ANGELES,INGLEWOOD,-118.3584168,33.98108683
8293482,2016,2/7/2017,1933,12/12/2016,1725,826,4,1,5,6,1933,0,0,0,,0,1,EUCALYPTUS AV,PLYMOUTH ST,6,N,N,A,-,N,,,,,,,,,,N,3,0,1,2,A,-,11,21950,B,N,G,B,B,A,H,-,C,A,0,Y,,,,Y,,N,60,0,1,0,0,1,0,0,0,0,-,-,LOS ANGELES,INGLEWOOD,-118.3594606,33.97456645
8293474,2016,2/8/2017,1933,12/9/2016,1329,869,10,5,5,6,1933,0,0,0,,0,1,PRAIRIE AV,GRACE AV,101,S,N,A,-,N,,,,,,,,,,Y,3,0,3,4,A,-,8,22107,,N,G,B,F,A,H,-,A,D,0,Y,,,,Y,,A,1,0,3,0,0,3,0,0,0,0,-,-,LOS ANGELES,INGLEWOOD,-118.34396,33.96825299
8293470,2016,2/7/2017,1933,12/2/2016,2235,981,I15,5,5,6,1933,0,0,0,,0,2,ARBOR VITAE ST,OAK ST,0,,Y,A,-,N,,,,,,,,,,Y,3,0,1,2,A,-,10,21950,A,N,G,B,B,A,H,-,C,A,0,Y,,,,Y,,A,1,0,1,0,0,1,0,0,0,0,-,-,LOS ANGELES,INGLEWOOD,-118.3658301,33.95270001
8293466,2016,2/7/2017,1933,12/2/2016,1807,959,18,5,5,6,1933,0,0,0,,0,2,NUTWOOD ST,LA BREA AV,0,,Y,A,-,N,,,,,,,,,,N,3,0,1,2,A,-,8,22107,,N,H,G,A,A,H,-,C,A,0,,Y,,,Y,,A,1,0,1,0,0,0,0,0,0,0,-,-,LOS ANGELES,INGLEWOOD,-118.3533301,33.96047011
8293462,2016,2/8/2017,1933,12/24/2016,1515,998,35,6,5,6,1933,0,0,0,,0,4,CRENSHAW BL,111TH ST,0,,Y,A,-,N,,,,,,,,,,N,4,0,2,3,A,-,12,21453,A,M,G,B,B,A,H,-,A,A,0,Y,,,,Y,,-,,0,0,2,0,2,0,0,0,0,-,-,LOS ANGELES,INGLEWOOD,-118.3265601,33.93485011
8293354,2016,2/2/2017,1942,10/3/2016,1955,39759,1395,1,5,7,1942,0,0,0,M,0,24T31,GAGE AV,CENTRAL AV,445,W,N,A,-,N,,,,,,,,,,Y,2,0,1,2,A,-,11,21954,A,N,G,B,D,A,H,-,C,D,0,Y,,,,Y,Y,N,60,1,0,0,0,1,0,0,0,0,-,-,LOS ANGELES,LOS ANGELES,-118.257921,33.98195859
8293353,2016,2/7/2017,1942,12/7/2016,1925,36698,171,3,5,7,1942,0,0,0,A,0,24T34W,FRANCISCO ST,OLYMPIC BL,0,,Y,A,-,N,,,,,,,,,,N,4,0,1,2,A,-,10,21950,A,N,G,B,B,A,H,-,C,A,0,Y,,,,Y,,A,1,0,0,1,0,1,0,0,0,0,-,-,LOS ANGELES,LOS ANGELES,-118.2657601,34.04544003
8293345,2016,2/7/2017,1942,12/7/2016,240,41215,142,3,5,7,1942,0,0,0,A,0,11A37,4TH ST,OLIVE ST,0,,Y,A,-,N,,,,,,,,,,N,4,0,1,4,A,-,3,22350,A,N,G,B,B,A,H,-,C,A,0,Y,,,,Y,,-,,0,0,1,0,1,0,0,0,0,-,-,LOS ANGELES,LOS ANGELES,-118.25149,34.05091001
8293337,2016,2/7/2017,1942,12/21/2016,1715,34426,195,3,5,7,1942,0,0,0,A,0,24T51,MAIN ST,14TH ST,0,,Y,C,-,N,,,,,,,,,,N,4,0,1,2,A,-,8,22107,,N,D,G,A,B,H,-,C,D,0,,Y,,,Y,,D,22,0,0,1,0,0,0,1,0,0,-,-,LOS ANGELES,LOS ANGELES,-118.2614801,34.03496002
8293329,2016,2/7/2017,1942,12/21/2016,1300,35748,146,3,5,7,1942,0,0,0,A,0,1X27,5TH ST,LOS ANGELES,0,,Y,B,C,N,,,,,,,,,,N,3,0,1,2,A,-,12,21453,A,F,G,B,B,B,H,-,A,A,0,Y,Y,,,Y,,L,4,0,1,0,0,1,0,0,0,0,-,-,LOS ANGELES,LOS ANGELES,-118.2475501,34.04605006
8293325,2016,2/7/2017,1942,12/21/2016,2015,42599,111,3,5,7,1942,0,0,0,A,0,1A1,NORTH FIGUEROA ST,W SUNSET BL,0,,Y,C,-,N,,,,,,,,,,N,4,0,1,2,A,-,10,21950,A,N,A,B,B,B,H,-,C,A,0,Y,,,,Y,,A,1,0,0,1,0,1,0,0,0,0,-,-,LOS ANGELES,LOS ANGELES,-118.24631,34.0626601
8293095,2016,1/30/2017,1942,12/9/2016,1600,36908,1656,5,5,7,1942,0,0,0,P,0,X24,WYNGATE ST,ORO VISTA,10,N,N,A,-,N,,,,,,,,,,N,4,0,1,2,A,-,11,21954,A,F,B,B,E,A,H,-,A,A,0,Y,,,,Y,,N,60,0,0,1,0,1,0,0,0,0,-,-,LOS ANGELES,LOS ANGELES,-118.31576,34.25791
8293088,2016,1/31/2017,1901,12/3/2016,1313,239,21,6,5,5,1901,0,0,0,,0,4,HELLMAN AV,RAYMOND AV,28,W,N,A,-,N,,,,,,,,,,Y,2,0,2,2,A,-,8,22107,,N,D,G,A,A,H,-,A,A,0,,Y,Y,,Y,,L,4,1,1,0,0,0,0,1,0,1,-,-,LOS ANGELES,ALHAMBRA,-118.1455023,34.06966
8293083,2016,1/30/2017,1901,12/17/2016,1533,239,29,6,5,5,1901,0,0,0,,0,3,FREMONT AV,CONCORD AV,10,S,N,A,-,N,,,,,,,,,,N,4,0,1,2,A,-,10,21950,A,N,G,B,B,A,H,-,A,A,0,Y,,,,Y,,A,7,0,0,1,0,1,0,0,0,0,-,-,LOS ANGELES,ALHAMBRA,-118.1519794,34.08652258
8293064,2016,1/31/2017,1901,12/1/2016,756,239,6,4,5,5,1901,0,0,0,,0,1,MISSION RD,7TH ST,0,,Y,A,-,N,,,,,,,,,,N,4,0,1,2,A,-,5,21650,1,N,D,G,A,A,H,-,A,A,0,,Y,,,Y,,L,4,0,0,1,0,0,0,1,0,0,-,-,LOS ANGELES,ALHAMBRA,-118.1306101,34.08640008
8293018,2016,2/6/2017,1901,11/29/2016,1754,249,23,2,5,5,1901,0,0,0,,0,3,MARENGO AV,CEDAR ST,5,S,N,A,-,N,,,,,,,,,,N,4,0,1,2,A,-,9,21802,A,N,D,G,A,A,H,-,B,A,0,,Y,,,Y,,A,1,0,0,1,0,0,0,1,0,0,-,-,LOS ANGELES,ALHAMBRA,-118.14205,34.09417629
8292994,2016,1/31/2017,1901,11/25/2016,1717,272,7,5,5,5,1901,0,0,0,,0,1,GARFIELD AV,MAIN ST,0,,Y,A,-,N,,,,,,,,,,N,4,0,1,2,A,-,5,21202,A,N,D,G,A,A,H,-,B,A,0,,Y,,,Y,,L,4,0,0,1,0,0,0,1,0,0,-,-,LOS ANGELES,ALHAMBRA,-118.1268401,34.0951701
8292982,2016,2/2/2017,1901,11/15/2016,1537,183,15-2,2,5,5,1901,0,0,0,,0,,NORWOOD PL,AZALEA DR,92,W,N,A,-,N,,,,,,,,,,N,4,0,1,2,A,-,17,22517,,N,B,G,A,A,H,-,A,D,0,,Y,,,Y,,A,1,0,0,1,0,0,0,1,0,0,-,-,LOS ANGELES,ALHAMBRA,-118.1106331,34.07617678
8292976,2016,2/2/2017,1901,11/16/2016,1353,249,17,3,5,5,1901,0,0,0,,0,4,VALLEY BL,CAMPBELL AV,60,E,N,B,-,N,,,,,,,,,,N,4,0,1,2,A,-,17,21663,,N,D,G,A,A,H,-,A,A,0,,Y,,,Y,,L,4,0,0,1,0,0,0,1,0,0,-,-,LOS ANGELES,ALHAMBRA,-118.1429686,34.07736065
8292681,2016,4/24/2017,1956,8/16/2016,2130,1312,16,2,5,5,1956,0,0,0,,0,2,TORRANCE BL,BROADWAY AV,0,,Y,A,-,N,,,,,,,,,,N,3,0,1,2,A,-,10,21950,,N,G,B,B,A,H,-,C,A,0,Y,,,,Y,,A,7,0,1,0,0,1,0,0,0,0,-,-,LOS ANGELES,REDONDO BEACH,-118.3867401,33.83830003
8292146,2016,5/4/2017,1970,11/22/2016,1508,211,1970,2,5,4,1970,0,0,0,,0,2,MISSION ST,FAIR OAKS AV,0,,Y,A,-,N,,,,,,,,,,N,3,0,1,2,A,-,5,21650,1,N,A,G,A,A,H,-,A,A,0,,Y,,,Y,,L,4,0,1,0,0,0,0,1,0,0,-,-,LOS ANGELES,SOUTH PASADENA,-118.1503501,34.11583006
8292110,2016,5/4/2017,1942,12/28/2016,2325,42120,645,3,5,7,1942,0,0,0,,0,6A48,SUNSET BL,ORANGE DR,0,,Y,A,-,N,,,,,,,,,,N,3,0,1,2,A,-,11,21456,B,N,G,B,B,A,H,-,C,A,0,Y,,,,Y,,N,60,0,1,0,0,1,0,0,0,0,-,-,LOS ANGELES,LOS ANGELES,-118.3415901,34.09797012
8291309,2016,2/2/2017,1942,12/1/2016,630,37403,1248,4,5,7,1942,0,0,0,L,0,12A3,VERMONT AV,46TH ST,0,,Y,A,-,N,,,,,,,,,,N,4,0,1,2,A,-,11,21954,A,N,G,B,D,A,H,-,A,D,0,Y,,,,Y,Y,N,60,0,0,1,0,1,0,0,0,0,-,-,LOS ANGELES,LOS ANGELES,,
8291305,2016,4/6/2017,1942,12/6/2016,1700,42529,1268,2,5,7,1942,0,0,0,L,0,3A74,83RD ST,MAIN ST,6,S,N,A,-,N,,,,,,,,,,N,4,0,1,2,A,-,10,21950,A,F,G,B,B,A,H,-,C,D,0,Y,,,,Y,,-,99,0,0,1,0,1,0,0,0,0,-,-,LOS ANGELES,LOS ANGELES,-118.27389,33.96415
8291269,2016,2/3/2017,1942,11/3/2016,1215,41054,2024,4,5,7,1942,0,0,0,,0,20TL55,HOBART BL,WILSHIRE BL,240,S,N,A,-,N,,,,,,,,,,N,3,0,2,2,A,-,3,22350,,N,D,G,A,A,H,-,A,D,0,,Y,,,Y,,L,4,0,1,1,0,0,0,1,0,0,-,-,LOS ANGELES,LOS ANGELES,-118.3053602,34.06106183
8291265,2016,2/3/2017,1942,11/17/2016,1940,41563,2083,4,5,7,1942,0,0,0,,0,7X52,WESTERN,18TH ST,350,S,N,A,-,N,,,,,,,,,,N,4,0,1,2,A,-,9,21804,,N,H,G,A,A,H,-,C,D,0,,Y,,,Y,,-,,0,0,1,0,0,0,1,0,0,-,-,LOS ANGELES,LOS ANGELES,-118.3090076,34.04078027
8291264,2016,4/7/2017,1942,12/8/2016,903,42382,1256,4,5,7,1942,0,0,0,L,0,12A3,W FLORENCE AV,HOOVER,8,E,N,A,-,N,,,,,,,,,,N,4,0,1,2,A,-,9,21804,B,N,-,G,A,A,H,-,A,A,0,,Y,,,Y,,A,8,0,0,1,0,0,0,1,0,0,-,-,LOS ANGELES,LOS ANGELES,-118.2870837,33.97464037
8291255,2016,2/2/2017,1942,12/15/2016,1900,37618,2071,4,5,7,1942,0,0,0,,0,20A53,WESTERN AV,PICO BL,0,,Y,C,-,N,,,,,,,,,,N,4,0,1,2,A,-,10,21950,A,N,G,B,B,B,H,-,C,A,0,Y,,,,Y,,A,1,0,0,1,0,1,0,0,0,0,-,-,LOS ANGELES,LOS ANGELES,-118.3090401,34.04720011
8291252,2016,2/2/2017,1942,12/8/2016,830,26740,2005,4,5,7,1942,0,0,0,,0,,KINGSLEY DR,MELROSE AV,0,,Y,A,-,N,,,,,,,,,,N,4,0,1,2,A,-,12,22450,,F,-,G,A,A,H,-,-,A,0,,Y,,,Y,,-,99,0,0,1,0,0,0,1,0,0,-,-,LOS ANGELES,LOS ANGELES,-118.3034601,34.08353003
8291248,2016,2/2/2017,1942,12/11/2016,1235,40899,2019,7,5,7,1942,0,0,0,,0,6TL7W2,VERMONT AV,COUNCIL ST,4,N,N,A,-,N,,,,,,,,,,N,3,0,1,2,A,-,8,22107,,F,B,G,A,A,H,-,A,D,0,,Y,,,Y,,-,99,0,1,0,0,0,0,1,0,0,-,-,LOS ANGELES,LOS ANGELES,-118.2916898,34.07452097
8291241,2016,2/3/2017,1942,11/17/2016,1600,39061,2029,4,5,7,1942,0,0,0,,0,20TL56,VERMONT AV,WILSHIRE BL,140,S,N,A,-,N,,,,,,,,,,N,3,0,1,2,A,-,11,21950,B,N,G,B,D,A,H,-,A,D,0,Y,,,,Y,,N,60,0,1,0,0,1,0,0,0,0,-,-,LOS ANGELES,LOS ANGELES,-118.2916706,34.06141612
8291237,2016,2/3/2017,1942,11/25/2016,1820,37556,2081,5,5,7,1942,0,0,0,,0,20A34,VENICE BL,SAINT ANDREWS PL,0,,Y,A,-,N,,,,,,,,,,N,2,0,1,2,A,-,10,21950,A,N,G,B,D,A,H,-,C,D,0,Y,,,,Y,,A,1,1,0,0,0,1,0,0,0,0,-,-,LOS ANGELES,LOS ANGELES,-118.3116,34.04357009
8291232,2016,2/2/2017,1942,12/14/2016,1730,40476,2097,3,5,7,1942,0,0,0,,0,20A34,20TH ST,BUDLONG AV,5,E,N,A,-,N,,,,,,,,,,N,4,0,1,2,A,-,10,21950,,F,G,B,B,A,H,-,B,A,0,Y,,,,Y,,-,99,0,0,1,0,1,0,0,0,0,-,-,LOS ANGELES,LOS ANGELES,-118.2962035,34.03815
8291229,2016,2/3/2017,1942,11/21/2016,1315,38590,2015,1,5,7,1942,0,0,0,,0,20TL56,BEVERLY BL,NEW HAMPSHIRE AV,0,,Y,A,-,N,,,,,,,,,,N,3,0,2,3,A,-,12,21453,A,N,G,B,B,A,H,-,A,A,0,Y,,,,Y,,A,1,0,2,0,0,2,0,0,0,0,-,-,LOS ANGELES,LOS ANGELES,-118.2932101,34.07632003
8291228,2016,2/2/2017,1942,12/15/2016,1820,38391,2088,4,5,7,1942,0,0,0,,0,20A16,VENICE,MAGNOLIA,0,,Y,C,-,N,,,,,,,,,,N,3,0,1,2,A,-,10,21950,A,N,G,B,B,B,H,-,C,A,0,Y,,,,Y,,A,1,0,1,0,0,1,0,0,0,0,-,-,LOS ANGELES,LOS ANGELES,-118.2863801,34.04427002
8291222,2016,2/3/2017,1942,11/29/2016,1550,37190,,2,5,7,1942,0,0,0,,0,12A67,MANCHESTER BL,BARING CROSS ST,42,W,N,A,-,N,,,,,,,,,,N,3,0,2,2,D,-,0,,,N,C,G,A,A,H,-,A,D,0,,Y,Y,,Y,,-,-,0,2,0,0,0,0,1,0,1,-,-,LOS ANGELES,LOS ANGELES,-118.2895082,33.96004
8291214,2016,2/21/2017,1942,11/21/2016,1810,40105,2041,1,5,7,1942,0,0,0,,0,20X38,BRONSON AV,OLYMPIC BL,5,N,N,B,-,N,,,,,,,,,,N,4,0,1,2,A,-,10,21950,A,F,G,B,D,A,H,-,C,D,0,Y,,,,Y,,-,-,0,0,1,0,1,0,0,0,0,-,-,LOS ANGELES,LOS ANGELES,-118.3218634,34.05427256
8291210,2016,2/3/2017,1942,11/20/2016,1005,38374,2038,7,5,7,1942,0,0,0,,0,20MQ83,VERMONT AV,7TH ST,0,,Y,C,-,N,,,,,,,,,,N,4,0,1,2,A,-,10,21950,C,N,G,B,B,B,H,-,A,A,0,Y,,,,Y,,A,7,0,0,1,0,1,0,0,0,0,-,-,LOS ANGELES,LOS ANGELES,,
8291208,2016,2/2/2017,1942,12/8/2016,820,41054,2015,4,5,7,1942,0,0,0,,0,7TL23,BEVERLY BL,VERMONT AV,0,,Y,A,-,N,,,,,,,,,,N,4,0,1,2,A,-,11,21456,B,N,G,B,B,A,H,-,A,A,0,Y,,,,Y,,N,60,0,0,1,0,1,0,0,0,0,-,-,LOS ANGELES,LOS ANGELES,-118.2916901,34.07632002
8291206,2016,2/3/2017,1942,11/14/2016,1500,39061,2064,1,5,7,1942,0,0,0,,0,20TL56,PICO BL,KINGSLEY DR,0,,Y,A,-,N,,,,,,,,,,N,4,0,1,2,A,-,10,21950,A,N,G,B,B,A,H,-,A,A,0,Y,,,,Y,,A,1,0,0,1,0,1,0,0,0,0,-,-,LOS ANGELES,LOS ANGELES,-118.3031201,34.04722005
8291204,2016,2/2/2017,1942,12/11/2016,1225,41054,2026,7,5,7,1942,0,0,0,,0,20TL59,3RD ST,CATALINA ST,60,W,N,A,-,N,,,,,,,,,,N,3,0,1,2,A,-,3,22350,,N,C,G,A,A,H,-,A,D,0,,Y,,,Y,,L,4,0,1,0,0,0,0,1,0,0,-,-,LOS ANGELES,LOS ANGELES,-118.2956077,34.06904691
8291202,2016,2/3/2017,1942,11/17/2016,2045,40315,2044,4,5,7,1942,0,0,0,,0,20T59,8TH ST,IROLO ST,100,W,N,A,-,N,,,,,,,,,,N,3,0,1,2,A,-,11,21954,A,N,G,B,D,A,H,-,C,A,0,Y,,,,Y,,N,60,0,1,0,0,1,0,0,0,0,-,-,LOS ANGELES,LOS ANGELES,-118.3012293,34.0577211
8290857,2016,1/31/2017,1942,12/7/2016,1810,41921,1263,3,5,7,1942,0,0,0,L,0,3T5,WESTERN AV,79TH ST,0,,Y,A,-,N,,,,,,,,,,N,3,0,1,2,A,-,10,21950,A,N,D,B,B,A,H,-,C,A,0,Y,,,,Y,,A,7,0,1,0,0,1,0,0,0,0,-,-,LOS ANGELES,LOS ANGELES,,
8290768,2016,1/31/2017,1942,12/22/2016,1705,41911,1232,4,5,7,1942,0,0,0,L,0,12T73,WEST BL,SLAUSON AV,16,S,N,A,-,N,,,,,,,,,,Y,2,0,1,2,A,-,10,21950,A,N,D,B,B,A,H,-,C,A,0,Y,,,,Y,,A,1,1,0,0,0,1,0,0,0,0,-,-,LOS ANGELES,LOS ANGELES,-118.3352293,33.98894704
8290752,2016,1/31/2017,1942,12/21/2016,1205,26608,1218,3,5,7,1942,0,0,0,L,0,12T41,53RD ST,HOOVER ST,5,W,N,B,-,N,,,,,,,,,,N,3,0,1,2,A,-,9,21804,A,N,D,G,A,A,H,-,A,A,0,,Y,,,Y,,L,4,0,1,0,0,0,0,1,0,0,-,-,LOS ANGELES,LOS ANGELES,-118.2871665,33.99416982
8290478,2016,1/31/2017,1933,11/30/2016,758,869,2,3,5,6,1933,0,0,0,,0,1,MARKET ST,BRETT ST,0,,Y,A,-,N,,,,,,,,,,N,4,0,1,2,A,-,3,22350,,N,G,B,B,A,H,-,A,D,0,Y,,,,Y,,A,7,0,0,1,0,1,0,0,0,0,-,-,LOS ANGELES,INGLEWOOD,-118.35665,33.97697011
8290449,2016,1/30/2017,1942,7/11/2016,2050,36926,212,1,5,7,1942,0,0,0,B,0,4T4,CLINTON ST,VIRGIL AV,0,,Y,A,-,N,,,,,,,,,,N,2,0,1,2,A,-,10,21950,A,F,G,B,B,A,H,-,C,A,0,Y,,,,Y,,-,99,1,0,0,0,1,0,0,0,0,-,-,LOS ANGELES,LOS ANGELES,-118.28683,34.08178011
8290438,2016,1/31/2017,1900,9/15/2016,1803,602997,1328,4,5,5,1935,0,0,0,,0,135A,PIONEER BL,EBERLE ST,0,,Y,A,-,N,,,,,,,,,,N,3,0,1,2,A,-,10,21950,A,N,D,B,B,A,H,-,B,A,0,Y,,,,Y,,A,1,0,1,0,0,1,0,0,0,0,-,-,LOS ANGELES,LAKEWOOD,-118.08196,33.84868012
8290406,2016,1/31/2017,1942,9/23/2016,1605,41221,1215,5,5,7,1942,0,0,0,L,0,12X66,53RD ST,VERMONT AV,5,W,N,A,-,N,,,,,,,,,,Y,3,0,1,4,A,-,3,22350,,F,A,-,A,A,H,-,A,A,0,,Y,,,Y,Y,A,8,0,1,0,0,0,0,1,0,0,-,-,LOS ANGELES,LOS ANGELES,-118.2915365,33.99412
8290279,2016,2/6/2017,1933,11/23/2016,2025,933,6,3,5,6,1933,0,0,0,,0,1,FLORENCE AV,CENTINELLA AV,0,,Y,A,-,N,,,,,,,,,,N,3,0,1,2,A,-,10,21950,A,N,G,B,B,A,H,-,C,A,0,Y,,,,Y,,A,1,0,1,0,0,1,0,0,0,0,-,-,LOS ANGELES,INGLEWOOD,-118.3472301,33.96983004
8290256,2016,2/6/2017,1942,11/26/2016,1115,36238,1303,6,5,7,1942,0,0,0,M,0,24T25,SAN PEDRO ST,12TH ST,8,S,N,A,-,N,,,,,,,,,,N,4,0,1,2,A,-,10,21950,A,N,G,B,B,A,H,-,A,D,0,Y,,,,Y,,A,1,0,0,1,0,1,0,0,0,0,-,-,LOS ANGELES,LOS ANGELES,-118.2533435,34.03370116
8290252,2016,2/6/2017,1942,11/28/2016,1925,39062,1373,1,5,7,1942,0,0,0,M,0,24T35,CENTRAL AV,56TH ST,20,N,N,A,-,N,,,,,,,,,,N,3,0,1,2,A,-,11,21954,A,N,G,B,D,A,H,-,C,D,0,Y,,,,Y,,N,60,0,1,0,0,1,0,0,0,0,-,-,LOS ANGELES,LOS ANGELES,-118.25646,33.99211485
8290017,2016,2/2/2017,1942,12/20/2016,1920,40053,392,2,5,7,1942,0,0,0,C,0,3TL57,2ND AV,48TH ST,50,S,N,A,-,N,,,,,,,,,,N,3,0,1,2,A,-,3,22350,,F,G,B,E,A,H,-,C,D,0,Y,,,,Y,,-,99,0,1,0,0,1,0,0,0,0,-,-,LOS ANGELES,LOS ANGELES,,
8290013,2016,2/2/2017,1942,12/21/2016,1930,33397,392,3,5,7,1942,0,0,0,C,0,25MX83,LEIMERT BL,VERNON AV,10,N,N,B,-,N,,,,,,,,,,N,4,0,1,2,A,-,9,21804,A,N,H,G,A,B,H,-,C,A,0,,Y,,,Y,,L,4,0,0,1,0,0,0,1,0,0,-,-,LOS ANGELES,LOS ANGELES,-118.3308333,34.00368685
8290005,2016,2/2/2017,1942,12/20/2016,1700,40053,332,2,5,7,1942,0,0,0,C,0,3TL57,JEFFERSON BL,CHESAPEAKE AV,0,,Y,A,-,N,,,,,,,,,,N,4,0,1,2,A,-,5,21650,1,N,H,G,A,A,H,-,C,A,0,,Y,,,Y,,L,4,0,0,1,0,0,0,1,0,0,-,-,LOS ANGELES,LOS ANGELES,-118.3450101,34.02554003
8290000,2016,2/1/2017,1942,12/16/2016,555,41923,355,5,5,7,1942,0,0,0,C,0,12T41,JEFFERSON BL,SAINT ANDREWS PL,0,,Y,C,-,N,,,,,,,,,,N,4,0,1,2,A,-,10,21950,A,N,G,B,B,B,H,-,B,A,0,Y,,,,Y,,A,1,0,0,1,0,1,0,0,0,0,-,-,LOS ANGELES,LOS ANGELES,-118.3120301,34.02554001
8289996,2016,2/1/2017,1942,12/16/2016,620,26020,334,5,5,7,1942,0,0,0,C,0,3TL3,CRENSHAW BL,EXPOSITION BL,0,,Y,C,-,N,,,,,,,,,,N,4,0,1,2,A,-,12,21453,A,N,H,G,A,B,H,-,C,D,0,,Y,,,Y,,L,4,0,0,1,0,0,0,1,0,0,-,-,LOS ANGELES,LOS ANGELES,-118.3351201,34.02264005
8289995,2016,2/1/2017,1920,12/31/2016,2243,12323,,6,5,6,1920,0,0,0,,0,6,LAKEWOOD BL,COLUMBIA WY,60,S,N,A,-,N,,,,,,,,,,Y,2,0,1,2,A,-,1,23153,A,F,C,G,A,A,H,-,C,A,0,,Y,,,Y,Y,A,1,1,0,0,0,0,0,1,0,0,-,-,LOS ANGELES,DOWNEY,-118.1342534,33.92168986
8289970,2016,2/1/2017,1933,12/27/2016,1446,812,15,2,5,6,1933,0,0,0,,0,2,HILLCREST BL,LA CIENEGA BL,0,,Y,A,-,N,,,,,,,,,,N,4,0,1,2,A,-,10,21950,A,N,G,B,B,A,H,-,A,A,0,Y,,,,Y,,A,7,0,0,1,0,1,0,0,0,0,-,-,LOS ANGELES,INGLEWOOD,-118.3701101,33.95630002
8289968,2016,2/1/2017,1920,12/20/2016,1629,11859,1920,2,5,6,1920,0,0,0,,0,2,RIVES AV,QUILL DR,0,,Y,B,-,N,,,,,,,,,,N,4,0,1,2,A,-,12,22450,A,N,D,G,A,A,H,-,A,D,0,,Y,,,Y,,-,-,0,0,1,0,0,0,1,0,0,-,-,LOS ANGELES,DOWNEY,-118.15423,33.92905009
8289957,2016,1/31/2017,1933,12/29/2016,1533,959,25,4,5,6,1933,0,0,0,,0,2,FLOWER ST,HARDY ST,78,N,N,A,-,N,,,,,,,,,,N,4,0,1,2,A,-,11,21954,A,M,G,B,E,A,H,-,A,A,0,Y,,,,Y,,N,60,0,0,1,0,1,0,0,0,0,-,-,LOS ANGELES,INGLEWOOD,-118.34745,33.94927393
8289955,2016,2/1/2017,1942,12/26/2016,1930,42336,152,1,5,7,1942,0,0,0,A,0,1A41,FIGUEROA ST,WILSHIRE BL,0,,Y,A,-,N,,,,,,,,,,N,3,0,1,2,A,-,11,21453,D,N,G,B,D,A,H,-,C,A,0,Y,,,,Y,,N,60,0,1,0,0,1,0,0,0,0,-,-,LOS ANGELES,LOS ANGELES,-118.2592701,34.05006009