CASE_ID,ACCIDENT_YEAR,PROC_DATE,JURIS,COLLISION_DATE,COLLISION_TIME,OFFICER_ID,REPORTING_DISTRICT,DAY_OF_WEEK,CHP_SHIFT,POPULATION,CNTY_CITY_LOC,SPECIAL_COND,BEAT_TYPE,CHP_BEAT_TYPE,CITY_DIVISION_LAPD,CHP_BEAT_CLASS,BEAT_NUMBER,PRIMARY_RD,SECONDARY_RD,DISTANCE,DIRECTION,INTERSECTION,WEATHER_1,WEATHER_2,STATE_HWY_IND,CALTRANS_COUNTY,CALTRANS_DISTRICT,STATE_ROUTE,ROUTE_SUFFIX,POSTMILE_PREFIX,POSTMILE,LOCATION_TYPE,RAMP_INTERSECTION,SIDE_OF_HWY,TOW_AWAY,COLLISION_SEVERITY,NUMBER_KILLED,NUMBER_INJURED,PARTY_COUNT,PRIMARY_COLL_FACTOR,PCF_CODE_OF_VIOL,PCF_VIOL_CATEGORY,PCF_VIOLATION,PCF_VIOL_SUBSECTION,HIT_AND_RUN,TYPE_OF_COLLISION,MVIW,PED_ACTION,ROAD_SURFACE,ROAD_COND_1,ROAD_COND_2,LIGHTING,CONTROL_DEVICE,CHP_ROAD_TYPE,PEDESTRIAN_ACCIDENT,BICYCLE_ACCIDENT,MOTORCYCLE_ACCIDENT,TRUCK_ACCIDENT,NOT_PRIVATE_PROPERTY,ALCOHOL_INVOLVED,STWD_VEHTYPE_AT_FAULT,CHP_VEHTYPE_AT_FAULT,COUNT_SEVERE_INJ,COUNT_VISIBLE_INJ,COUNT_COMPLAINT_PAIN,COUNT_PED_KILLED,COUNT_PED_INJURED,COUNT_BICYCLIST_KILLED,COUNT_BICYCLIST_INJURED,COUNT_MC_KILLED,COUNT_MC_INJURED,PRIMARY_RAMP,SECONDARY_RAMP,COUNTY,CITY,LONGITUDE,LATITUDE
8285062,2016,1/24/2017,1942,12/11/2016,1630,39058,711,7,5,7,1942,0,0,0,G,0,7TL28,OAKWOOD AV,SWEETZER AV,17,S,N,A,-,N,,,,,,,,,,N,3,0,1,2,A,-,8,22100,B,N,B,G,A,A,H,-,A,A,0,,Y,,,Y,,A,1,0,1,0,0,0,0,1,0,0,-,-,LOS ANGELES,LOS ANGELES,-118.37005,34.07815
8285058,2016,1/24/2017,1942,12/18/2016,1705,40452,717,7,5,7,1942,0,0,0,G,0,7TL38,OAKWOOD AV,SYCAMORE AV,160,E,N,A,-,N,,,,,,,,,,N,3,0,1,2,A,-,11,21955,,N,G,B,D,A,H,-,D,D,0,Y,,,,Y,,N,60,0,1,0,0,1,0,0,0,0,-,-,LOS ANGELES,LOS ANGELES,-118.3424227,34.07828498
8285057,2016,1/24/2017,1942,12/7/2016,30,42465,LAPD,3,5,7,1942,0,0,0,,0,11A1,SAN FERNANDO RD,ARVIA ST,0,,Y,A,-,N,,,,,,,,,,N,3,0,1,2,A,-,10,21950,A,F,G,B,B,A,H,-,C,A,0,Y,,,,Y,,-,,0,1,0,0,1,0,0,0,0,-,-,LOS ANGELES,LOS ANGELES,-118.23116,34.09509007
8285043,2016,1/24/2017,1942,11/19/2016,2330,36738,1213,6,5,7,1942,0,0,0,L,0,25T90,WESTERN AV,SLAUSON,4,S,N,C,-,N,,,,,,,,,,N,3,0,1,2,A,-,0,20015,,F,G,-,B,B,H,-,C,D,0,Y,,,,Y,,-,-,0,1,0,0,1,0,0,0,0,-,-,LOS ANGELES,LOS ANGELES,-118.30895,33.98913903
8284877,2016,1/27/2017,1942,12/20/2016,1405,40690,701,2,5,7,1942,0,0,0,G,0,6TL7,LA CIENEGA BL,SHERWOOD DR,12,N,N,A,-,N,,,,,,,,,,N,4,0,1,2,A,-,10,21950,A,N,G,B,B,A,H,-,A,D,0,Y,,,Y,Y,,F,21,0,0,1,0,1,0,0,0,0,-,-,LOS ANGELES,LOS ANGELES,-118.37649,34.08487291
8284631,2016,1/23/2017,1942,11/12/2016,2230,37409,1119,6,5,7,1942,0,0,0,K,0,11A71,FIGUEROA ST,CRESTWOOD WY,0,,Y,A,-,N,,,,,,,,,,N,4,0,1,3,A,-,3,22350,,M,B,B,E,A,H,-,C,D,0,Y,,,,Y,,-,99,0,0,1,0,1,0,0,0,0,-,-,LOS ANGELES,LOS ANGELES,-118.1887801,34.1310601
8284608,2016,1/23/2017,1942,11/29/2016,715,35291,105,2,5,7,1942,0,0,0,A,0,24T22,N BROADWAY,SOLANO AV,10,E,N,A,-,N,,,,,,,,,,N,4,0,2,3,A,-,10,21950,A,N,G,B,B,A,H,-,A,A,0,Y,,,,Y,,A,7,0,0,2,0,2,0,0,0,0,-,-,LOS ANGELES,LOS ANGELES,-118.2301321,34.07101461
8284604,2016,1/23/2017,1942,11/29/2016,1625,38599,111,2,5,7,1942,0,0,0,A,0,4A59,BROADWAY,COLLEGE,700,S,N,A,-,N,,,,,,,,,,N,2,0,1,2,A,-,11,21955,,N,G,B,D,A,H,-,A,D,0,Y,,,,Y,,N,60,1,0,0,0,1,0,0,0,0,-,-,LOS ANGELES,LOS ANGELES,-118.2383865,34.06226481
8284603,2016,1/23/2017,1942,11/20/2016,855,37611,1107,7,5,7,1942,0,0,0,K,0,24T27,NOLDEN ST,WILDWOOD DR,10,S,N,A,-,N,,,,,,,,,,N,4,0,1,2,A,-,5,21650,,N,G,B,E,A,H,-,A,D,0,Y,,,,Y,,A,1,0,0,1,0,1,0,0,0,0,-,-,LOS ANGELES,LOS ANGELES,-118.1942495,34.13038855
8284596,2016,1/23/2017,1942,11/18/2016,2200,39840,182,5,5,7,1942,0,0,0,A,0,24T31,HOPE ST,11TH ST,0,,Y,A,-,N,,,,,,,,,,N,4,0,1,2,A,-,10,21950,A,N,-,B,B,A,H,-,C,A,0,Y,,,,Y,,A,1,0,0,1,0,1,0,0,0,0,-,-,LOS ANGELES,LOS ANGELES,-118.2630501,34.04226005
8284591,2016,1/23/2017,1942,11/26/2016,1120,40008,1184,6,5,7,1942,0,0,0,K,0,24T21,ECHO PARK,MONTANA,80,N,N,A,-,N,,,,,,,,,,N,3,0,1,2,C,-,18,,,N,D,G,A,A,H,-,A,D,0,,Y,,,Y,,-,-,0,1,0,0,0,0,1,0,0,-,-,LOS ANGELES,LOS ANGELES,-118.2566284,34.07797465
8284512,2016,3/1/2017,1942,12/25/2016,1430,39022,871,7,5,7,1942,0,0,0,H,0,20TL56,PACIFIC COAST HWY,TEMESCAL CANYON RD,200,S,N,A,-,Y,LA,7,1,-,-,38.07,H,-,S,N,3,0,1,2,A,-,8,22107,,N,H,G,A,A,H,-,A,D,0,,Y,,,Y,,A,1,0,1,0,0,0,0,1,0,0,-,-,LOS ANGELES,LOS ANGELES,-118.535238,34.03535733
8284504,2016,2/15/2017,1942,12/16/2016,1255,41376,835,5,5,7,1942,0,0,0,H,0,7TL38,VETERAN AV,SANTA MONICA BL,0,,Y,A,-,N,,,,,,,,,,N,3,0,1,2,A,-,10,21950,A,N,G,B,B,A,H,-,A,A,0,Y,,,,Y,,A,7,0,1,0,0,1,0,0,0,0,-,-,LOS ANGELES,LOS ANGELES,-118.4401301,34.04892007
8284482,2016,3/3/2017,1942,11/30/2016,1250,31255,811,3,5,7,1942,0,0,0,H,0,14TL52,PACIFIC COAST HWY,BAY CLUB DR,420,N,N,A,-,Y,LA,7,1,-,-,38.82,H,-,N,N,3,0,1,2,A,-,8,22107,A,N,C,G,A,A,H,-,A,D,0,,Y,,,Y,,A,1,0,1,0,0,0,0,1,0,0,-,-,LOS ANGELES,LOS ANGELES,-118.5471988,34.03954007
8284471,2016,2/8/2017,1942,12/4/2016,1625,34426,1189,7,5,7,1942,0,0,0,K,0,24T51,FIGUEROA ST,ULYSSES ST,10,S,N,A,-,N,,,,,,,,,,N,4,0,1,2,A,-,1,21200,5,N,B,G,A,A,H,-,A,D,0,,Y,,,Y,Y,A,1,0,0,1,0,0,0,1,0,0,-,-,LOS ANGELES,LOS ANGELES,-118.2145883,34.08904597
8284459,2016,2/8/2017,1942,12/2/2016,1530,38614,1118,5,5,7,1942,0,0,0,K,0,11A1,MONTE VISTA ST,AVE 57,0,,Y,G,-,N,,,,,,,,,,N,4,0,1,2,A,-,0,29150,A,N,G,B,B,A,H,-,A,A,0,Y,,,,Y,,A,1,0,0,1,0,1,0,0,0,0,-,-,LOS ANGELES,LOS ANGELES,-118.19443,34.11177004
8284454,2016,1/23/2017,1942,12/3/2016,115,36698,1141,6,5,7,1942,0,0,0,K,0,24T31W,VERMONT AV,RUSSELL AV,0,,Y,A,-,N,,,,,,,,,,Y,4,0,1,2,A,-,10,21950,A,N,G,B,B,A,H,-,C,A,0,Y,,,,Y,Y,A,1,0,0,1,0,1,0,0,0,0,-,-,LOS ANGELES,LOS ANGELES,-118.2917901,34.10449008
8284413,2016,1/23/2017,1942,12/14/2016,1515,40592,1143,3,5,7,1942,0,0,0,K,0,24T51,GRIFFITH PARK BL,SAINT GEORGE ST,0,,Y,A,-,N,,,,,,,,,,N,3,0,2,2,A,-,9,21801,A,N,D,G,A,A,H,-,A,D,0,,Y,,,Y,,A,1,0,1,1,0,0,0,1,0,0,-,-,LOS ANGELES,LOS ANGELES,-118.27488,34.10895012
8284409,2016,1/23/2017,1942,12/15/2016,1630,40821,1149,4,5,7,1942,0,0,0,K,0,11G72,AVE 52,FIGUEROA ST,0,,Y,C,-,N,,,,,,,,,,N,4,0,1,2,A,-,10,21950,A,N,G,B,B,B,H,-,C,A,0,Y,,,,Y,,A,7,0,0,1,0,1,0,0,0,0,-,-,LOS ANGELES,LOS ANGELES,-118.1995101,34.10628006
8284382,2016,2/21/2017,1942,12/6/2016,920,35291,1146,2,5,7,1942,0,0,0,K,0,24T21,RIPPLE PL,GLENEDEN ST,605,N,N,B,-,N,,,,,,,,,,N,3,0,1,2,B,-,22,,,N,G,B,E,A,D,-,A,D,0,Y,,,Y,Y,,F,26,0,1,0,0,1,0,0,0,0,-,-,LOS ANGELES,LOS ANGELES,-118.24918,34.10757
8284075,2016,5/8/2017,1942,12/16/2016,1755,40099,138,5,5,7,1942,0,0,0,A,0,24T52,4TH ST,OMAR ST,14,S,N,A,-,N,,,,,,,,,,Y,1,1,2,3,A,-,8,22100,B,N,D,B,F,A,H,-,C,D,0,Y,,,,Y,,A,1,0,0,2,1,0,0,0,0,0,-,-,LOS ANGELES,LOS ANGELES,-118.2422132,34.04536691
8284072,2016,1/24/2017,1942,12/26/2016,1345,37966,892,1,5,7,1942,0,0,0,H,0,6TL4,PEARL ST,SAWTELLE BL,180,W,N,A,-,N,,,,,,,,,,N,3,0,1,2,A,-,21,22106,,F,G,B,F,A,H,-,A,D,0,Y,,,,Y,,-,99,0,1,0,0,1,0,0,0,0,-,-,LOS ANGELES,LOS ANGELES,-118.4371389,34.0325506
8284063,2016,1/24/2017,1942,12/28/2016,1725,38175,256,3,5,7,1942,0,0,0,B,0,2A47,WILSHIRE BL,UNION AV,0,,Y,A,-,N,,,,,,,,,,N,4,0,1,2,A,-,12,21453,A,F,G,B,B,A,H,-,C,A,0,Y,,,,Y,,-,99,0,0,1,0,1,0,0,0,0,-,-,LOS ANGELES,LOS ANGELES,-118.2701801,34.0553801
8284060,2016,1/24/2017,1942,12/29/2016,1220,40058,831,4,5,7,1942,0,0,0,H,0,7TL38,SAN VICENTE BL,MORENO AV,0,,Y,A,-,N,,,,,,,,,,N,3,0,1,2,A,-,9,21802,A,N,D,G,A,A,H,-,A,A,0,,Y,,,Y,,A,1,0,1,0,0,0,0,1,0,0,-,-,LOS ANGELES,LOS ANGELES,-118.4881501,34.0492301
8284059,2016,1/24/2017,1942,12/2/2016,1840,39062,176,5,5,7,1942,0,0,0,A,0,24T35,MAPLE AV,7TH ST,75,S,N,A,-,N,,,,,,,,,,N,3,0,1,2,A,-,10,21952,,F,G,B,F,A,H,-,C,D,0,Y,,,,Y,,-,99,0,1,0,0,1,0,0,0,0,-,-,LOS ANGELES,LOS ANGELES,-118.249441,34.0423315
8284055,2016,1/24/2017,1942,12/2/2016,1920,40762,192,5,5,7,1942,0,0,0,A,0,24T37,FLOWER ST,PICO BL,32,S,N,A,-,N,,,,,,,,,,N,4,0,1,2,A,-,11,21954,A,N,G,B,D,A,H,-,C,A,0,Y,,,,Y,,N,60,0,0,1,0,1,0,0,0,0,-,-,LOS ANGELES,LOS ANGELES,-118.2669449,34.0399851
8284047,2016,1/24/2017,1942,12/1/2016,1640,39759,139,4,5,7,1942,0,0,0,A,0,24T51,4TH ST,SANTA FE AV,180,E,N,A,-,N,,,,,,,,,,N,3,0,1,2,A,-,5,21650,,N,D,G,A,A,H,-,B,D,0,,Y,,,Y,,L,4,0,1,0,0,0,0,1,0,0,-,-,LOS ANGELES,LOS ANGELES,-118.232137,34.04180386
8284041,2016,1/23/2017,1920,12/18/2016,2057,12323,,7,5,6,1920,0,0,0,,0,6,DOWNEY AV,ALAMEDA ST,0,S,N,A,-,N,,,,,,,,,,N,2,0,1,2,A,-,11,21954,A,N,G,B,D,A,H,-,D,D,0,Y,,,,Y,,N,60,1,0,0,0,1,0,0,0,0,-,-,LOS ANGELES,DOWNEY,-118.14198,33.92776001
8284036,2016,1/24/2017,1942,12/20/2016,1420,39061,857,2,5,7,1942,0,0,0,H,0,8TL26,BEVERLY DR,WHITWORTH DR,246,S,N,A,-,N,,,,,,,,,,N,3,0,1,2,A,-,11,21954,A,N,G,B,E,A,H,-,A,D,0,Y,,,,Y,,N,60,0,1,0,0,1,0,0,0,0,-,-,LOS ANGELES,LOS ANGELES,-118.3962759,34.05653124
8284035,2016,1/24/2017,1942,12/23/2016,1715,40325,1365,5,5,7,1942,0,0,0,M,0,24T33,COMPTON AV,52ND ST,10,N,N,C,-,N,,,,,,,,,,N,2,0,1,2,A,-,10,21950,A,N,G,B,B,B,H,-,C,A,0,Y,,,,Y,,A,1,1,0,0,0,1,0,0,0,0,-,-,LOS ANGELES,LOS ANGELES,-118.24778,33.99574742
8284027,2016,1/24/2017,1942,12/5/2016,1855,34332,1125,1,5,7,1942,0,0,0,K,0,24T33,WASHINGTON BL,GRAND AV,0,,Y,A,-,N,,,,,,,,,,N,3,0,1,2,A,-,8,22101,D,N,D,G,A,A,H,-,C,A,0,,Y,,,Y,Y,A,8,0,1,0,0,0,0,1,0,0,-,-,LOS ANGELES,LOS ANGELES,-118.26838,34.03262009
8284024,2016,1/30/2017,1942,12/28/2016,600,39708,861,3,5,7,1942,0,0,0,H,0,8A1,PACIFIC COAST HWY,SUNSET BL,5,N,N,A,-,N,,,,,,,,,,N,4,0,1,2,A,-,11,21456,B,N,G,B,B,A,H,-,C,A,0,Y,,,,Y,,N,60,0,0,1,0,1,0,0,0,0,-,-,LOS ANGELES,LOS ANGELES,-118.55563,34.03849
8284023,2016,1/24/2017,1942,12/8/2016,1212,38721,835,4,5,7,1942,0,0,0,H,0,8TL26,SEPULVEDA BL,MISSISSIPPI BL,13,S,N,A,-,N,,,,,,,,,,,4,0,1,2,A,-,12,22450,A,F,D,G,A,A,H,-,A,A,0,,Y,,,Y,,-,99,0,0,1,0,0,0,1,0,0,-,-,LOS ANGELES,LOS ANGELES,-118.439085,34.04158103
8284014,2016,1/24/2017,1942,12/31/2016,1905,34332,437,6,5,7,1942,0,0,0,D,0,24T33,VINEBURN AV,VALLEY BL,0,,Y,B,-,N,,,,,,,,,,N,2,0,1,2,A,-,12,21453,A,N,D,G,A,B,H,-,C,A,0,,Y,,,Y,,L,4,1,0,0,0,0,0,1,0,0,-,-,LOS ANGELES,LOS ANGELES,-118.1900401,34.06323009
8284010,2016,1/24/2017,1942,12/12/2016,1715,40726,497,1,5,7,1942,0,0,0,D,0,24T56,OLYMPIC BL,ORME AV,0,,Y,A,-,N,,,,,,,,,,N,3,0,1,2,A,-,8,22107,,F,B,G,A,A,H,-,C,-,0,,Y,,,Y,,-,99,0,1,0,0,0,0,1,0,0,-,-,LOS ANGELES,LOS ANGELES,-118.21775,34.02338006
8284008,2016,1/24/2017,1942,12/20/2016,1720,39061,857,2,5,7,1942,0,0,0,H,0,8TL26,PICO BL,BEVERLY DR,13,E,N,A,-,N,,,,,,,,,,N,3,0,1,2,A,-,10,21950,A,N,G,B,B,A,H,-,C,A,0,Y,,,,Y,,A,1,0,1,0,0,1,0,0,0,0,-,-,LOS ANGELES,LOS ANGELES,-118.3953972,34.05527
8283982,2016,1/26/2017,1942,11/10/2016,1435,39058,663,4,5,7,1942,0,0,0,,0,20TL56,SEWARD ST,FOUNTAIN AV,0,,Y,A,-,N,,,,,,,,,,N,3,0,1,2,A,-,9,21800,A,N,D,G,A,A,H,-,A,A,0,,Y,,,Y,,-,-,0,1,0,0,0,0,1,0,0,-,-,LOS ANGELES,LOS ANGELES,-118.33321,34.09438005
8283980,2016,1/24/2017,1920,12/17/2016,1650,12323,,6,5,6,1920,0,0,0,,0,6,PARAMOUNT BL,ADOREE ST,16,N,N,A,-,N,,,,,,,,,,N,4,0,1,2,A,-,5,21650,1,N,D,G,A,A,H,-,B,A,0,,Y,,,Y,,L,4,0,0,1,0,0,0,1,0,0,-,-,LOS ANGELES,DOWNEY,-118.1539429,33.92137762
8283971,2016,1/25/2017,1942,11/17/2016,1630,38145,636,4,5,7,1942,0,0,0,F,0,6A79,YUCCA ST,VINE ST,277,E,N,A,-,N,,,,,,,,,,N,3,0,1,2,A,-,5,21651,A,N,G,B,D,A,E,-,A,D,0,Y,,,,Y,,A,1,0,1,0,0,1,0,0,0,0,-,-,LOS ANGELES,LOS ANGELES,-118.3258068,34.10371391
8283966,2016,1/24/2017,1942,11/2/2016,1530,42378,1457,3,5,7,1942,0,0,0,N,0,14A27,BRADDOCK DR,CENTINELA AV,0,,Y,A,-,N,,,,,,,,,,N,4,0,1,2,A,-,10,21950,A,N,G,B,B,A,H,-,A,D,0,Y,,,,Y,,A,1,0,0,1,0,1,0,0,0,0,-,-,LOS ANGELES,LOS ANGELES,-118.41913,33.98960003
8283954,2016,1/23/2017,1942,11/29/2016,1715,33060,825,2,5,7,1942,0,0,0,,0,8A1,SAN VINCENTE,CARMELINA,75,E,N,A,-,N,,,,,,,,,,N,2,0,1,2,A,-,3,22350,,F,C,G,A,A,H,-,C,D,0,,Y,,,Y,,-,99,1,0,0,0,0,0,1,0,0,-,-,LOS ANGELES,LOS ANGELES,,
8283950,2016,1/23/2017,1942,11/17/2016,1720,36016,1488,4,5,7,1942,0,0,0,N,0,14X56,POSTAL RD,CENTURY,5,S,N,A,-,N,,,,,,,,,,N,4,0,1,2,A,-,9,21801,A,N,D,G,A,A,H,-,C,A,0,,Y,,,Y,,A,1,0,0,1,0,0,0,1,0,0,-,-,LOS ANGELES,LOS ANGELES,-118.38342,33.94540629
8283942,2016,1/23/2017,1942,11/15/2016,2030,42166,1401,2,5,7,1942,0,0,0,N,0,14A12,OCEAN PARK BL,ARMACOST AV,0,,Y,A,-,N,,,,,,,,,,N,3,0,1,2,A,-,9,21801,A,N,G,G,A,A,H,-,C,A,0,,Y,,,Y,,A,1,0,1,0,0,0,0,1,0,0,-,-,LOS ANGELES,LOS ANGELES,-118.4454501,34.02492001
8283938,2016,1/24/2017,1942,11/14/2016,1815,42210,1245,1,5,7,1942,0,0,0,L,0,12X4,VERMONT AV,FLORENCE AV,5,N,N,A,-,N,,,,,,,,,,N,4,0,1,2,A,-,12,21453,A,N,H,G,A,A,H,-,C,A,0,,Y,,,Y,,L,4,0,0,1,0,0,0,1,0,0,-,-,LOS ANGELES,LOS ANGELES,-118.29174,33.97464371
8283930,2016,1/24/2017,1942,11/30/2016,440,25530,1273,3,5,7,1942,0,0,0,L,0,12A15,MANCHESTER BL,HALLDALE,0,,Y,A,-,N,,,,,,,,,,N,2,0,1,2,A,-,11,21955,,N,G,B,D,A,H,-,C,A,0,Y,,,,Y,Y,N,60,1,0,0,0,1,0,0,0,0,-,-,LOS ANGELES,LOS ANGELES,-118.3024901,33.96000001
8283926,2016,1/23/2017,1942,11/2/2016,1230,39410,931,3,5,7,1942,0,0,0,I,0,16TL26,BUS WAY,SEPULVEDA BL,675,W,N,A,-,N,,,,,,,,,,Y,3,0,1,2,A,-,3,22350,,F,A,B,E,A,H,-,A,D,0,Y,,,,Y,,A,1,0,1,0,0,1,0,0,0,0,-,-,LOS ANGELES,LOS ANGELES,,
8283519,2016,1/19/2017,1942,10/23/2016,1333,42519,835,7,5,7,1942,0,0,0,H,0,8A59,SANTA MONICA BL,OVERLAND DR,300,E,N,A,-,N,,,,,,,,,,N,3,0,1,1,A,-,3,22350,,N,H,A,A,A,A,-,A,D,0,,Y,,,Y,,L,4,0,1,0,0,0,0,1,0,0,-,-,LOS ANGELES,LOS ANGELES,-118.4321687,34.05207471
8283516,2016,1/19/2017,1946,10/10/2016,1830,P36,,1,5,4,1946,0,0,0,,0,1,COURT,MAYFLOWER,0,,Y,A,-,N,,,,,,,,,,N,3,0,1,2,D,-,0,,,F,D,B,D,A,H,-,B,D,0,Y,,,,Y,,-,-,0,1,0,0,1,0,0,0,0,-,-,LOS ANGELES,MONROVIA,-118.0098801,34.15398004
8283487,2016,1/19/2017,1942,10/7/2016,1130,40214,1463,5,5,7,1942,0,0,0,N,0,14A67,WESTLAWN AV,JEFFERSON BL,0,,Y,A,-,N,,,,,,,,,,N,4,0,1,2,A,-,5,21650,,N,D,G,A,A,H,-,A,A,0,,Y,,,Y,,L,4,0,0,1,0,0,0,1,0,0,-,-,LOS ANGELES,LOS ANGELES,-118.4138601,33.97930004
8283482,2016,1/19/2017,1942,10/22/2016,924,42519,835,6,5,7,1942,0,0,0,H,0,8A59,SEPULVEDA BL,OLYMPIC BL,5,N,N,A,-,N,,,,,,,,,,N,3,0,1,2,A,-,21,22106,,N,B,G,A,A,H,-,A,A,0,,Y,,,Y,,L,4,0,1,0,0,0,0,1,0,0,-,-,LOS ANGELES,LOS ANGELES,-118.4379295,34.04023122
8283476,2016,2/24/2017,1946,10/29/2016,1248,P51,,6,5,4,1946,0,0,0,,0,2,HUNTINGTON,HWY ESPLANADE,38,E,N,A,-,N,,,,,,,,,,N,3,0,1,1,C,-,18,,,N,E,I,A,A,C,-,A,A,0,,Y,,,Y,,-,-,0,1,0,0,0,0,1,0,0,-,-,LOS ANGELES,MONROVIA,,
8283470,2016,1/19/2017,1942,10/10/2016,900,40909,859,1,5,7,1942,0,0,0,H,0,8242,PICO BL,SHENANDOAH ST,0,,Y,A,-,N,,,,,,,,,,N,4,0,1,2,A,-,10,21950,,N,G,B,B,-,H,-,A,A,0,Y,,,,Y,,A,7,0,0,1,0,1,0,0,0,0,-,-,LOS ANGELES,LOS ANGELES,-118.38161,34.05437004
8283466,2016,1/19/2017,1942,10/13/2016,855,41715,2024,4,5,7,1942,0,0,0,,0,6A37,6TH ST,OXFORD AV,0,,Y,A,-,N,,,,,,,,,,N,4,0,1,3,A,-,0,23123,A,N,G,B,B,A,H,-,A,A,0,Y,,,,Y,,A,1,0,0,1,0,1,0,0,0,0,-,-,LOS ANGELES,LOS ANGELES,-118.3078501,34.0635201
8283463,2016,1/19/2017,1942,10/20/2016,910,40998,647,4,5,7,1942,0,0,0,F,0,6A49,GOWER ST,SELMA AV,40,N,N,A,-,N,,,,,,,,,,N,4,0,1,2,A,-,9,21804,A,N,D,H,A,A,H,-,A,-,0,,Y,,,Y,,A,1,0,0,1,0,0,0,0,0,0,-,-,LOS ANGELES,LOS ANGELES,-118.32234,34.0999297
8283455,2016,1/19/2017,1942,10/20/2016,830,40260,636,4,5,7,1942,0,0,0,F,0,6A79,CAHUENGA BL,YUCCA ST,0,,Y,A,-,N,,,,,,,,,,N,3,0,1,2,A,-,10,21950,C,N,G,B,B,A,H,-,A,A,0,Y,,,,Y,Y,A,1,0,1,0,0,1,0,0,0,0,-,-,LOS ANGELES,LOS ANGELES,-118.32969,34.10392007
8283451,2016,1/19/2017,1942,10/20/2016,1115,38226,638,4,5,7,1942,0,0,0,F,0,6A49,HOLLYWOOD,GRAMERCY,0,,Y,A,-,N,,,,,,,,,,N,3,0,1,2,A,-,10,21950,A,N,G,B,B,A,H,-,A,D,0,Y,,,,Y,,A,1,0,1,0,0,1,0,0,0,0,-,-,LOS ANGELES,LOS ANGELES,-118.3122701,34.10172004
8283446,2016,1/19/2017,1942,10/22/2016,5,42139,835,6,5,7,1942,0,0,0,H,0,8A1,WESTWOOD BL,LA GRANGE AV,700,S,N,A,-,N,,,,,,,,,,N,3,0,1,2,A,-,9,21804,A,N,D,G,A,A,H,-,A,D,0,,Y,,,Y,,A,1,0,1,0,0,0,0,1,0,0,-,-,LOS ANGELES,LOS ANGELES,-118.4327978,34.04512859
8283443,2016,1/19/2017,1942,10/22/2016,1030,38609,668,6,5,7,1942,0,0,0,F,0,6A79,SUNSET BL,WILTON PL,0,,Y,A,-,N,,,,,,,,,,N,3,0,1,2,A,-,9,21804,A,N,H,G,A,A,H,-,A,A,0,,Y,,,Y,,L,4,0,1,0,0,0,0,1,0,0,-,-,LOS ANGELES,LOS ANGELES,-118.3136001,34.09808009
8283439,2016,1/19/2017,1942,11/30/2016,900,41707,HOLLY,3,5,7,1942,0,0,0,,0,6A45,HOLLYWOOD BL,FULLER AV,0,,Y,A,-,N,,,,,,,,,,N,2,0,1,2,A,-,9,21801,A,N,G,B,B,A,H,-,A,A,0,Y,,,,Y,,A,1,1,0,0,0,1,0,0,0,0,-,-,LOS ANGELES,LOS ANGELES,-118.34895,34.10162009
8283438,2016,1/19/2017,1942,11/2/2016,1835,42416,2015,3,5,7,1942,0,0,0,,0,20A58,1ST ST,KENMORE AV,0,,Y,A,-,N,,,,,,,,,,N,4,0,1,2,A,-,10,21950,A,N,G,B,B,A,H,-,C,A,0,Y,,,,Y,,A,1,0,0,1,0,1,0,0,0,0,-,-,LOS ANGELES,LOS ANGELES,-118.2965401,34.07275001
8283437,2016,1/19/2017,1942,11/11/2016,1035,42281,881,5,5,7,1942,0,0,0,H,0,8A53,BUNDY DR,MISSOURI AV,30,N,N,A,-,N,,,,,,,,,,N,2,0,1,2,A,-,17,21208,B,N,A,G,A,A,H,-,A,A,0,,Y,,,Y,,L,4,1,0,0,0,0,0,1,0,0,-,-,LOS ANGELES,LOS ANGELES,-118.4571409,34.03531737
8283434,2016,1/19/2017,1942,11/29/2016,1250,42033,2054,2,5,7,1942,0,0,0,,0,20A45,KINGSLEY DR,OLYMPIC BL,0,,Y,A,-,N,,,,,,,,,,N,4,0,1,2,D,-,0,,,N,G,G,A,A,D,-,A,A,0,,Y,,,Y,,-,-,0,0,1,0,0,0,1,0,0,-,-,LOS ANGELES,LOS ANGELES,-118.3031501,34.05263001
8283431,2016,1/19/2017,1942,11/30/2016,735,41514,648,3,5,7,1942,0,0,0,F,0,6A49W2,WESTERN AV,CARLTON WY,0,,Y,A,-,N,,,,,,,,,,N,3,0,1,2,A,-,9,21804,A,N,H,G,A,A,H,-,A,-,0,,Y,,,Y,,L,4,0,1,0,0,0,0,1,0,0,-,-,LOS ANGELES,LOS ANGELES,-118.30924,34.10051003
8283429,2016,1/19/2017,1942,11/27/2016,2150,32576,833,7,5,7,1942,0,0,0,,0,841,VETERAN AV,WILSHIRE BL,0,,Y,A,-,N,,,,,,,,,,N,2,0,1,2,A,-,9,21453,B,N,G,B,B,A,H,-,C,A,0,Y,,,,Y,,A,1,1,0,0,0,1,0,0,0,0,-,-,LOS ANGELES,LOS ANGELES,-118.44775,34.0577601
8283425,2016,1/19/2017,1942,11/30/2016,1640,42019,881,3,5,7,1942,0,0,0,H,0,8A12,MISSISSIPPI AV,STONER AV,0,,Y,A,-,N,,,,,,,,,,N,4,0,1,2,A,-,12,22450,,N,G,G,A,A,H,-,C,D,0,,Y,,,Y,,A,1,0,0,1,0,0,0,0,0,0,-,-,LOS ANGELES,LOS ANGELES,-118.45003,34.03506002