CASE_ID,ACCIDENT_YEAR,PROC_DATE,JURIS,COLLISION_DATE,COLLISION_TIME,OFFICER_ID,REPORTING_DISTRICT,DAY_OF_WEEK,CHP_SHIFT,POPULATION,CNTY_CITY_LOC,SPECIAL_COND,BEAT_TYPE,CHP_BEAT_TYPE,CITY_DIVISION_LAPD,CHP_BEAT_CLASS,BEAT_NUMBER,PRIMARY_RD,SECONDARY_RD,DISTANCE,DIRECTION,INTERSECTION,WEATHER_1,WEATHER_2,STATE_HWY_IND,CALTRANS_COUNTY,CALTRANS_DISTRICT,STATE_ROUTE,ROUTE_SUFFIX,POSTMILE_PREFIX,POSTMILE,LOCATION_TYPE,RAMP_INTERSECTION,SIDE_OF_HWY,TOW_AWAY,COLLISION_SEVERITY,NUMBER_KILLED,NUMBER_INJURED,PARTY_COUNT,PRIMARY_COLL_FACTOR,PCF_CODE_OF_VIOL,PCF_VIOL_CATEGORY,PCF_VIOLATION,PCF_VIOL_SUBSECTION,HIT_AND_RUN,TYPE_OF_COLLISION,MVIW,PED_ACTION,ROAD_SURFACE,ROAD_COND_1,ROAD_COND_2,LIGHTING,CONTROL_DEVICE,CHP_ROAD_TYPE,PEDESTRIAN_ACCIDENT,BICYCLE_ACCIDENT,MOTORCYCLE_ACCIDENT,TRUCK_ACCIDENT,NOT_PRIVATE_PROPERTY,ALCOHOL_INVOLVED,STWD_VEHTYPE_AT_FAULT,CHP_VEHTYPE_AT_FAULT,COUNT_SEVERE_INJ,COUNT_VISIBLE_INJ,COUNT_COMPLAINT_PAIN,COUNT_PED_KILLED,COUNT_PED_INJURED,COUNT_BICYCLIST_KILLED,COUNT_BICYCLIST_INJURED,COUNT_MC_KILLED,COUNT_MC_INJURED,PRIMARY_RAMP,SECONDARY_RAMP,COUNTY,CITY,LONGITUDE,LATITUDE
8283424,2016,1/19/2017,1942,11/23/2016,1135,26281,646,3,5,7,1942,0,0,0,F,0,7MQ56,HOLLYWOOD BL,LAS PALMAS AV,0,,Y,A,-,N,,,,,,,,,,N,3,0,1,2,A,-,12,21453,A,N,H,G,A,A,H,-,A,A,0,,Y,,,Y,,A,1,0,1,0,0,0,0,1,0,0,-,-,LOS ANGELES,LOS ANGELES,-118.3361301,34.10155006
8283423,2016,1/19/2017,1942,11/8/2016,1935,35330,1414,2,5,7,1942,0,0,0,N,0,14A13,ROSE AV,BERNARD AV,20,W,N,A,-,N,,,,,,,,,,N,3,0,1,2,A,-,17,21208,A,N,A,G,A,A,H,-,C,A,0,,Y,,,Y,,A,1,0,1,0,0,0,0,1,0,0,-,-,LOS ANGELES,LOS ANGELES,-118.4706355,33.99990045
8283422,2016,1/19/2017,1942,11/2/2016,2215,39145,2027,3,5,7,1942,0,0,0,,0,20A13,KENMORE AV,6TH ST,75,N,N,A,-,N,,,,,,,,,,N,4,0,1,2,A,-,3,22350,,N,H,G,A,A,H,-,A,D,0,,Y,,,Y,,A,1,0,0,1,0,0,0,1,0,0,-,-,LOS ANGELES,LOS ANGELES,-118.2966334,34.06380567
8283421,2016,1/19/2017,1942,11/20/2016,1747,40123,774,7,5,7,1942,0,0,0,G,0,20A34,SAINT ELMO DR,LA BREA DR,0,,Y,C,-,N,,,,,,,,,,N,4,0,1,2,A,-,21,22106,,F,G,B,E,B,H,-,C,D,0,Y,,,,Y,,-,99,0,0,1,0,1,0,0,0,0,-,-,LOS ANGELES,LOS ANGELES,-118.3460301,34.04420005
8283418,2016,1/19/2017,1942,11/19/2016,1655,42188,20,6,5,7,1942,0,0,0,,0,69,ELDEN AV,PICO BL,400,N,N,A,-,N,,,,,,,,,,N,3,0,1,2,A,-,11,21956,A,N,G,B,D,A,H,-,C,D,0,Y,,,,Y,,N,60,0,1,0,0,1,0,0,0,0,-,-,LOS ANGELES,LOS ANGELES,-118.2877121,34.04839697
8283417,2016,1/19/2017,1942,11/22/2016,2000,35765,834,2,5,7,1942,0,0,0,H,0,8A53,WILSHIRE BL,MALCOLM AV,15,S,N,A,-,N,,,,,,,,,,N,4,0,1,2,A,-,10,21950,,N,G,B,B,A,H,-,C,D,0,Y,,,,Y,,A,7,0,0,1,0,1,0,0,0,0,-,-,LOS ANGELES,LOS ANGELES,-118.439807,34.05988729
8283405,2016,1/20/2017,1942,11/14/2016,750,41944,815,1,5,7,1942,0,0,0,H,0,8A1,SUNSET BL,GLENROY ST,100,W,N,A,-,N,,,,,,,,,,N,3,0,1,3,A,-,9,21804,A,N,A,G,A,A,H,-,A,D,0,,Y,,,Y,,A,1,0,1,0,0,0,0,1,0,0,-,-,LOS ANGELES,LOS ANGELES,-118.461507,34.07306
8283404,2016,1/19/2017,1942,11/15/2016,835,26740,656,2,5,7,1942,0,0,0,F,0,8MQ73,EL CENTRO AV,SANTA MONICA,45,S,N,A,-,N,,,,,,,,,,N,3,0,1,2,A,-,11,21954,A,N,G,B,D,A,H,-,A,A,0,Y,,,,Y,,N,60,0,1,0,0,1,0,0,0,0,-,-,LOS ANGELES,LOS ANGELES,-118.32445,34.09061658
8283403,2016,1/19/2017,1942,11/15/2016,800,42373,1428,2,5,7,1942,0,0,0,N,0,14A27,MIDVALE AV,WOODBINE ST,0,,Y,A,-,N,,,,,,,,,,N,4,0,1,2,A,-,10,21950,A,N,G,B,B,A,H,-,A,A,0,Y,,,,Y,,A,7,0,0,1,0,1,0,0,0,0,-,-,LOS ANGELES,LOS ANGELES,-118.4167901,34.02378012
8283402,2016,1/19/2017,1942,11/11/2016,1055,31573,677,5,5,7,1942,0,0,0,F,0,34MQ09,MELROSE AV,WILTON PL,3,W,N,A,-,N,,,,,,,,,,N,4,0,1,2,A,-,5,21650,,N,H,G,A,A,H,-,A,A,0,,Y,,,Y,,L,4,0,0,1,0,0,0,1,0,0,-,-,LOS ANGELES,LOS ANGELES,-118.3135599,34.08351
8283398,2016,1/19/2017,1942,11/17/2016,155,33509,2022,4,5,7,1942,0,0,0,,0,2030W3,WESTERN AV,5TH ST,2,S,N,A,-,N,,,,,,,,,,N,2,0,1,2,A,-,9,21453,B,N,G,B,B,A,H,-,C,A,0,Y,,,,Y,,N,60,1,0,0,0,1,0,0,0,0,-,-,LOS ANGELES,LOS ANGELES,,
8283390,2016,1/19/2017,1942,11/18/2016,1330,42222,2024,5,5,7,1942,0,0,0,,0,20A39,SERRANO AV,5TH ST,0,,Y,A,-,N,,,,,,,,,,N,3,0,1,2,A,-,10,21950,A,N,A,B,B,A,H,-,A,A,0,Y,,,,Y,,A,1,0,1,0,0,1,0,0,0,0,-,-,LOS ANGELES,LOS ANGELES,-118.3066,34.06535
8283389,2016,1/19/2017,1942,11/18/2016,610,41728,813,5,5,7,1942,0,0,0,H,0,8Z1-W2,MACCULLOCH DR,5TH AV,142,E,N,A,-,N,,,,,,,,,,N,3,0,1,2,A,-,11,21954,A,N,G,B,E,A,H,-,A,D,0,Y,,,,Y,,N,60,0,1,0,0,1,0,0,0,0,-,-,LOS ANGELES,LOS ANGELES,,
8283387,2016,1/19/2017,1942,11/17/2016,1255,39058,1414,4,5,7,1942,0,0,0,N,0,14TL52,BROADWAY AV,NORFOLK AV,268,E,N,A,-,N,,,,,,,,,,N,4,0,1,2,A,-,9,21804,A,N,D,G,A,A,H,-,A,D,0,,Y,,,Y,,L,4,0,0,1,0,0,0,1,0,0,-,-,LOS ANGELES,LOS ANGELES,-118.4629006,33.99754141
8283385,2016,1/19/2017,1942,11/22/2016,1720,42294,837,2,5,7,1942,0,0,0,H,0,08A,MIDVALE AV,WILKINS AV,200,S,N,A,-,N,,,,,,,,,,N,3,0,1,2,A,-,5,21650,,N,A,G,A,A,H,-,C,A,0,,Y,,,Y,,L,4,0,1,0,0,0,0,0,0,0,-,-,LOS ANGELES,LOS ANGELES,-118.4422576,34.05436321
8283384,2016,1/19/2017,1942,11/21/2016,1545,38590,663,1,5,7,1942,0,0,0,F,0,20TL56,WILLOUGHBY AV,HIGHLAND AV,0,,Y,A,-,N,,,,,,,,,,N,3,0,1,2,A,-,9,21801,A,N,G,B,B,A,H,-,A,A,0,Y,,,,Y,,A,1,0,1,0,0,1,0,0,0,0,-,-,LOS ANGELES,LOS ANGELES,-118.3386001,34.08708003
8283383,2016,1/19/2017,1942,11/18/2016,840,42471,1485,5,5,7,1942,0,0,0,N,0,14A73,EMERSON,MANCHESTER,0,,Y,A,-,N,,,,,,,,,,N,3,0,1,2,A,-,9,21801,A,N,G,B,B,A,H,-,A,A,0,Y,,,,Y,,A,1,0,1,0,0,1,0,0,0,0,-,-,LOS ANGELES,LOS ANGELES,-118.4044,33.95988003
8283379,2016,1/19/2017,1942,11/26/2016,1315,30922,1455,6,5,7,1942,0,0,0,N,0,7T38,WASHINGTON BL,YALE,0,,Y,C,-,N,,,,,,,,,,N,3,0,1,2,A,-,9,21801,A,N,D,G,A,B,H,-,A,D,0,,Y,,,Y,,A,1,0,1,0,0,0,0,1,0,0,-,-,LOS ANGELES,LOS ANGELES,-118.4498301,33.98945008
8283369,2016,1/19/2017,1942,11/19/2016,1820,40315,2034,6,5,7,1942,0,0,0,,0,20T59,ARDMORE DR,8TH ST,7,S,N,A,-,N,,,,,,,,,,N,4,0,1,2,A,-,10,21950,A,N,G,B,B,A,H,-,C,A,0,Y,,,,Y,,A,7,0,0,1,0,1,0,0,0,0,-,-,LOS ANGELES,LOS ANGELES,-118.30201,34.0576808
8283367,2016,1/19/2017,1942,11/18/2016,800,41048,1438,5,5,7,1942,0,0,0,N,0,14A27,PALMS BL,GLENDON AV,0,,Y,A,-,N,,,,,,,,,,Y,4,0,1,2,A,-,9,21804,B,N,G,G,A,A,-,-,A,A,0,,Y,,,Y,,A,1,0,0,1,0,0,0,1,0,0,-,-,LOS ANGELES,LOS ANGELES,-118.41386,34.02342006
8283365,2016,1/19/2017,1942,11/13/2016,1900,41942,RD083,7,5,7,1942,0,0,0,,0,8A240,SANTA MONICA BL,WESTHOLME AV,0,,Y,A,-,N,,,,,,,,,,N,4,0,1,2,A,-,11,21950,B,N,G,B,B,A,-,-,C,D,0,Y,,,,Y,,A,1,0,0,1,0,1,0,0,0,0,-,-,LOS ANGELES,LOS ANGELES,-118.4294301,34.05392007
8283307,2016,1/20/2017,1946,11/4/2016,1505,P38,,5,5,4,1946,0,0,0,,0,1,IVY AV,FOOTHILL BL,208,,N,A,-,N,,,,,,,,,,N,4,0,1,2,C,-,18,,,N,G,B,D,A,H,-,A,D,0,Y,,,,Y,,-,-,0,0,1,0,1,0,0,0,0,-,-,LOS ANGELES,MONROVIA,-117.9988301,34.15137005
8283295,2016,1/20/2017,1946,11/29/2016,1739,P5,,2,5,4,1946,0,0,0,,0,3,EVERGREEN,SHAMROCK,0,,Y,A,-,N,,,,,,,,,,N,4,0,1,2,A,-,10,21950,A,F,-,B,B,A,H,-,D,D,0,Y,,,,Y,,-,,0,0,1,0,1,0,0,0,0,-,-,LOS ANGELES,MONROVIA,-117.9907601,34.13499008
8283291,2016,1/20/2017,1946,11/26/2016,932,P20,,6,5,4,1946,0,0,0,,0,1,FOOTHILL,HIGHLAND,50,E,N,A,-,N,,,,,,,,,,N,4,0,1,1,D,-,0,,,N,H,G,A,A,H,-,A,D,0,,Y,,,Y,,-,-,0,0,1,0,0,0,1,0,0,-,-,LOS ANGELES,MONROVIA,-118.0111251,34.15124
8283287,2016,1/20/2017,1946,11/26/2016,1913,HUERTA,,6,5,4,1946,0,0,0,,0,1,MYRTLE,COLORADO,14,E,N,B,-,N,,,,,,,,,,N,4,0,1,2,A,-,10,21950,A,F,G,B,C,B,H,-,C,D,0,Y,,,,Y,,-,,0,0,1,0,1,0,0,0,0,-,-,LOS ANGELES,MONROVIA,-118.00093,34.14589
8283280,2016,2/2/2017,1925,12/27/2016,1047,20871,138,2,5,6,1925,0,0,0,,0,4,CANADA BL,COLINA DR,250,N,N,A,-,N,,,,,,,,,,N,3,0,1,2,A,-,8,22107,,M,B,G,A,A,H,-,A,D,0,,Y,,,Y,,A,1,0,1,0,0,0,0,1,0,0,-,-,LOS ANGELES,GLENDALE,-118.2289837,34.17508554
8283270,2016,1/20/2017,1942,12/20/2016,1645,39022,2027,2,5,7,1942,0,0,0,,0,20TL56,NORMANDIE AV,6TH ST,100,S,N,A,-,N,,,,,,,,,,N,3,0,1,2,A,-,11,21956,A,N,G,B,D,A,H,-,C,D,0,Y,,,,Y,,N,60,0,1,0,0,1,0,0,0,0,-,-,LOS ANGELES,LOS ANGELES,-118.30037,34.06332574
8283264,2016,2/3/2017,1925,12/18/2016,1707,20812,151,7,5,6,1925,0,0,0,,0,4,CALLE LA COSTA,IN DRIVEWAY,0,,N,B,-,N,,,,,,,,,,N,3,0,1,2,A,-,21,22106,,N,G,B,E,A,H,-,B,D,0,Y,,,,Y,,A,1,0,1,0,0,1,0,0,0,0,-,-,LOS ANGELES,GLENDALE,,
8283262,2016,1/20/2017,1942,12/15/2016,2125,40460,2062,4,5,7,1942,0,0,0,,0,8T35,OLYMPIC BL,WILTON PL,0,,N,A,C,N,,,,,,,,,,N,4,0,1,2,A,-,5,21650,1,N,H,G,A,B,H,-,C,A,0,,Y,,,Y,,L,4,0,0,1,0,0,0,1,0,0,-,-,LOS ANGELES,LOS ANGELES,-118.3150601,34.0525501
8283255,2016,2/2/2017,1942,12/22/2016,850,39217,2157,4,5,7,1942,0,0,0,,0,9TL59,VANOWEN ST,DE SOTO AV,0,,Y,A,-,N,,,,,,,,,,N,3,0,1,2,A,-,10,21950,A,N,G,B,B,B,H,-,A,A,0,Y,,,,Y,,A,1,0,1,0,0,1,0,0,0,0,-,-,LOS ANGELES,LOS ANGELES,-118.5884201,34.19379001
8283254,2016,1/20/2017,1942,12/2/2016,1810,39035,2071,5,5,7,1942,0,0,0,,0,20EL4,ARLINGTON AV,16TH PL,0,,Y,A,-,N,,,,,,,,,,N,4,0,1,2,A,-,11,21955,,N,G,B,D,A,H,-,B,D,0,Y,,,,Y,,N,60,0,0,1,0,1,0,0,0,0,-,-,LOS ANGELES,LOS ANGELES,-118.3177301,34.04267003
8283250,2016,1/20/2017,1942,12/12/2016,800,41054,2019,1,5,7,1942,0,0,0,,0,20TL55,WESTMORELAND AV,COUNCIL ST,0,,Y,A,-,N,,,,,,,,,,N,3,0,2,3,A,-,10,21950,A,N,G,B,B,A,H,-,A,A,0,Y,,,,Y,,A,1,0,1,1,0,2,0,0,0,0,-,-,LOS ANGELES,LOS ANGELES,-118.2879201,34.0749201
8283248,2016,2/2/2017,1942,12/30/2016,1850,31652,1994,5,5,7,1942,0,0,0,,0,19T73,BRIMFIELD AV,LORNE ST,8,N,N,B,-,N,,,,,,,,,,N,4,0,2,3,A,-,10,21950,A,N,G,B,B,-,H,-,C,A,0,Y,,,,Y,,A,7,0,0,2,0,2,0,0,0,0,-,-,LOS ANGELES,LOS ANGELES,-118.457993,34.21704911
8283245,2016,1/19/2017,1942,12/20/2016,840,40899,2049,2,5,7,1942,0,0,0,,0,20TL89,8TH ST,WESTMORELAND AV,10,E,N,A,-,N,,,,,,,,,,N,4,0,1,2,A,-,10,21950,A,N,G,B,B,A,H,-,A,A,0,Y,,,,Y,,A,1,0,0,1,0,1,0,0,0,0,-,-,LOS ANGELES,LOS ANGELES,-118.2890471,34.05774023
8283236,2016,2/2/2017,1925,12/29/2016,1727,2414,214,4,5,6,1925,0,0,0,,0,1,KENILWORTH AV,BURCHETT ST,0,,Y,A,-,N,,,,,,,,,,N,4,0,1,2,A,-,10,21950,A,N,G,B,B,A,H,-,C,D,0,Y,,,,Y,Y,A,1,0,0,1,0,1,0,0,0,0,-,-,LOS ANGELES,GLENDALE,-118.26675,34.15727002
8283214,2016,1/20/2017,1942,12/23/2016,2340,39258,LOSAN,5,5,7,1942,0,0,0,,0,9T53,WINNETKA AV,OXNARD ST,0,,Y,C,-,N,,,,,,,,,,N,2,0,1,2,A,-,9,21801,A,N,D,G,A,B,G,-,C,A,0,,Y,,,Y,,A,7,1,0,0,0,0,0,1,0,0,-,-,LOS ANGELES,LOS ANGELES,-118.5709901,34.18023012
8283213,2016,1/19/2017,1942,12/7/2016,2020,36602,2019,3,5,7,1942,0,0,0,,0,20T59,VERMONT AV,3RD ST,0,,Y,A,-,N,,,,,,,,,,N,4,0,1,2,A,-,10,21950,A,N,G,B,B,A,H,-,C,A,0,Y,,,,Y,,A,1,0,0,1,0,1,0,0,0,0,-,-,LOS ANGELES,LOS ANGELES,,
8283211,2016,2/3/2017,1900,12/23/2016,945,520027,2813,5,5,5,1915,0,0,0,,0,282T1,WILMINGTON AV,ROSECRANS AV,6,N,N,A,-,N,,,,,,,,,,N,4,0,1,2,A,-,10,21950,A,N,B,B,B,A,H,-,A,D,0,Y,,,,Y,,A,8,0,0,1,0,1,0,0,0,0,-,-,LOS ANGELES,COMPTON,-118.2381414,33.90338641
8283205,2016,1/19/2017,1942,12/1/2016,2340,37511,2069,4,5,7,1942,0,0,0,,0,7T23,HOOVER ST,OLYMPIC BL,300,S,N,A,-,N,,,,,,,,,,N,3,0,1,2,A,-,9,21801,A,N,H,G,A,A,H,-,C,D,0,,Y,,,Y,,A,1,0,1,0,0,0,0,1,0,0,-,-,LOS ANGELES,LOS ANGELES,-118.2841838,34.05157782
8283204,2016,2/2/2017,1942,12/11/2016,325,25495,2024,7,5,7,1942,0,0,0,,0,7T23,WILSHIRE BL,NORMANDIE AV,0,,Y,A,-,N,,,,,,,,,,N,3,0,2,2,A,-,9,21801,,N,D,G,A,A,H,-,C,A,0,,Y,,,Y,Y,A,1,0,1,1,0,0,0,1,0,0,-,-,LOS ANGELES,LOS ANGELES,-118.3003901,34.06174
8283201,2016,1/19/2017,1942,12/8/2016,1450,38380,2004,4,5,7,1942,0,0,0,,0,7TL38,OXFORD AV,OAKWOOD AV,8,S,N,A,-,N,,,,,,,,,,N,3,0,1,2,A,-,10,21950,A,N,G,B,B,A,H,-,A,A,0,Y,,,,Y,,A,1,0,1,0,0,1,0,0,0,0,-,-,LOS ANGELES,LOS ANGELES,-118.3079794,34.07759807
8283192,2016,1/19/2017,1942,12/31/2016,1700,39281,1555,6,5,7,1942,0,0,0,O,0,15T42,LANKERSHIM BL,MAGNOLIA BL,40,S,N,C,-,N,,,,,,,,,,N,4,0,1,2,A,-,10,21950,A,F,G,B,B,B,H,-,B,A,0,Y,,,,Y,,-,99,0,0,1,0,1,0,0,0,0,-,-,LOS ANGELES,LOS ANGELES,-118.3745952,34.1648002
8283188,2016,1/24/2017,1942,12/15/2016,1935,42358,1203,4,5,7,1942,0,0,0,L,0,12A3,WESTERN AV,48TH ST,3,N,N,C,-,N,,,,,,,,,,N,4,0,1,2,A,-,9,21801,A,N,A,B,B,B,-,-,C,A,0,Y,,,,Y,Y,A,1,0,0,1,0,1,0,0,0,0,-,-,LOS ANGELES,LOS ANGELES,,
8283185,2016,1/19/2017,1942,12/17/2016,905,40690,886,6,5,7,1942,0,0,0,H,0,7TL23,ROXBURY DR,PICO BL,0,,Y,A,-,N,,,,,,,,,,N,3,0,2,3,A,-,10,21950,A,N,G,B,B,A,H,-,A,A,0,Y,,,,Y,,A,1,0,1,1,0,2,0,0,0,0,-,-,LOS ANGELES,LOS ANGELES,-118.4021901,34.05398007
8283184,2016,1/19/2017,1942,12/28/2016,2030,26319,1684,3,5,7,1942,0,0,0,P,0,19TL74,LANKERSHIM BL,ROSCOE BL,85,N,N,A,-,N,,,,,,,,,,N,4,0,1,2,A,-,17,21454,A,F,G,B,E,A,H,-,A,D,0,Y,,,,Y,,N,60,0,0,1,0,1,0,0,0,0,-,-,LOS ANGELES,LOS ANGELES,,
8283178,2016,1/19/2017,1942,12/12/2016,1230,39061,842,1,5,7,1942,0,0,0,H,0,8TL26,BARRINGTON AV,TEXAS AV,583,,N,A,-,N,,,,,,,,,,N,3,0,1,2,A,-,11,21954,A,N,G,B,E,A,H,-,A,D,0,Y,,,,Y,,N,60,0,1,0,0,1,0,0,0,0,-,-,LOS ANGELES,LOS ANGELES,-118.4590301,34.04719002
8283160,2016,1/19/2017,1942,12/16/2016,630,42543,LOS A,5,5,7,1942,0,0,0,,0,12A31,FLORENCE AV,WESTERN,5,W,N,C,-,N,,,,,,,,,,N,4,0,1,2,D,-,0,,,N,G,B,B,B,H,-,B,D,0,Y,,,,Y,Y,-,-,0,0,1,0,1,0,0,0,0,-,-,LOS ANGELES,LOS ANGELES,-118.3089965,33.97457
8283145,2016,1/19/2017,1942,12/7/2016,720,33683,824,3,5,7,1942,0,0,0,H,0,8A29,EAST CHANNEL RD,DRYAD RD,445,W,N,B,-,N,,,,,,,,,,N,3,0,1,2,A,-,17,22517,,N,H,G,A,A,H,-,A,D,0,,Y,,,Y,,A,1,0,1,0,0,0,0,1,0,0,-,-,LOS ANGELES,LOS ANGELES,-118.5111356,34.03570076
8283132,2016,1/24/2017,1942,12/30/2016,2020,41536,336,5,5,7,1942,0,0,0,C,0,18T23,31ST,CIMMARON ST,317,E,N,B,-,N,,,,,,,,,,Y,2,0,1,4,A,-,13,22500,H,N,A,E,E,A,H,-,C,D,0,Y,,,,Y,,N,60,1,0,0,0,1,0,0,0,0,-,-,LOS ANGELES,LOS ANGELES,-118.3140858,34.02645672
8283131,2016,1/19/2017,1942,12/20/2016,1740,38380,678,2,5,7,1942,0,0,0,F,0,7TL38,SANTA MONICA BL,WESTERN AV,0,,Y,A,-,N,,,,,,,,,,N,4,0,1,2,A,-,5,21650,1,N,H,G,A,A,H,-,C,A,0,,Y,,,Y,,L,4,0,0,1,0,0,0,1,0,0,-,-,LOS ANGELES,LOS ANGELES,-118.3091701,34.09077001
8283127,2016,1/19/2017,1942,12/1/2016,1250,31071,679,4,5,7,1942,0,0,0,F,0,6A45,NORTH KINGSLEY DR,SWANSEA PL,30,S,N,A,-,N,,,,,,,,,,N,4,0,1,2,A,-,11,21954,A,N,C,B,E,A,H,-,A,D,0,Y,,,,Y,,N,60,0,0,1,0,1,0,0,0,0,-,-,LOS ANGELES,LOS ANGELES,-118.3032889,34.08915773
8283124,2016,1/19/2017,1942,12/30/2016,1800,41801,395,5,5,7,1942,0,0,0,C,0,3A58,MARTIN LUTHER KING JR BL,WESTERN AV,70,E,N,A,-,N,,,,,,,,,,N,2,0,1,2,A,-,11,21955,,N,A,B,D,A,H,-,C,A,0,Y,,,,Y,,A,1,1,0,0,0,1,0,0,0,0,-,-,LOS ANGELES,LOS ANGELES,-118.3086995,34.01085
8283116,2016,1/24/2017,1942,12/10/2016,1650,42416,668,6,5,7,1942,0,0,0,F,0,20A88,WILTON PL,LA MIRADA AV,0,,Y,A,-,N,,,,,,,,,,N,4,0,1,2,A,-,10,21950,C,N,G,B,B,A,H,-,E,D,0,Y,,,,Y,,D,22,0,0,1,0,1,0,0,0,0,-,-,LOS ANGELES,LOS ANGELES,-118.3136001,34.09377002
8283114,2016,1/24/2017,1942,12/8/2016,1530,41376,847,4,5,7,1942,0,0,0,H,0,7TL72,OLYMPIC BL,OVERLAND AV,5,E,N,A,-,N,,,,,,,,,,N,4,0,1,2,A,-,10,21950,A,N,G,B,B,A,H,-,B,A,0,Y,,,,Y,,D,22,0,0,1,0,1,0,0,0,0,-,-,LOS ANGELES,LOS ANGELES,-118.4281568,34.04600822
8283112,2016,1/25/2017,1942,10/16/2016,2015,42109,678,7,5,7,1942,0,0,0,F,0,20A53,MELROSE AV,HOBART BL,122,W,N,B,-,N,,,,,,,,,,N,3,0,1,2,A,-,11,21954,A,N,G,B,D,A,H,-,C,D,0,Y,,,,Y,,N,60,0,1,0,0,1,0,0,0,0,-,-,LOS ANGELES,LOS ANGELES,-118.3061521,34.08352721
8283104,2016,1/23/2017,1942,10/18/2016,1150,41715,648,2,5,7,1942,0,0,0,F,0,6A31,SERRANO AV,HOLLYWOOD BL,0,,Y,A,-,N,,,,,,,,,,N,4,0,1,2,A,-,9,21804,A,N,H,G,A,A,H,-,A,D,0,,Y,,,Y,,L,4,0,0,1,0,0,0,1,0,0,-,-,LOS ANGELES,LOS ANGELES,-118.30722,34.10174007
8283099,2016,1/24/2017,1942,12/1/2016,1755,42096,663,4,5,7,1942,0,0,0,F,0,6A76,MC CADDEN PL,FOUNTAIN AV,7,N,N,A,-,N,,,,,,,,,,N,2,0,1,2,A,-,10,21950,A,N,G,B,B,A,H,-,C,D,0,Y,,,,Y,,D,22,1,0,0,0,1,0,0,0,0,-,-,LOS ANGELES,LOS ANGELES,-118.33749,34.0944092
8283084,2016,1/25/2017,1942,11/17/2016,840,39666,1428,4,5,7,1942,0,0,0,N,0,14A27,MALCOLM AV,WESTWOOD BL,0,,Y,A,-,N,,,,,,,,,,N,4,0,1,2,A,-,9,21804,A,N,H,G,A,A,H,-,A,D,0,,Y,,,Y,,D,22,0,0,1,0,0,0,1,0,0,-,-,LOS ANGELES,LOS ANGELES,-118.4190401,34.0299501
8283080,2016,1/25/2017,1942,11/14/2016,1205,37715,1407,1,5,7,1942,0,0,0,N,0,7TL38W,NATIONAL BL,MOTOR AV,132,W,N,A,-,N,,,,,,,,,,Y,3,0,2,2,C,-,18,,,N,E,I,E,A,H,-,A,D,0,Y,,,,Y,,-,-,0,2,0,0,1,0,0,0,0,-,-,LOS ANGELES,LOS ANGELES,-118.4110864,34.029045
8283071,2016,1/23/2017,1942,11/25/2016,1710,41097,1256,5,5,7,1942,0,0,0,L,0,12A53,HOOVER,74TH ST,0,,Y,A,-,N,,,,,,,,,,N,3,0,1,2,A,-,10,21950,A,N,G,B,B,A,H,-,C,A,0,Y,,,,Y,,D,22,0,1,0,0,1,0,0,0,0,-,-,LOS ANGELES,LOS ANGELES,-118.2871201,33.9726801
8283047,2016,1/23/2017,1942,11/4/2016,1430,36255,LOSAN,5,5,7,1942,0,0,0,,0,14A27,VENICE BL,WATSEKA AV,0,,Y,A,-,N,,,,,,,,,,N,3,0,1,2,A,-,9,21801,A,N,D,G,A,A,H,-,A,D,0,,Y,,,Y,,D,22,0,1,0,0,0,0,1,0,0,-,-,LOS ANGELES,LOS ANGELES,-118.39697,34.02449011
8283046,2016,1/23/2017,1942,11/23/2016,730,41003,885,3,5,7,1942,0,0,0,H,0,6T7,PICO BL,OVERLAND AV,0,,Y,A,-,N,,,,,,,,,,N,4,0,1,2,A,-,8,22107,,N,D,G,A,A,H,-,A,A,0,,Y,,,Y,,D,22,0,0,1,0,0,0,1,0,0,-,-,LOS ANGELES,LOS ANGELES,-118.4247401,34.04190009
8282779,2016,1/19/2017,1900,12/24/2016,918,527069,2608,6,5,6,1950,0,0,0,,0,263T1,AVENUE R,30TH ST EAST,874,E,N,A,-,N,,,,,,,,,,N,3,0,1,2,A,-,8,22107,,N,B,G,A,A,H,-,A,D,0,,Y,,,Y,,L,4,0,1,0,0,0,0,1,0,0,-,-,LOS ANGELES,PALMDALE,-118.0732636,34.57283666
8282728,2016,1/26/2017,1925,12/30/2016,605,24920,239,5,5,6,1925,0,0,0,,0,4,N VERDUGO RD,E WILSON AV,50,N,N,A,-,N,,,,,,,,,,N,4,0,1,2,D,-,0,,,N,D,B,F,A,H,-,C,D,0,Y,,,,Y,,-,-,0,0,1,0,1,0,0,0,0,-,-,LOS ANGELES,GLENDALE,-118.2355969,34.14819365
8282710,2016,1/25/2017,1941,12/19/2016,1906,10661,,1,5,7,1941,0,0,0,,0,,SOUTH ST,ATLANTIC AV,0,,Y,A,-,N,,,,,,,,,,N,4,0,1,2,A,-,5,21650,1,N,D,G,A,A,H,-,C,A,0,,Y,,,Y,,L,,0,0,1,0,0,0,1,0,0,-,-,LOS ANGELES,LONG BEACH,-118.18504,33.86008011