CASE_ID,ACCIDENT_YEAR,PROC_DATE,JURIS,COLLISION_DATE,COLLISION_TIME,OFFICER_ID,REPORTING_DISTRICT,DAY_OF_WEEK,CHP_SHIFT,POPULATION,CNTY_CITY_LOC,SPECIAL_COND,BEAT_TYPE,CHP_BEAT_TYPE,CITY_DIVISION_LAPD,CHP_BEAT_CLASS,BEAT_NUMBER,PRIMARY_RD,SECONDARY_RD,DISTANCE,DIRECTION,INTERSECTION,WEATHER_1,WEATHER_2,STATE_HWY_IND,CALTRANS_COUNTY,CALTRANS_DISTRICT,STATE_ROUTE,ROUTE_SUFFIX,POSTMILE_PREFIX,POSTMILE,LOCATION_TYPE,RAMP_INTERSECTION,SIDE_OF_HWY,TOW_AWAY,COLLISION_SEVERITY,NUMBER_KILLED,NUMBER_INJURED,PARTY_COUNT,PRIMARY_COLL_FACTOR,PCF_CODE_OF_VIOL,PCF_VIOL_CATEGORY,PCF_VIOLATION,PCF_VIOL_SUBSECTION,HIT_AND_RUN,TYPE_OF_COLLISION,MVIW,PED_ACTION,ROAD_SURFACE,ROAD_COND_1,ROAD_COND_2,LIGHTING,CONTROL_DEVICE,CHP_ROAD_TYPE,PEDESTRIAN_ACCIDENT,BICYCLE_ACCIDENT,MOTORCYCLE_ACCIDENT,TRUCK_ACCIDENT,NOT_PRIVATE_PROPERTY,ALCOHOL_INVOLVED,STWD_VEHTYPE_AT_FAULT,CHP_VEHTYPE_AT_FAULT,COUNT_SEVERE_INJ,COUNT_VISIBLE_INJ,COUNT_COMPLAINT_PAIN,COUNT_PED_KILLED,COUNT_PED_INJURED,COUNT_BICYCLIST_KILLED,COUNT_BICYCLIST_INJURED,COUNT_MC_KILLED,COUNT_MC_INJURED,PRIMARY_RAMP,SECONDARY_RAMP,COUNTY,CITY,LONGITUDE,LATITUDE
8193146,2016,12/27/2016,1965,12/10/2016,808,3553,OB2A,6,5,5,1965,0,0,0,,0,B002,4TH ST,PICO BL,0,,Y,B,-,N,,,,,,,,,,N,3,0,1,2,A,-,5,21202,A,N,D,G,A,A,H,-,A,A,0,,Y,,,Y,,L,4,0,1,0,0,0,0,1,0,0,-,-,LOS ANGELES,SANTA MONICA,-118.48728,34.00964011
8193122,2016,12/27/2016,1965,12/6/2016,813,3178,0B2E,2,5,5,1965,0,0,0,,0,B002,CLOVERFIELD BL,PICO BL,22,N,N,A,-,N,,,,,,,,,,N,3,0,1,2,A,-,12,21453,A,N,D,G,A,A,H,-,A,A,0,,Y,,,Y,,L,4,0,1,0,0,0,0,1,0,0,-,-,LOS ANGELES,SANTA MONICA,-118.4657129,34.02156129
8193032,2016,1/3/2017,1920,11/20/2016,1718,10149,,7,5,6,1920,0,0,0,,0,6,IMPERIAL HWY,LAKEWOOD BL,170,W,N,C,-,N,,,,,,,,,,N,4,0,1,2,A,-,11,21954,A,N,G,B,D,B,H,-,C,A,0,Y,,,,Y,,N,60,0,0,1,0,1,0,0,0,0,-,-,LOS ANGELES,DOWNEY,-118.1384272,33.91699719
8192777,2016,12/22/2016,1901,11/7/2016,746,284,22,1,5,5,1901,0,0,0,,0,3,MAIN ST,HAMPDEN TER,3,S,N,A,-,N,,,,,,,,,,N,2,0,1,2,A,-,11,21950,B,N,G,B,B,A,H,-,A,A,0,Y,,,,Y,,N,60,1,0,0,0,1,0,0,0,0,-,-,LOS ANGELES,ALHAMBRA,-118.1563129,34.0956143
8192773,2016,12/22/2016,1901,11/9/2016,1622,224,14,3,5,5,1901,0,0,0,,0,2,VALLEY BL,3RD ST,30,E,N,A,-,N,,,,,,,,,,N,4,0,1,2,A,-,9,21801,A,N,A,G,A,A,H,-,A,D,0,,Y,,,Y,,A,1,0,0,1,0,0,0,1,0,0,-,-,LOS ANGELES,ALHAMBRA,-118.1254315,34.07842657
8192769,2016,12/22/2016,1901,11/9/2016,1710,267,24,3,5,5,1901,0,0,0,,0,3,MAIN ST,CURTIS AV,3,E,N,A,-,N,,,,,,,,,,N,4,0,1,2,A,-,10,21950,A,N,B,B,B,A,H,-,B,D,0,Y,,,,Y,,A,1,0,0,1,0,1,0,0,0,0,-,-,LOS ANGELES,ALHAMBRA,-118.1371301,34.09155008
8192761,2016,12/22/2016,1901,11/10/2016,1444,146,10,4,5,5,1901,0,0,0,,0,2,LOS HIGOS,GARFIELD,0,,Y,A,-,N,,,,,,,,,,N,4,0,1,2,A,-,10,21950,A,N,G,B,B,A,H,-,A,A,0,Y,,,,Y,,-,,0,0,1,0,1,0,0,0,0,-,-,LOS ANGELES,ALHAMBRA,-118.12306,34.08569
8192633,2016,12/22/2016,1900,12/1/2016,1415,510509,1123,4,5,6,1992,0,0,0,,0,111T1,SIERRA HWY,AVENUE J,29,S,N,A,-,N,,,,,,,,,,N,3,0,1,2,A,-,5,21650,1,N,H,G,A,A,H,-,A,A,0,,Y,,,Y,,L,4,0,1,0,0,0,0,1,0,0,-,-,LOS ANGELES,LANCASTER,-118.135342,34.68935392
8192629,2016,12/22/2016,1900,12/14/2016,1600,602965,1125,3,5,6,1992,0,0,0,,0,112T1,10TH ST W,AVENUE I,396,S,N,A,-,N,,,,,,,,,,N,3,0,1,2,A,-,7,21658,A,N,D,G,A,A,H,-,A,D,0,,Y,,,Y,,L,4,0,1,0,0,0,0,1,0,0,-,-,LOS ANGELES,LANCASTER,-118.14812,34.70286418
8192564,2016,1/3/2017,1901,10/22/2016,1653,272,16,6,5,5,1901,0,0,0,,0,4,FREMONT AV,GLENDON WY,12,S,N,A,-,N,,,,,,,,,,Y,3,0,1,2,A,-,9,21801,A,N,G,G,A,A,H,-,B,D,0,,Y,,,Y,,D,22,0,1,0,0,0,0,1,0,0,-,-,LOS ANGELES,ALHAMBRA,-118.1518296,34.0737571
8192521,2016,12/22/2016,1900,10/3/2016,1910,602466,1331,1,5,5,1908,0,0,0,,0,133F1,MAPLEDALE ST,MCNAB AV,505,E,N,A,-,N,,,,,,,,,,Y,4,0,1,2,A,-,11,21954,A,F,G,B,E,A,H,-,A,D,0,Y,,,,Y,,A,1,0,0,1,0,1,0,0,0,0,-,-,LOS ANGELES,BELLFLOWER,-118.1114794,33.89836158
8192513,2016,12/22/2016,1900,10/4/2016,1515,548799,1335,2,5,5,1908,0,0,0,,0,133T2,CEDAR ST,CLARK AV,9,W,N,A,-,N,,,,,,,,,,N,4,0,1,2,A,-,10,21950,A,N,D,B,B,A,H,-,A,A,0,Y,,,,Y,,A,7,0,0,1,0,1,0,0,0,0,-,-,LOS ANGELES,BELLFLOWER,-118.1339196,33.8711399
8192478,2016,12/22/2016,1944,11/26/2016,1016,351,SOUTH,6,5,4,1944,0,0,0,,0,3,15TH ST,CREST DR,0,,Y,B,-,N,,,,,,,,,,N,3,0,1,2,A,-,8,22107,,N,D,G,A,A,H,-,A,D,0,,Y,,,Y,,A,8,0,1,0,0,0,0,1,0,0,-,-,LOS ANGELES,MANHATTAN BEACH,-118.41078,33.88767008
8192437,2016,12/22/2016,1900,10/3/2016,700,438096,1321,1,5,5,1935,0,0,0,,0,132T1,BELLFLOWER BL,DEL AMO BL,52,N,N,A,-,N,,,,,,,,,,N,4,0,1,2,A,-,11,21954,A,N,G,B,D,A,H,-,A,A,0,Y,,,,Y,,-,,0,0,1,0,1,0,0,0,0,-,-,LOS ANGELES,LAKEWOOD,-118.12515,33.84725259
8192377,2016,12/22/2016,1941,12/7/2016,1428,10135,,3,5,7,1941,0,0,0,,0,,ORANGE AV,19TH ST,0,,Y,B,-,N,,,,,,,,,,N,3,0,1,2,A,-,9,21801,A,N,D,G,A,A,H,-,A,D,0,,Y,,,Y,,A,,0,1,0,0,0,0,1,0,0,-,-,LOS ANGELES,LONG BEACH,-118.17631,33.79128006
8192365,2016,12/22/2016,1941,12/8/2016,1021,10936,,4,5,7,1941,0,0,0,,0,,LONG BEACH BL,67TH ST,112,N,N,A,-,N,,,,,,,,,,Y,3,0,1,2,A,-,0,20001,,F,G,B,E,A,D,-,A,D,0,Y,,,,Y,,A,,0,1,0,0,1,0,0,0,0,-,-,LOS ANGELES,LONG BEACH,-118.2033506,33.8762877
8192339,2016,3/4/2017,1900,10/11/2016,1830,527451,133T2,2,5,5,1908,0,0,0,,0,1332,GLENDALE ST,LAKEWOOD BL,3,E,N,A,-,Y,LA,7,19,-,-,8.368,I,6,N,N,3,0,1,2,A,-,12,21453,A,N,D,G,A,A,H,-,A,A,0,,Y,,,Y,,L,4,0,1,0,0,0,0,1,0,0,-,-,LOS ANGELES,BELLFLOWER,-118.142436,33.91043881
8192331,2016,12/22/2016,1900,10/5/2016,840,547820,1321,3,5,5,1935,0,0,0,,0,132D,CARSON ST,CLUBHOUSE DR,3,E,N,A,-,N,,,,,,,,,,N,4,0,1,2,A,-,5,21650,,N,D,G,A,A,H,-,A,A,0,,Y,,,Y,,A,7,0,0,1,0,0,0,1,0,0,-,-,LOS ANGELES,LAKEWOOD,-118.1550801,33.83247
8192268,2016,3/4/2017,1956,12/10/2016,1248,1315,29,6,5,5,1956,0,0,0,,0,2,RT 1,AGATE ST,10,N,N,A,-,Y,LA,7,1,-,-,20.39,I,5,N,N,3,0,1,2,A,-,10,21950,A,N,G,B,C,A,H,-,A,D,0,Y,,,,Y,,A,1,0,1,0,0,1,0,0,0,0,-,-,LOS ANGELES,REDONDO BEACH,-118.3892157,33.85127319
8191962,2016,1/17/2017,1906,10/22/2016,1824,4417,1906,6,5,5,1906,0,0,0,,0,4,MARION AV,OLIVE ST,272,N,N,A,-,N,,,,,,,,,,N,3,0,1,2,A,-,11,21954,A,F,G,B,D,A,H,-,A,D,0,Y,,,,Y,,A,1,0,1,0,0,1,0,0,0,0,-,-,LOS ANGELES,BALDWIN PARK,-117.9572473,34.10032571
8191922,2016,1/13/2017,1900,10/14/2016,2300,533005,134,5,5,5,1908,0,0,0,,0,133T2,WOODRUFF AV,FLORA VISTA ST,0,,Y,A,-,N,,,,,,,,,,N,3,0,1,2,A,-,9,21801,A,M,D,G,A,A,H,-,C,A,0,,Y,,,Y,,A,1,0,1,0,0,0,0,1,0,0,-,-,LOS ANGELES,BELLFLOWER,-118.1173101,33.88189005
8191917,2016,12/20/2016,1906,11/25/2016,1315,2893,WESTC,5,5,5,1906,0,0,0,,0,3,RAMONA BL,MAINE AV,6,E,N,A,-,N,,,,,,,,,,N,4,0,1,2,D,-,0,,,N,G,G,A,A,H,-,A,A,0,,Y,,,Y,,-,-,0,0,1,0,0,0,1,0,0,-,-,LOS ANGELES,BALDWIN PARK,-117.96041,34.08685
8191909,2016,12/20/2016,1906,11/17/2016,1500,4415,BPPD,4,5,5,1906,0,0,0,,0,2,MAINE AV,PARK PLZ,0,,Y,A,-,N,,,,,,,,,,N,4,0,1,2,A,-,9,21802,A,N,G,B,B,A,H,-,A,A,0,Y,,,,Y,,A,1,0,0,1,0,1,0,0,0,0,-,-,LOS ANGELES,BALDWIN PARK,-118.2005801,33.77898008
8191905,2016,12/20/2016,1906,11/4/2016,1855,4416,,5,5,5,1906,0,0,0,,0,3,BALDWIN PARK BL,MONTEREY AV,30,N,N,A,-,N,,,,,,,,,,N,2,0,1,2,A,-,0,21905,A,N,G,B,B,A,H,-,B,A,0,Y,,,,Y,,A,1,1,0,0,0,1,0,0,0,0,-,-,LOS ANGELES,BALDWIN PARK,-117.9722441,34.07670129
8191901,2016,12/20/2016,1906,11/6/2016,1842,4416,,7,5,5,1906,0,0,0,,0,2,RAMONA BL,BALDWIN PARK BL,44,W,N,A,-,N,,,,,,,,,,N,4,0,1,2,D,-,0,,,N,D,G,A,A,H,-,B,A,0,,Y,,,Y,Y,-,-,0,0,1,0,0,0,1,0,0,-,-,LOS ANGELES,BALDWIN PARK,-117.9650193,34.08544657
8191869,2016,12/20/2016,1906,11/21/2016,1511,1791,1906,1,5,5,1906,0,0,0,,0,4,MAINE AV,CLARK ST,0,,Y,A,-,N,,,,,,,,,,N,3,0,1,2,A,-,10,21950,A,N,G,B,B,A,H,-,A,A,0,Y,,,,Y,,A,1,0,1,0,0,1,0,0,0,0,-,-,LOS ANGELES,BALDWIN PARK,-117.9604501,34.09047005
8191808,2016,12/21/2016,1931,12/2/2016,743,2413,1931,5,5,5,1931,0,0,0,,0,4,BELL AV,BISSELL ST,0,,Y,A,B,N,,,,,,,,,,N,3,0,1,2,A,-,10,21950,A,F,G,B,B,A,H,-,A,A,0,Y,,,,Y,,-,,0,1,0,0,1,0,0,0,0,-,-,LOS ANGELES,HUNTINGTON PARK,-118.2062101,33.97634008
8191508,2016,12/22/2016,1900,10/22/2016,1245,523089,1323,6,5,5,1935,0,0,0,,0,132T1,DEL AMO BL,DOWNEY AV,160,E,N,A,-,N,,,,,,,,,,,3,0,1,2,A,-,11,21954,A,N,G,B,D,A,H,-,A,D,0,Y,,,,Y,,N,60,0,1,0,0,1,0,0,0,0,-,-,LOS ANGELES,LAKEWOOD,-118.1506642,33.8471927
8191492,2016,12/22/2016,1900,10/10/2016,1052,526288,133,1,5,5,1908,0,0,0,,0,133T1,BELLFLOWER BL,RAMONA ST,10,S,N,A,-,N,,,,,,,,,,N,3,0,1,2,A,-,10,21950,A,M,A,B,B,A,H,-,A,A,0,Y,,,,Y,,A,1,0,1,0,0,1,0,0,0,0,-,-,LOS ANGELES,BELLFLOWER,-118.1252062,33.87297307
8191445,2016,1/12/2017,1906,12/3/2016,1531,4414,BPPD,6,5,5,1906,0,0,0,,0,2,MAINE AV,PARK PLAZA,0,,Y,A,-,N,,,,,,,,,,N,4,0,1,2,A,-,10,21950,A,N,-,B,B,A,H,-,A,A,0,Y,,,,Y,,A,1,0,0,1,0,1,0,0,0,0,-,-,LOS ANGELES,BALDWIN PARK,-118.2005801,33.77898008
8191435,2016,12/20/2016,1948,12/2/2016,1506,448,1948,5,5,5,1948,0,0,0,,0,2,ALHAMBRA AV,HELLMAN AV,12,S,N,A,-,N,,,,,,,,,,N,3,0,1,2,A,-,10,21950,,N,G,B,B,A,H,-,A,A,0,Y,,,,Y,,-,,0,1,0,0,1,0,0,0,0,-,-,LOS ANGELES,MONTEREY PARK,-118.11683,34.0697471
8191407,2016,12/20/2016,1948,12/6/2016,2152,457,1948,2,5,5,1948,0,0,0,,0,3,GARVEY AV,MCPHERRIN AV,8,W,N,A,-,N,,,,,,,,,,N,3,0,1,2,A,-,11,21954,A,N,G,B,B,A,H,-,C,A,0,Y,,,,Y,,N,60,0,1,0,0,1,0,0,0,0,-,-,LOS ANGELES,MONTEREY PARK,-118.1276164,34.06253
8191403,2016,12/20/2016,1948,12/4/2016,1511,398,1948,7,5,5,1948,0,0,0,,0,3,RIGGIN ST,HILLVIEW ST,3,E,N,A,-,N,,,,,,,,,,N,4,0,2,2,A,-,3,22350,,F,D,G,A,A,H,-,A,D,0,,Y,,,Y,,A,1,0,0,2,0,0,0,2,0,0,-,-,LOS ANGELES,MONTEREY PARK,-118.1457615,34.03689577
8191399,2016,12/20/2016,1948,12/3/2016,1547,420,1948,6,5,5,1948,0,0,0,,0,4,EVERETTE AV,GARVEY AV,6,S,N,A,-,N,,,,,,,,,,N,3,0,1,2,A,-,9,21801,A,N,D,G,A,A,H,-,A,A,0,,Y,,,Y,,-,,0,1,0,0,0,0,1,0,0,-,-,LOS ANGELES,MONTEREY PARK,-118.11789,34.06257355
8191286,2016,12/21/2016,1900,12/10/2016,1234,536381,521,6,5,4,1971,0,0,0,,0,52T1AM,LAS TUNAS DR,KAUFFMAN AV,5,N,N,A,-,N,,,,,,,,,,N,3,0,1,2,A,-,10,21950,A,N,B,B,B,A,H,-,A,A,0,Y,,,,Y,,A,8,0,1,0,0,1,0,0,0,0,-,-,LOS ANGELES,TEMPLE CITY,-118.0580438,34.10709239
8191282,2016,12/21/2016,1900,12/9/2016,1540,525763,531,5,5,5,1959,0,0,0,,0,53T1PM,VALLEY BL,IVAR AV,142,E,N,A,-,N,,,,,,,,,,N,4,0,1,2,A,-,8,22107,,N,D,G,A,A,H,-,A,D,0,,Y,,,Y,,L,4,0,0,1,0,0,0,1,0,0,-,-,LOS ANGELES,ROSEMEAD,-118.0749925,34.0807767
8191179,2016,12/20/2016,1920,11/24/2016,1159,12476,,4,5,6,1920,0,0,0,,0,6,FIRESTONE BL,BROOKSHIRE AV,425,E,N,A,-,N,,,,,,,,,,N,4,0,1,2,A,-,9,21804,A,N,H,G,A,A,H,-,A,D,0,,Y,,,Y,,A,7,0,0,1,0,0,0,1,0,0,-,-,LOS ANGELES,DOWNEY,-118.1284391,33.93765198
8191170,2016,12/20/2016,1922,11/10/2016,1433,641,P2,4,5,6,1922,0,0,0,,0,2,EXLINE ST,BELCROFT AV,15,W,N,A,-,N,,,,,,,,,,N,3,0,1,2,A,-,11,21954,A,N,G,B,E,A,H,-,A,B,0,Y,,,,Y,,N,60,0,1,0,0,1,0,0,0,0,-,-,LOS ANGELES,EL MONTE,-118.0120583,34.06496866
8191166,2016,12/20/2016,1922,11/11/2016,1208,673,P4,5,5,6,1922,0,0,0,,0,4,VALLEY BL,MOUNTAIN VIEW RD,10,E,N,A,-,N,,,,,,,,,,N,3,0,1,2,A,-,8,22100,B,N,G,B,B,A,H,-,A,A,0,Y,,,,Y,,A,1,0,1,0,0,1,0,0,0,0,-,-,LOS ANGELES,EL MONTE,-118.0207845,34.06380262
8191154,2016,12/20/2016,1922,11/9/2016,840,576,,3,5,6,1922,0,0,0,,0,,MERCED AV,GARVEY AV,0,,Y,A,-,N,,,,,,,,,,N,4,0,1,2,A,-,10,21950,A,N,G,B,B,A,H,-,A,A,0,Y,,,,Y,,A,1,0,0,1,0,1,0,0,0,0,-,-,LOS ANGELES,EL MONTE,-118.05137,34.06274011
8191132,2016,12/20/2016,1900,11/30/2016,938,447537,612,3,5,6,1985,0,0,0,,0,61T1,DELIGHT ST,BAKERTON AV,8,S,N,A,-,N,,,,,,,,,,N,3,0,1,2,A,-,10,21950,A,N,G,B,B,A,H,-,A,D,0,Y,,,,Y,,A,1,0,1,0,0,1,0,0,0,0,-,-,LOS ANGELES,SANTA CLARITA,-118.4648719,34.4249677
8191116,2016,2/1/2017,1900,12/12/2016,1125,524146,2928,1,5,5,1990,0,0,0,,0,292T1,GOLDEN SPRINGS DR,BREA CANYON RD,30,W,N,A,-,N,,,,,,,,,,N,2,0,1,2,D,-,0,,,N,G,B,B,A,H,-,A,A,0,Y,,,Y,Y,,-,-,1,0,0,0,1,0,0,0,0,-,-,LOS ANGELES,DIAMOND BAR,-117.8444078,33.99988237
8190741,2016,12/20/2016,1900,11/30/2016,1717,524132,628,3,5,6,1985,0,0,0,,0,62T1,CALGROVE BL,WHITE OAK CT,0,,Y,A,-,N,,,,,,,,,,N,4,0,1,2,A,-,11,21954,A,N,G,B,D,A,H,-,C,A,0,Y,,,,Y,,N,60,0,0,1,0,1,0,0,0,0,-,-,LOS ANGELES,SANTA CLARITA,-118.5472001,34.36339004
8190734,2016,12/20/2016,1900,11/22/2016,1510,407357,645,2,5,6,1985,0,0,0,,0,62T1,RYE CANYON RD,AVENUE SCOTT,3,W,N,A,-,N,,,,,,,,,,N,4,0,1,2,A,-,5,21650,1,N,D,G,A,A,H,-,A,A,0,,Y,,,Y,,L,4,0,0,1,0,0,0,1,0,0,-,-,LOS ANGELES,SANTA CLARITA,-118.5772157,34.43839328
8190604,2016,1/11/2017,1972,12/2/2016,1510,19767,,5,5,6,1972,0,0,0,,0,,PLAZA DEL AMO,CABRILLO AV,0,,Y,A,-,N,,,,,,,,,,N,4,0,1,2,A,-,9,21804,A,N,A,G,A,A,H,-,A,D,0,,Y,,,Y,,A,,0,0,1,0,0,0,1,0,0,-,-,LOS ANGELES,TORRANCE,-118.3143501,33.82412002
8190463,2016,12/19/2016,1972,11/22/2016,1910,19999,,2,5,6,1972,0,0,0,,0,,CRENSHAW BL,ARTESIA BL,10,S,N,A,-,N,,,,,,,,,,N,3,0,1,2,A,-,9,21453,B,N,D,G,A,A,H,-,C,A,0,,Y,,,Y,,A,,0,1,0,0,0,0,1,0,0,-,-,LOS ANGELES,TORRANCE,-118.32649,33.87289257
8190444,2016,12/20/2016,1972,11/17/2016,1412,19767,,4,5,6,1972,0,0,0,,0,,MADISON ST,DEL AMO BL,0,,Y,A,-,N,,,,,,,,,,N,4,0,1,2,A,-,9,21804,A,N,D,G,A,A,H,-,A,D,0,,Y,,,Y,,L,,0,0,1,0,0,0,1,0,0,-,-,LOS ANGELES,TORRANCE,-118.3484501,33.84859006
8190435,2016,12/20/2016,1972,11/7/2016,835,14197,,1,5,6,1972,0,0,0,,0,,TORRANCE BL,BEECH AV,0,,Y,A,-,N,,,,,,,,,,N,4,0,1,2,A,-,9,21804,A,N,D,G,A,A,H,-,A,A,0,,Y,,,Y,,L,,0,0,1,0,0,0,1,0,0,-,-,LOS ANGELES,TORRANCE,-118.3274801,33.83636002
8190423,2016,3/4/2017,1972,11/8/2016,1919,17943,,2,5,6,1972,0,0,0,,0,,CARSON ST,HAWTHORNE,0,,Y,A,-,Y,LA,7,107,-,-,1.859,I,6,N,N,4,0,1,2,A,-,11,21950,B,N,D,B,B,A,H,-,C,A,0,Y,,,,Y,,N,,0,0,1,0,1,0,0,0,0,-,-,LOS ANGELES,TORRANCE,-118.3525642,33.83197283
8190415,2016,12/20/2016,1972,11/29/2016,1718,17654,,2,5,6,1972,0,0,0,,0,,TORRANCE,HENRIETTA,100,E,N,A,-,N,,,,,,,,,,N,4,0,1,2,A,-,9,21801,A,N,D,G,A,A,H,-,C,D,0,,Y,,,Y,Y,A,,0,0,1,0,0,0,1,0,0,-,-,LOS ANGELES,TORRANCE,-118.3707713,33.83757
8190403,2016,12/20/2016,1972,11/30/2016,621,14197,,3,5,6,1972,0,0,0,,0,,SEPULVEDA BL,ARLINGTON AV,0,,Y,A,-,N,,,,,,,,,,N,4,0,1,2,A,-,10,21950,A,N,G,B,B,A,H,-,C,A,0,Y,,,,Y,,A,,0,0,1,0,1,0,0,0,0,-,-,LOS ANGELES,TORRANCE,-118.31975,33.82010004
8190330,2016,12/20/2016,1923,11/30/2016,2138,459,ES306,3,5,3,1923,0,0,0,,0,ES3,NASH ST,MARIPOSA AV,0,,Y,A,-,N,,,,,,,,,,N,3,0,1,2,A,-,10,21950,A,N,G,B,B,A,H,-,C,A,0,Y,,,,Y,,A,1,0,1,0,0,1,0,0,0,0,-,-,LOS ANGELES,EL SEGUNDO,-118.3874101,33.92360008
8190177,2016,1/3/2017,1900,11/16/2016,1100,514312,612,3,5,6,1985,0,0,0,,0,6377,WHITES CANYON RD,SOLEDAD CANYON RD,440,S,N,A,-,N,,,,,,,,,,N,4,0,1,2,A,-,11,21955,,N,G,B,D,A,H,-,A,D,0,Y,,,,Y,,N,60,0,0,1,0,1,0,0,0,0,-,-,LOS ANGELES,SANTA CLARITA,-118.4724479,34.41453776
8190170,2016,12/20/2016,1900,11/24/2016,1030,523421,641,4,5,6,1985,0,0,0,,0,64T1,COPPER HILL DR,AGAJANIAN DR,0,,Y,A,-,N,,,,,,,,,,Y,3,0,3,3,A,-,9,21802,A,N,D,C,F,A,H,-,A,A,0,Y,,,,Y,,A,7,0,1,2,0,1,0,0,0,0,-,-,LOS ANGELES,SANTA CLARITA,-118.5167301,34.45984007
8190156,2016,12/21/2016,1900,12/1/2016,850,466734,455,4,5,6,1949,0,0,0,,0,45T1D,ALONDRA BL,MAIDSTONE AV,0,,Y,A,-,N,,,,,,,,,,N,3,0,1,2,A,-,10,21950,A,N,G,B,B,A,H,-,A,A,0,Y,,,,Y,,D,22,0,1,0,0,1,0,0,0,0,-,-,LOS ANGELES,NORWALK,-118.0868801,33.88767008
8189618,2016,12/20/2016,1909,12/1/2016,632,579,1909,4,5,4,1909,0,0,0,,0,00N,EASTERN AV,WATCHER ST,17,N,N,B,-,N,,,,,,,,,,N,4,0,1,2,A,-,10,21950,A,N,G,B,B,A,H,-,A,A,0,Y,,,,Y,,D,22,0,0,1,0,1,0,0,0,0,-,-,LOS ANGELES,BELL GARDENS,-118.1633032,33.97842627
8189545,2016,12/19/2016,1942,10/27/2016,1405,38857,941,4,5,7,1942,0,0,0,I,0,14TL14,KESTER AV,OXNARD ST,295,S,N,B,-,N,,,,,,,,,,N,4,0,1,2,A,-,0,56151,,N,D,G,A,A,H,-,A,D,0,,Y,,,Y,,L,4,0,0,1,0,0,0,1,0,0,-,-,LOS ANGELES,LOS ANGELES,-118.4574313,34.17858086
8189085,2016,12/15/2016,1905,12/3/2016,1157,2019,222,6,5,4,1905,0,0,0,,0,63,5TH ST,PASADENA AV,0,,Y,A,-,N,,,,,,,,,,N,4,0,1,2,A,-,10,21950,A,N,D,B,B,A,H,-,A,A,0,Y,,,,Y,,A,1,0,0,1,0,1,0,0,0,0,-,-,LOS ANGELES,AZUSA,-117.9024601,34.12983001
8189065,2016,12/15/2016,1925,12/1/2016,1942,21110,248,4,5,6,1925,0,0,0,,0,3,BROADWAY,BRAND BL,0,,Y,A,-,N,,,,,,,,,,N,3,0,1,2,A,-,9,21801,A,N,A,G,A,A,H,-,C,A,0,,Y,,,Y,,L,4,0,1,0,0,0,0,1,0,0,-,-,LOS ANGELES,GLENDALE,-118.2550901,34.14625012
8188559,2016,1/6/2017,1925,11/28/2016,1423,21092,282,1,5,6,1925,0,0,0,,0,3,GLENDALE AV,LOS FELIZ RD,0,,Y,A,-,N,,,,,,,,,,N,3,0,1,2,A,-,8,22107,,N,B,G,A,A,H,-,A,A,0,,Y,,,Y,,L,4,0,1,0,0,0,0,1,0,0,-,-,LOS ANGELES,GLENDALE,-118.2527301,34.12867008
8188527,2016,12/13/2016,1926,11/16/2016,1903,19,GLR,3,5,5,1926,0,0,0,,0,1,MOUNTAIN VIEW,CULLEN,13,E,N,A,-,N,,,,,,,,,,N,3,0,1,2,A,-,11,21950,B,N,G,B,B,A,H,-,D,D,0,Y,,,,Y,,N,60,0,1,0,0,1,0,0,0,0,-,-,LOS ANGELES,GLENDORA,-117.8592871,34.13785961
8188519,2016,12/13/2016,1925,11/16/2016,1811,22598,140,3,5,6,1925,0,0,0,,0,5,MONTROSE AV,LIBERTY AV,209,W,N,A,-,N,,,,,,,,,,N,2,0,1,2,A,-,11,21954,A,N,G,B,D,A,H,-,C,D,0,Y,,,,Y,,N,60,1,0,0,0,1,0,0,0,0,-,-,LOS ANGELES,GLENDALE,-118.2477224,34.22077348
8188503,2016,12/13/2016,1925,11/23/2016,1737,24111,212,3,5,6,1925,0,0,0,,0,1,HIGHLAND AV,BURCHETT ST,0,,Y,A,-,N,,,,,,,,,,N,4,0,1,2,A,-,10,21950,A,N,G,B,B,A,H,-,C,D,0,Y,,,,Y,,A,1,0,0,1,0,1,0,0,0,0,-,-,LOS ANGELES,GLENDALE,-118.2757101,34.15928006
8188487,2016,12/13/2016,1905,11/19/2016,1840,1117,445,6,5,4,1905,0,0,0,,0,1,ARROW HWY,CITRUS AV,0,,Y,A,-,N,,,,,,,,,,N,3,0,1,2,A,-,10,21950,A,N,G,B,B,A,H,-,C,A,0,Y,,,,Y,,A,8,0,1,0,0,1,0,0,0,0,-,-,LOS ANGELES,AZUSA,-117.8902701,34.10681003
8188483,2016,12/13/2016,1926,11/23/2016,1800,50,GPD,3,5,5,1926,0,0,0,,0,1,FOOTHILL BL,GRAND AV,200,W,N,A,-,N,,,,,,,,,,N,3,0,1,2,A,-,5,21650,1,N,A,G,A,A,H,-,C,A,0,,Y,,,Y,,L,4,0,1,0,0,0,0,1,0,0,-,-,LOS ANGELES,GLENDORA,-117.8733494,34.13604
8188465,2016,12/19/2016,1951,12/4/2016,851,743,1951,7,5,3,1951,0,0,0,,0,7L12,VIA CHICO,VIA CAMPESINA,27,N,N,A,-,N,,,,,,,,,,N,4,0,1,3,A,-,5,21460,A,N,A,G,A,A,H,-,A,A,0,,Y,,,Y,,L,4,0,0,1,0,0,0,1,0,0,-,-,LOS ANGELES,PALOS VERDES EST,-118.3881036,33.7996445