CASE_ID,ACCIDENT_YEAR,PROC_DATE,JURIS,COLLISION_DATE,COLLISION_TIME,OFFICER_ID,REPORTING_DISTRICT,DAY_OF_WEEK,CHP_SHIFT,POPULATION,CNTY_CITY_LOC,SPECIAL_COND,BEAT_TYPE,CHP_BEAT_TYPE,CITY_DIVISION_LAPD,CHP_BEAT_CLASS,BEAT_NUMBER,PRIMARY_RD,SECONDARY_RD,DISTANCE,DIRECTION,INTERSECTION,WEATHER_1,WEATHER_2,STATE_HWY_IND,CALTRANS_COUNTY,CALTRANS_DISTRICT,STATE_ROUTE,ROUTE_SUFFIX,POSTMILE_PREFIX,POSTMILE,LOCATION_TYPE,RAMP_INTERSECTION,SIDE_OF_HWY,TOW_AWAY,COLLISION_SEVERITY,NUMBER_KILLED,NUMBER_INJURED,PARTY_COUNT,PRIMARY_COLL_FACTOR,PCF_CODE_OF_VIOL,PCF_VIOL_CATEGORY,PCF_VIOLATION,PCF_VIOL_SUBSECTION,HIT_AND_RUN,TYPE_OF_COLLISION,MVIW,PED_ACTION,ROAD_SURFACE,ROAD_COND_1,ROAD_COND_2,LIGHTING,CONTROL_DEVICE,CHP_ROAD_TYPE,PEDESTRIAN_ACCIDENT,BICYCLE_ACCIDENT,MOTORCYCLE_ACCIDENT,TRUCK_ACCIDENT,NOT_PRIVATE_PROPERTY,ALCOHOL_INVOLVED,STWD_VEHTYPE_AT_FAULT,CHP_VEHTYPE_AT_FAULT,COUNT_SEVERE_INJ,COUNT_VISIBLE_INJ,COUNT_COMPLAINT_PAIN,COUNT_PED_KILLED,COUNT_PED_INJURED,COUNT_BICYCLIST_KILLED,COUNT_BICYCLIST_INJURED,COUNT_MC_KILLED,COUNT_MC_INJURED,PRIMARY_RAMP,SECONDARY_RAMP,COUNTY,CITY,LONGITUDE,LATITUDE
8177295,2016,12/1/2016,1928,11/9/2016,1805,362,509,3,5,5,1928,0,0,0,,0,502,KORNBLUM AV,EL SEGUNDO BL,0,,Y,A,-,N,,,,,,,,,,N,4,0,1,2,A,-,10,21950,A,N,G,B,B,A,H,-,C,A,0,Y,,,,Y,,A,1,0,0,1,0,1,0,0,0,0,-,-,LOS ANGELES,HAWTHORNE,-118.3374,33.9164201
8177248,2016,12/2/2016,1942,11/16/2016,1730,42522,1757,3,5,7,1942,0,0,0,Q,0,9A89,PETIT AV,DEVONSHIRE ST,20,N,N,A,-,N,,,,,,,,,,N,3,0,1,2,A,-,10,21950,A,N,G,B,B,A,H,-,B,A,0,Y,,,,Y,,A,1,0,1,0,0,1,0,0,0,0,-,-,LOS ANGELES,LOS ANGELES,-118.4980311,34.25753485
8177247,2016,12/6/2016,1955,11/21/2016,1224,30381,4,1,5,6,1955,0,0,0,,0,1,MISSION BL,PARCELS ST,85,W,N,B,-,N,,,,,,,,,,N,4,0,1,2,A,-,3,22350,,N,G,B,E,A,H,-,A,D,0,Y,,,,Y,,I,9,0,0,1,0,1,0,0,0,0,-,-,LOS ANGELES,POMONA,-117.7557798,34.05496429
8177240,2016,12/2/2016,1942,11/18/2016,850,38356,1079,5,5,7,1942,0,0,0,J,0,10TL35,GLORIA AV,VENTURA BL,0,,Y,A,-,N,,,,,,,,,,N,3,0,1,2,A,-,10,21950,A,N,G,B,B,A,H,-,A,A,0,Y,,,,Y,,A,1,0,1,0,0,1,0,0,0,0,-,-,LOS ANGELES,LOS ANGELES,-118.4792801,34.15576008
8177199,2016,12/1/2016,1918,7/12/2016,2300,607,,2,5,4,1918,0,0,0,,0,2TL21,SLAUSON AV,BRISTOL PKWY,13,W,N,A,-,N,,,,,,,,,,Y,2,0,1,2,A,-,12,21453,A,N,G,B,B,A,H,-,C,A,0,Y,,,,Y,,A,1,1,0,0,0,1,0,0,0,0,-,-,LOS ANGELES,CULVER CITY,-118.3868428,33.98889935
8177167,2016,12/1/2016,1918,7/13/2016,1414,1056,1918,3,5,4,1918,0,0,0,,0,2TL26,SEPULVEDA BL,BERRYMAN AV,318,S,N,A,-,N,,,,,,,,,,N,4,0,1,2,A,-,5,21650,1,N,H,G,A,A,H,-,A,D,0,,Y,,,Y,,L,4,0,0,1,0,0,0,1,0,0,-,-,LOS ANGELES,CULVER CITY,-118.3952734,33.99208833
8177163,2016,12/1/2016,1918,7/13/2016,1015,701,,3,5,4,1918,0,0,0,,0,2M5,LE BOURGET AV,BRADDOCK DR,102,N,N,A,-,N,,,,,,,,,,N,4,0,1,3,A,-,8,22107,,N,B,E,E,A,H,-,A,D,0,Y,,,,Y,,A,1,0,0,1,0,1,0,0,0,0,-,-,LOS ANGELES,CULVER CITY,-118.3989333,34.01408614
8177151,2016,11/30/2016,1918,7/29/2016,1532,773,,5,5,4,1918,0,0,0,,0,1A51,BRADDOCK DR,LA SALLE AV,0,,Y,A,-,N,,,,,,,,,,N,4,0,1,2,A,-,10,21950,A,N,G,B,B,A,H,-,A,D,0,Y,,,,Y,,A,1,0,0,1,0,1,0,0,0,0,-,-,LOS ANGELES,CULVER CITY,-118.3960001,34.01758004
8177143,2016,11/30/2016,1918,7/27/2016,735,646,1918,3,5,4,1918,0,0,0,,0,2M4,DUQUESNE AV,LUCERNE AV,263,S,N,A,-,N,,,,,,,,,,N,3,0,1,2,A,-,8,22107,,N,B,G,A,A,H,-,A,D,0,,Y,,,Y,,L,4,0,1,0,0,0,0,1,0,0,-,-,LOS ANGELES,CULVER CITY,-118.3894165,34.01746679
8177123,2016,11/30/2016,1918,7/21/2016,1635,1118,,4,5,4,1918,0,0,0,,0,2TL23,MACHADO RD,JEFFERSON BL,0,,Y,A,-,N,,,,,,,,,,N,4,0,1,2,A,-,5,21650,1,N,H,G,A,A,H,-,A,A,0,,Y,,,Y,,L,4,0,0,1,0,0,0,1,0,0,-,-,LOS ANGELES,CULVER CITY,-118.3955401,33.99772005
8176974,2016,12/2/2016,1900,8/30/2016,2100,533005,1335,2,5,5,1908,0,0,0,,0,133T2,RAMONA ST,DEERFIELD AV,130,E,N,A,-,N,,,,,,,,,,N,3,0,1,2,A,-,11,21954,A,M,G,B,E,A,H,-,C,D,0,Y,,,,Y,Y,N,60,0,1,0,0,1,0,0,0,0,-,-,LOS ANGELES,BELLFLOWER,-118.1373426,33.87296001
8176846,2016,11/29/2016,1922,9/29/2016,2014,662,P2,4,5,6,1922,0,0,0,,0,2,HEMLOCK ST,HAMMILL RD,0,,Y,A,-,N,,,,,,,,,,N,4,0,1,2,A,-,5,21650,1,N,D,G,A,A,H,-,A,B,0,,Y,,,Y,,L,4,0,0,1,0,0,0,1,0,0,-,-,LOS ANGELES,EL MONTE,-118.0096401,34.09595005
8176842,2016,11/29/2016,1900,4/4/2016,2143,545998,1348,1,5,3,1903,0,0,0,,0,134P,183RD ST,ROSETON AV,0,,Y,A,-,N,,,,,,,,,,N,3,0,1,2,A,-,11,21453,D,N,-,B,D,A,H,-,C,A,0,Y,,,,Y,,N,60,0,1,0,0,1,0,0,0,0,-,-,LOS ANGELES,ARTESIA,-118.0865601,33.86570011
8176802,2016,11/29/2016,1900,9/10/2016,330,600904,1365,6,5,5,1952,0,0,0,,0,136B,PARAMOUNT BL,ROSECRANS AV,48,S,N,A,-,N,,,,,,,,,,N,4,0,1,2,A,-,0,21054,A,N,G,B,D,A,H,-,C,A,0,Y,,,,Y,Y,N,60,0,0,1,0,1,0,0,0,0,-,-,LOS ANGELES,PARAMOUNT,-118.1602398,33.90361837
8176694,2016,12/1/2016,1942,10/21/2016,1530,37521,1427,5,5,7,1942,0,0,0,N,0,1427,NATIONAL BL,MILITARY AV,2,W,N,A,-,N,,,,,,,,,,N,3,0,1,2,D,-,0,,,N,A,B,B,A,H,-,A,A,0,Y,,,,Y,,-,-,0,1,0,0,1,0,0,0,0,-,-,LOS ANGELES,LOS ANGELES,-118.4254259,34.02863761
8176686,2016,12/1/2016,1942,10/23/2016,330,37078,1444,7,5,7,1942,0,0,0,N,0,14A27,MARINA POINT DR,LINCOLN BL,320,W,N,A,-,N,,,,,,,,,,N,4,0,1,2,A,-,3,22350,,F,B,B,E,A,H,-,E,D,0,Y,,,,Y,Y,-,99,0,0,1,0,1,0,0,0,0,-,-,LOS ANGELES,LOS ANGELES,,
8176682,2016,12/1/2016,1942,10/25/2016,2150,40460,1494,2,5,7,1942,0,0,0,N,0,14T47,CENTURY BL,AVION DR,12,W,N,A,-,N,,,,,,,,,,N,3,0,1,2,A,-,10,21950,A,N,G,B,B,A,H,-,C,A,0,Y,,,,Y,,-,,0,1,0,0,1,0,0,0,0,-,-,LOS ANGELES,LOS ANGELES,-118.3901795,33.94558
8176670,2016,12/1/2016,1942,10/26/2016,1600,37700,1432,3,5,7,1942,0,0,0,N,0,7T38,LINCOLN BL,MILWOOD AV,7,S,N,A,-,N,,,,,,,,,,N,3,0,1,2,A,-,9,21801,A,F,D,G,A,A,H,-,A,D,0,,Y,,,Y,,-,99,0,1,0,0,0,0,1,0,0,-,-,LOS ANGELES,LOS ANGELES,-118.4600102,33.99755012
8176666,2016,12/1/2016,1942,10/25/2016,1225,33342,1441,2,5,7,1942,0,0,0,N,0,14FBL5,SPEEDWAY,25TH AV,0,,Y,A,-,N,,,,,,,,,,N,4,0,1,2,A,-,17,21657,,N,D,G,A,A,H,-,A,D,0,,Y,Y,,Y,,L,4,0,0,1,0,0,0,1,0,0,-,-,LOS ANGELES,LOS ANGELES,-118.4692701,33.98237006
8176552,2016,12/1/2016,1942,10/10/2016,1030,30264,1431,1,5,7,1942,0,0,0,N,0,14A73,MILDRED AV,PACIFIC AV,250,E,N,A,-,N,,,,,,,,,,N,3,0,1,1,C,-,18,,,N,H,B,E,A,H,-,A,-,0,Y,,,,Y,,-,-,0,1,0,0,1,0,0,0,0,-,-,LOS ANGELES,LOS ANGELES,-118.470552,33.98667159
8176540,2016,12/1/2016,1942,10/28/2016,400,42528,1497,5,5,7,1942,0,0,0,N,0,00A,AVIATION BL,104TH ST,0,,Y,B,-,N,,,,,,,,,,N,2,0,1,2,A,-,3,22350,,F,H,G,A,A,H,-,C,D,0,,Y,,,Y,,-,99,1,0,0,0,0,0,1,0,0,-,-,LOS ANGELES,LOS ANGELES,-118.3789101,33.94222007
8176529,2016,12/1/2016,1942,11/10/2016,1150,39022,1431,4,5,7,1942,0,0,0,N,0,14TL52,RIVIERA AV,GRAND BL,0,,Y,A,-,N,,,,,,,,,,N,3,0,1,2,A,-,9,21802,A,F,G,B,E,A,H,-,A,A,0,Y,,,,Y,,-,99,0,1,0,0,1,0,0,0,0,-,-,LOS ANGELES,LOS ANGELES,-118.4689601,33.98815008
8176525,2016,12/1/2016,1942,11/6/2016,1520,39058,1435,7,5,7,1942,0,0,0,N,0,20TL56,PALMS BL,PENMAR AV,0,,Y,A,-,N,,,,,,,,,,N,3,0,1,2,A,-,5,21650,1,N,D,G,A,A,H,-,A,A,0,,Y,,,Y,,L,4,0,1,0,0,0,0,1,0,0,-,-,LOS ANGELES,LOS ANGELES,-118.4562701,34.0014701
8176520,2016,12/1/2016,1942,10/25/2016,535,40058,1469,2,5,7,1942,0,0,0,N,0,7T23,LA CIENEGA BL,FAIRVIEW BL,0,,Y,A,-,N,,,,,,,,,,N,3,0,1,2,A,-,11,21954,A,N,G,B,D,A,H,-,A,A,0,Y,,,,Y,,N,60,0,1,0,0,1,0,0,0,0,-,-,LOS ANGELES,LOS ANGELES,-118.3703401,33.97990004
8176500,2016,2/13/2017,1900,10/28/2016,1311,527069,2610,5,5,6,1950,0,0,0,,0,263T1,10TH ST EAST,RT 138,0,,Y,A,-,Y,LA,7,138,-,-,44.692,I,6,W,N,4,0,1,2,A,-,11,21950,B,N,G,B,B,A,H,-,A,A,0,Y,,,,Y,,N,60,0,0,1,0,1,0,0,0,0,-,-,LOS ANGELES,PALMDALE,-118.1118474,34.57956314
8176496,2016,12/1/2016,1900,10/31/2016,2155,546525,2607,1,5,6,1950,0,0,0,,0,264T1,AVENUE R,AMETHYST ST,0,,Y,A,-,N,,,,,,,,,,Y,4,0,1,2,A,-,8,22107,,N,G,B,F,A,H,-,C,A,0,Y,,,,Y,,A,7,0,0,1,0,1,0,0,0,0,-,-,LOS ANGELES,PALMDALE,-118.0432301,34.5727001
8176485,2016,2/14/2017,1900,11/2/2016,1153,527069,2607,3,5,6,1950,0,0,0,,0,263T1,RT 138,AVENUE S,0,,Y,A,-,Y,LA,7,138,-,-,50.281,I,5,W,N,4,0,1,2,A,-,10,21950,A,N,G,B,B,A,H,-,A,A,0,Y,,,,Y,,A,7,0,0,1,0,1,0,0,0,0,-,-,LOS ANGELES,PALMDALE,-118.0449822,34.55380792
8176425,2016,12/1/2016,1942,10/11/2016,1910,40024,1413,2,5,7,1942,0,0,0,N,0,14TL47,BROOKS AV,ABBOTT KINNEY BL,0,,Y,A,-,N,,,,,,,,,,N,4,0,1,2,A,-,9,21802,A,N,H,G,A,A,H,-,C,A,0,,Y,,,Y,,D,22,0,0,1,0,0,0,1,0,0,-,-,LOS ANGELES,LOS ANGELES,-118.4741301,33.9923101
8176157,2016,11/29/2016,1922,10/19/2016,1330,599,1,3,5,6,1922,0,0,0,,0,,ARDEN DR,ROSE DR,6,S,N,A,-,N,,,,,,,,,,N,4,0,1,2,A,-,5,21650,1,N,A,G,A,A,H,-,A,A,0,,Y,,,Y,,L,4,0,0,1,0,0,0,1,0,0,-,-,LOS ANGELES,EL MONTE,-118.0456034,34.07957379
8176093,2016,11/28/2016,1929,10/31/2016,747,175,,1,5,3,1929,0,0,0,,0,,GOULD,VALLEY DR,0,,Y,A,-,N,,,,,,,,,,N,4,0,1,2,A,-,10,21950,A,N,G,-,B,A,H,-,A,A,0,Y,,,,Y,,A,,0,0,1,0,1,0,0,0,0,-,-,LOS ANGELES,HERMOSA BEACH,-118.4009001,33.87454009
8175998,2016,12/2/2016,1900,11/9/2016,1350,504197,469,3,5,4,1936,0,0,0,,0,46T1/P,VALLEY VIEW AV,IMPERIAL HWY,28,S,N,A,-,N,,,,,,,,,,N,4,0,1,2,A,-,5,21650,1,N,D,G,A,A,H,-,A,D,0,,Y,,,Y,,L,4,0,0,1,0,0,0,1,0,0,-,-,LOS ANGELES,LA MIRADA,-118.0293855,33.91695336
8175989,2016,12/1/2016,1942,11/5/2016,950,26608,353,6,5,7,1942,0,0,0,C,0,25MQ15,EXPOSITION BL,VICTORIA AV,0,,Y,A,-,N,,,,,,,,,,N,3,0,1,2,A,-,9,21801,A,F,-,G,A,A,H,-,A,A,0,,Y,,,Y,,-,99,0,1,0,0,0,0,1,0,0,-,-,LOS ANGELES,LOS ANGELES,-118.33636,34.02261001
8175973,2016,12/1/2016,1900,11/2/2016,2240,606637,466,3,5,4,1936,0,0,0,,0,46T1E,ALONDRA BL,TROJAN WAY,9,E,N,A,-,N,,,,,,,,,,N,3,0,1,2,A,-,10,21950,A,N,G,B,B,A,H,-,C,A,0,Y,,,,Y,,A,1,0,1,0,0,1,0,0,0,0,-,-,LOS ANGELES,LA MIRADA,-118.0158704,33.88806035
8175957,2016,12/1/2016,1926,11/15/2016,1937,84,GPD,2,5,5,1926,0,0,0,,0,3,FOOTHILL BL,TREANOR AV,0,,Y,B,-,N,,,,,,,,,,N,3,0,1,2,A,-,5,21650,1,N,D,G,A,A,H,-,A,A,0,,Y,,,Y,,L,4,0,1,0,0,0,0,1,0,0,-,-,LOS ANGELES,GLENDORA,-117.8425801,34.13610008
8175944,2016,12/2/2016,1918,8/19/2016,708,1113,1,5,5,4,1918,0,0,0,,0,PATROL,WARNER DR,EASTHAM DR,24,W,N,A,-,N,,,,,,,,,,N,4,0,1,2,A,-,10,21950,A,N,G,B,B,A,H,-,A,A,0,Y,,,,Y,,A,1,0,0,1,0,1,0,0,0,0,-,-,LOS ANGELES,CULVER CITY,-118.3784682,34.02315991
8175936,2016,12/2/2016,1918,8/26/2016,2252,1146,380,5,5,4,1918,0,0,0,,0,PATROL,WASHINGTON BL,KENYON AVE,80,W,N,A,-,N,,,,,,,,,,N,4,0,1,2,A,-,9,21804,A,N,H,G,A,A,H,-,C,D,0,,Y,,,Y,,A,1,0,0,1,0,0,0,1,0,0,-,-,LOS ANGELES,CULVER CITY,-118.4293325,33.99690125
8175604,2016,12/1/2016,1942,9/29/2016,745,40404,1844,4,5,7,1942,0,0,0,R,0,18A35,111TH PL,MCKINLEY AV,40,E,N,A,-,N,,,,,,,,,,N,4,0,1,2,A,-,6,21755,A,N,E,G,A,A,H,-,A,D,0,,Y,,,Y,,L,4,0,0,1,0,0,0,1,0,0,-,-,LOS ANGELES,LOS ANGELES,-118.2607476,33.93518025
8175595,2016,2/28/2017,1953,10/24/2016,1737,2001,PASAD,1,5,6,1953,0,0,0,,0,2,EL MOLINO AV,ORANGE GROVE BL,0,,Y,A,-,N,,,,,,,,,,N,3,0,1,2,A,-,10,21950,A,N,G,B,B,A,H,-,-,A,0,Y,,,,Y,,A,1,0,1,0,0,1,0,0,0,0,-,-,LOS ANGELES,PASADENA,-118.1369701,34.1577901
8175586,2016,11/30/2016,1942,10/23/2016,15,42120,1265,7,5,7,1942,0,0,0,L,0,12A67,MANCHESTER AV,KANSAS AV,200,W,N,A,-,N,,,,,,,,,,N,3,0,1,2,A,-,11,21956,A,N,G,B,E,A,H,-,C,D,0,Y,,,,Y,Y,N,60,0,1,0,0,1,0,0,0,0,-,-,LOS ANGELES,LOS ANGELES,-118.2946781,33.96001
8175575,2016,11/30/2016,1953,10/27/2016,1043,7724,LACOU,4,5,6,1953,0,0,0,,0,1,FAIRMOUNT AV,CONGRESS ST,50,S,N,A,-,N,,,,,,,,,,N,3,0,1,2,A,-,10,21950,A,N,G,B,C,A,H,-,A,A,0,Y,,,,Y,,A,1,0,1,0,0,1,0,0,0,0,-,-,LOS ANGELES,PASADENA,-118.1518189,34.1339029
8175570,2016,11/30/2016,1942,10/20/2016,1130,41924,1824,4,5,7,1942,0,0,0,R,0,18T23,CENTRAL AV,93RD ST,10,S,N,A,-,N,,,,,,,,,,N,2,0,1,2,A,-,10,21950,A,F,A,B,B,A,H,-,A,D,0,Y,,,,Y,,-,99,1,0,0,0,1,0,0,0,0,-,-,LOS ANGELES,LOS ANGELES,-118.2554203,33.95179806
8175569,2016,11/30/2016,1942,10/22/2016,1955,40924,1265,6,5,7,1942,0,0,0,L,0,12A67,83RD ST,NORMANDIE AV,500,W,N,A,-,N,,,,,,,,,,N,3,0,1,3,A,-,3,22350,,N,B,B,E,A,H,-,C,D,0,Y,,,,Y,,A,1,0,1,0,0,1,0,0,0,0,-,-,LOS ANGELES,LOS ANGELES,-118.3019157,33.96365748
8175561,2016,11/30/2016,1942,10/14/2016,1535,41545,1239,5,5,7,1942,0,0,0,L,0,,SLAUSON AV,MENLO AV,20,E,N,A,-,N,,,,,,,,,,N,4,0,1,2,A,-,8,22107,,N,D,G,A,A,H,-,A,A,0,,Y,,,Y,,-,-,0,0,1,0,0,0,1,0,0,-,-,LOS ANGELES,LOS ANGELES,-118.2891942,33.98914
8175545,2016,11/30/2016,1942,10/27/2016,1210,27259,1258,4,5,7,1942,0,0,0,L,0,12TL41,MAIN ST,75TH ST,0,,Y,B,-,N,,,,,,,,,,Y,4,0,1,2,A,-,9,21802,A,N,D,G,A,A,H,-,A,A,0,,Y,,,Y,,A,1,0,0,1,0,0,0,1,0,0,-,-,LOS ANGELES,LOS ANGELES,-118.2739301,33.97214004
8175507,2016,11/30/2016,1941,11/12/2016,1953,5226,,6,5,7,1941,0,0,0,,0,,ORANGE AV,GOLDFIELD AV,0,,Y,A,-,N,,,,,,,,,,N,4,0,1,2,D,-,0,,,N,D,B,B,A,H,-,C,D,0,Y,,,,Y,,-,-,0,0,1,0,1,0,0,0,0,-,-,LOS ANGELES,LONG BEACH,-118.1765501,33.84395006
8175503,2016,12/1/2016,1941,11/16/2016,1720,10916,901CP,3,5,7,1941,0,0,0,,0,160073,PACIFIC COAST HWY,WALNUT AV,0,,Y,A,-,N,,,,,,,,,,Y,4,0,2,3,A,-,9,21801,A,N,A,G,A,A,H,-,A,A,0,,Y,,,Y,,-,,0,0,2,0,0,0,1,0,0,-,-,LOS ANGELES,LONG BEACH,-118.1720301,33.78986005
8175490,2016,12/22/2016,1942,11/10/2016,950,33289,2136,4,5,7,1942,0,0,0,,0,21A29,SATICOY ST,VARIEL AV,0,,Y,A,-,N,,,,,,,,,,N,3,0,2,4,A,-,10,21950,A,N,G,B,B,A,H,-,A,A,0,Y,,,,Y,,A,1,0,1,1,0,2,0,0,0,0,-,-,LOS ANGELES,LOS ANGELES,-118.59287,34.2083301
8175478,2016,12/22/2016,1942,11/3/2016,2110,36678,2136,4,5,7,1942,0,0,0,,0,21A5,MILWOOD AV,VALERIO ST,250,N,N,A,-,N,,,,,,,,,,N,4,0,1,2,A,-,3,22350,,N,G,B,E,A,H,-,C,D,0,Y,,,,Y,,-,,0,0,1,0,1,0,0,0,0,-,-,LOS ANGELES,LOS ANGELES,-118.5942738,34.20534582
8175473,2016,2/14/2017,1941,11/16/2016,1735,5226,901T,3,5,7,1941,0,0,0,,0,,PACIFIC COAST HWY,LEMON AV,0,,Y,A,-,Y,LA,7,1,-,-,5.641,I,5,S,N,4,0,1,2,A,-,10,21950,A,N,D,B,B,A,H,-,A,A,0,Y,,,,Y,,-,,0,0,1,0,1,0,0,0,0,-,-,LOS ANGELES,LONG BEACH,-118.1784558,33.78980775
8175467,2016,11/30/2016,1942,11/10/2016,455,41240,1727,4,5,7,1942,0,0,0,Q,0,10A3,CREBS AV,TRIBUNE ST,15,N,N,A,-,N,,,,,,,,,,N,3,0,1,2,A,-,3,22350,,F,B,G,A,A,H,-,A,D,0,,Y,,,Y,,-,99,0,1,0,0,0,0,1,0,0,-,-,LOS ANGELES,LOS ANGELES,-118.5417174,34.26695109
8175466,2016,11/30/2016,1942,11/14/2016,1621,1501,,1,5,7,1942,0,0,0,,0,,DARBY AV,PRAIRIE ST,0,,Y,A,-,N,,,,,,,,,,N,4,0,1,2,A,-,11,21950,B,N,B,B,B,-,H,-,A,D,0,Y,,,,Y,,N,60,0,0,1,0,1,0,0,0,0,-,-,LOS ANGELES,LOS ANGELES,-118.5338001,34.23915004
8175458,2016,11/30/2016,1941,11/19/2016,1140,10921,,6,5,7,1941,0,0,0,,0,,ORANGE AV,15TH ST,0,,Y,A,-,N,,,,,,,,,,N,2,0,1,2,D,-,0,,,N,G,G,A,A,H,-,A,D,0,,Y,,,Y,,-,-,1,0,0,0,0,0,1,0,0,-,-,LOS ANGELES,LONG BEACH,-118.17634,33.78624009
8175442,2016,11/30/2016,1941,11/16/2016,631,10165,,3,5,7,1941,0,0,0,,0,,7TH ST,TEMPLE AV,0,,Y,A,-,N,,,,,,,,,,N,2,0,1,2,A,-,12,21453,A,N,A,B,B,A,H,-,A,A,0,Y,,,,Y,,A,,1,0,0,0,1,0,0,0,0,-,-,LOS ANGELES,LONG BEACH,-118.15896,33.77535005
8175441,2016,11/30/2016,1942,11/15/2016,1230,38273,2133,2,5,7,1942,0,0,0,,0,21TL67,MEDICAL CENTER DR,SHERMAN WAY,400,N,N,A,-,N,,,,,,,,,,N,4,0,1,2,A,-,10,21952,,N,G,B,F,A,H,-,A,D,0,Y,,,,Y,,A,1,0,0,1,0,1,0,0,0,0,-,-,LOS ANGELES,LOS ANGELES,-118.6294665,34.20150958
8175436,2016,4/12/2017,1942,11/10/2016,1940,42442,1754,4,5,7,1942,0,0,0,Q,0,21A97,LEMARSH ST,RESEDA BL,60,W,N,A,-,N,,,,,,,,,,N,3,0,1,2,A,-,9,21804,A,N,D,G,A,A,C,-,C,-,0,,Y,,,Y,,-,-,0,1,0,0,0,0,1,0,0,-,-,LOS ANGELES,LOS ANGELES,-118.53609,34.25544
8175426,2016,12/22/2016,1941,11/10/2016,2156,10932,,4,5,7,1941,0,0,0,,0,,OCEAN BL,TERMINO AV,0,,Y,A,-,N,,,,,,,,,,Y,3,0,1,2,A,I,0,12020,,N,G,G,A,A,H,-,C,A,0,,Y,,,Y,,L,,0,1,0,0,0,0,1,0,0,-,-,LOS ANGELES,LONG BEACH,-118.1459701,33.75970008
8175424,2016,11/30/2016,1942,11/14/2016,2015,42463,1653,1,5,7,1942,0,0,0,P,0,16A23,OSBORNE ST,SAN FERNANDO RD,0,,Y,A,-,N,,,,,,,,,,N,3,0,1,2,A,-,5,21650,1,N,D,G,A,A,H,-,C,A,0,,Y,,,Y,,L,4,0,1,0,0,0,0,1,0,0,-,-,LOS ANGELES,LOS ANGELES,-118.4095101,34.25418009
8175422,2016,1/12/2017,1941,11/14/2016,1735,5146,,1,5,7,1941,0,0,0,,0,901T,BELLFLOWER BL,HARVEY WY,0,,Y,A,-,N,,,,,,,,,,N,4,0,1,2,A,-,10,21950,A,N,G,B,B,A,H,-,C,A,0,Y,,,,Y,,A,,0,0,1,0,1,0,0,0,0,-,-,LOS ANGELES,LONG BEACH,-118.12514,33.83608006
8175416,2016,3/4/2017,1942,11/8/2016,500,37662,1799,2,5,7,1942,0,0,0,Q,0,17A95,RT 405,ROSCOE,3,E,N,A,-,Y,LA,7,405,-,-,43.916,R,4,S,N,4,0,1,2,A,-,12,21453,A,N,D,G,A,A,H,-,B,A,0,,Y,,,Y,,-,-,0,0,1,0,0,0,1,0,0,-,-,LOS ANGELES,LOS ANGELES,-118.4732977,34.22345176
8175414,2016,11/30/2016,1941,11/14/2016,2121,5487,,1,5,7,1941,0,0,0,,0,,OCEAN BL,BONITO AV,0,,Y,A,-,N,,,,,,,,,,N,3,0,1,2,A,-,11,21954,A,F,G,B,D,A,H,-,C,D,0,Y,,,,Y,,N,,0,1,0,0,1,0,0,0,0,-,-,LOS ANGELES,LONG BEACH,-118.1809501,33.76613007
8175408,2016,11/30/2016,1942,11/7/2016,1500,39701,1021,1,5,7,1942,0,0,0,J,0,16TL28,VANOWEN ST,TAMPA AV,15,S,N,A,-,N,,,,,,,,,,N,3,0,1,2,A,-,10,21950,A,N,G,B,B,A,H,-,A,A,0,Y,,,,Y,,A,1,0,1,0,0,1,0,0,0,0,-,-,LOS ANGELES,LOS ANGELES,-118.55345,34.19383
8175404,2016,1/14/2017,1942,11/12/2016,1950,42074,1044,6,5,7,1942,0,0,0,J,0,10A99,RESEDA BL,COLLINS ST,0,,Y,A,-,N,,,,,,,,,,,4,0,1,2,A,-,9,21801,A,N,G,B,B,A,H,-,C,D,0,Y,,,,Y,,A,1,0,0,1,0,1,0,0,0,0,-,-,LOS ANGELES,LOS ANGELES,-118.536,34.17491006
8175398,2016,11/30/2016,1941,11/14/2016,1713,10025,,1,5,7,1941,0,0,0,,0,901T,SANTA FE AV,21ST ST,8,N,N,A,-,N,,,,,,,,,,N,4,0,1,2,A,-,12,21453,A,N,D,G,A,A,H,-,C,A,0,,Y,,,Y,,D,,0,0,1,0,0,0,1,0,0,-,-,LOS ANGELES,LONG BEACH,-118.21552,33.79531194
8175394,2016,11/30/2016,1941,11/18/2016,2057,10772,,5,5,7,1941,0,0,0,,0,901T,PACIFIC AV,15TH ST,90,S,N,A,-,N,,,,,,,,,,N,3,0,1,2,A,-,11,21955,,N,G,B,D,A,H,-,C,A,0,Y,,,,Y,,N,,0,1,0,0,1,0,0,0,0,-,-,LOS ANGELES,LONG BEACH,-118.19373,33.78599319
8175391,2016,11/30/2016,1942,11/10/2016,1150,39096,1924,4,5,7,1942,0,0,0,,0,21TL64,HUBBARD ST,PEARWOOD AV,420,E,N,A,-,N,,,,,,,,,,N,2,0,1,2,A,-,11,21954,A,N,G,B,D,A,H,-,A,D,0,Y,,,,Y,,N,60,1,0,0,0,1,0,0,0,0,-,-,LOS ANGELES,LOS ANGELES,-118.4558204,34.28574374