CASE_ID,ACCIDENT_YEAR,PROC_DATE,JURIS,COLLISION_DATE,COLLISION_TIME,OFFICER_ID,REPORTING_DISTRICT,DAY_OF_WEEK,CHP_SHIFT,POPULATION,CNTY_CITY_LOC,SPECIAL_COND,BEAT_TYPE,CHP_BEAT_TYPE,CITY_DIVISION_LAPD,CHP_BEAT_CLASS,BEAT_NUMBER,PRIMARY_RD,SECONDARY_RD,DISTANCE,DIRECTION,INTERSECTION,WEATHER_1,WEATHER_2,STATE_HWY_IND,CALTRANS_COUNTY,CALTRANS_DISTRICT,STATE_ROUTE,ROUTE_SUFFIX,POSTMILE_PREFIX,POSTMILE,LOCATION_TYPE,RAMP_INTERSECTION,SIDE_OF_HWY,TOW_AWAY,COLLISION_SEVERITY,NUMBER_KILLED,NUMBER_INJURED,PARTY_COUNT,PRIMARY_COLL_FACTOR,PCF_CODE_OF_VIOL,PCF_VIOL_CATEGORY,PCF_VIOLATION,PCF_VIOL_SUBSECTION,HIT_AND_RUN,TYPE_OF_COLLISION,MVIW,PED_ACTION,ROAD_SURFACE,ROAD_COND_1,ROAD_COND_2,LIGHTING,CONTROL_DEVICE,CHP_ROAD_TYPE,PEDESTRIAN_ACCIDENT,BICYCLE_ACCIDENT,MOTORCYCLE_ACCIDENT,TRUCK_ACCIDENT,NOT_PRIVATE_PROPERTY,ALCOHOL_INVOLVED,STWD_VEHTYPE_AT_FAULT,CHP_VEHTYPE_AT_FAULT,COUNT_SEVERE_INJ,COUNT_VISIBLE_INJ,COUNT_COMPLAINT_PAIN,COUNT_PED_KILLED,COUNT_PED_INJURED,COUNT_BICYCLIST_KILLED,COUNT_BICYCLIST_INJURED,COUNT_MC_KILLED,COUNT_MC_INJURED,PRIMARY_RAMP,SECONDARY_RAMP,COUNTY,CITY,LONGITUDE,LATITUDE
8163660,2016,12/17/2016,1931,11/1/2016,601,5311,1931,2,5,5,1931,0,0,0,,0,3,SEVILLE AV,SATURN AV,0,,Y,A,-,N,,,,,,,,,,N,4,0,1,2,A,-,10,21950,A,N,G,B,B,A,H,-,C,A,0,Y,,,,Y,,A,1,0,0,1,0,1,0,0,0,0,-,-,LOS ANGELES,HUNTINGTON PARK,-118.22253,33.97691005
8163656,2016,11/17/2016,1931,11/9/2016,1610,5305,1931,3,5,5,1931,0,0,0,,0,1,RANDOLPH ST,MILES AV,0,,Y,A,-,N,,,,,,,,,,N,4,0,1,2,A,-,10,21950,A,N,G,B,B,A,H,-,A,A,0,Y,,,,Y,,A,1,0,0,1,0,1,0,0,0,0,-,-,LOS ANGELES,HUNTINGTON PARK,-118.21923,33.98493002
8163574,2016,11/17/2016,1963,10/20/2016,746,324,242,4,5,3,1963,0,0,0,,0,TWO,HUNTINGTON DR,MIRASOL DR,0,,Y,A,-,N,,,,,,,,,,N,3,0,1,2,B,-,22,,,N,D,G,A,A,H,-,A,A,0,,Y,,,Y,,L,4,0,1,0,0,0,0,1,0,0,-,-,LOS ANGELES,SAN MARINO,-118.0976501,34.12483003
8163538,2016,2/13/2017,1900,10/25/2016,1043,253807,2608,2,5,6,1950,0,0,0,,0,261T1,RT 138,35TH ST EAST,0,,Y,A,-,Y,LA,7,138,-,-,47.251,I,5,E,N,4,0,1,2,A,-,10,21950,A,N,G,B,B,A,H,-,A,A,0,Y,,,,Y,,A,1,0,0,1,0,1,0,0,0,0,-,-,LOS ANGELES,PALMDALE,-118.067252,34.58019925
8163526,2016,11/17/2016,1956,10/30/2016,923,1319,24,7,5,5,1956,0,0,0,,0,2,N CATALINA AV,CARNELIAN ST,300,N,N,B,-,N,,,,,,,,,,N,3,0,1,2,A,-,3,22350,,F,C,G,A,A,H,-,A,D,0,,Y,,,Y,,-,-,0,1,0,0,0,0,1,0,0,-,-,LOS ANGELES,REDONDO BEACH,-118.3914628,33.84543266
8163354,2016,11/16/2016,1942,9/29/2016,735,26281,2033,4,5,7,1942,0,0,0,,0,7MQ56,JAMES M WOOD BL,HOBART BL,0,,Y,A,-,N,,,,,,,,,,N,4,0,1,2,A,-,10,21950,A,N,G,B,B,A,H,-,A,A,0,Y,,,,Y,,A,7,0,0,1,0,1,0,0,0,0,-,-,LOS ANGELES,LOS ANGELES,,
8163352,2016,11/17/2016,1942,11/9/2016,0,38326,1771,3,5,7,1942,0,0,0,Q,0,17T13,WINNETKA AV,PRAIRIE ST,1100,S,N,A,-,N,,,,,,,,,,N,2,0,1,2,A,-,11,21954,A,N,G,B,D,A,H,-,E,D,0,Y,,,,Y,,N,60,1,0,0,0,1,0,0,0,0,-,-,LOS ANGELES,LOS ANGELES,-118.57108,34.2362025
8163347,2016,11/16/2016,1942,11/1/2016,1350,30983,915,2,5,7,1942,0,0,0,I,0,9TL56,SHERMAN WAY,HAZELTINE AV,19,W,N,A,-,N,,,,,,,,,,Y,3,0,2,2,A,-,8,22107,,N,A,B,-,A,H,-,A,D,0,Y,,,,Y,,A,1,0,1,1,0,1,0,0,0,0,-,-,LOS ANGELES,LOS ANGELES,-118.4400327,34.20122
8163346,2016,11/16/2016,1900,9/7/2016,520,518218,334,3,5,4,1939,0,0,0,,0,35T1,HAWTHORNE BL,16TH ST,14,N,N,A,-,N,,,,,,,,,,N,2,0,1,2,A,-,10,21950,A,F,G,B,B,A,H,-,B,D,0,Y,,,,Y,,-,99,1,0,0,0,1,0,0,0,0,-,-,LOS ANGELES,LAWNDALE,-118.35271,33.8801684
8163342,2016,11/16/2016,1900,9/15/2016,1305,536405,331,4,5,4,1939,0,0,0,,0,35T1,HAWTHORNE BL,149TH ST,15,S,N,A,-,N,,,,,,,,,,N,2,0,1,2,A,-,10,21950,A,N,G,B,B,A,H,-,A,D,0,Y,,,,Y,,A,1,1,0,0,0,1,0,0,0,0,-,-,LOS ANGELES,LAWNDALE,-118.35274,33.89637886
8163331,2016,11/16/2016,1942,11/6/2016,1815,41158,964,7,5,7,1942,0,0,0,I,0,21T65,RIVERSIDE DR,STANSBURY AV,115,E,N,A,-,N,,,,,,,,,,Y,2,0,1,2,A,-,11,21954,A,N,G,B,D,A,H,-,C,D,0,Y,,,,Y,,N,60,1,0,0,0,1,0,0,0,0,-,-,LOS ANGELES,LOS ANGELES,-118.4407206,34.1576
8163330,2016,11/16/2016,1900,9/27/2016,855,472719,2316,2,5,5,1919,0,0,0,,0,230T,ARTESIA BL,JASMINE WY,0,,Y,A,-,N,,,,,,,,,,N,4,0,1,2,A,-,10,21950,A,M,G,B,B,A,H,-,A,-,0,Y,,,,Y,,-,,0,0,1,0,1,0,0,0,0,-,-,LOS ANGELES,CERRITOS,-118.0371801,33.87324011
8163327,2016,11/16/2016,1942,11/2/2016,1850,41171,1722,3,5,7,1942,0,0,0,Q,0,17X66,CANOGA AV,DEVONSHIRE ST,0,,Y,A,-,N,,,,,,,,,,N,3,0,1,2,A,-,9,21453,,N,D,G,A,A,H,-,C,A,0,,Y,,,Y,,L,4,0,1,0,0,0,0,1,0,0,-,-,LOS ANGELES,LOS ANGELES,-118.5973301,34.25724002
8163323,2016,11/16/2016,1942,11/2/2016,1610,40735,937,3,5,7,1942,0,0,0,I,0,9TL54,RANCHITO AV,VICTORY BL,7,S,N,A,-,N,,,,,,,,,,N,4,0,1,2,A,-,11,21456,B,N,H,G,A,A,H,-,A,A,0,,Y,,,Y,,L,4,0,0,1,0,0,0,1,0,0,-,-,LOS ANGELES,LOS ANGELES,-118.4356297,34.1866508
8163319,2016,12/17/2016,1942,11/1/2016,1840,38743,1757,2,5,7,1942,0,0,0,Q,0,17X66,BALBOA BL,DEVONSHIRE ST,200,S,N,A,-,N,,,,,,,,,,N,4,0,1,2,A,-,8,22107,,N,D,G,A,A,H,-,C,A,0,,Y,,,Y,,-,,0,0,1,0,0,0,1,0,0,-,-,LOS ANGELES,LOS ANGELES,-118.5023387,34.25699144
8163308,2016,11/17/2016,1942,11/1/2016,1900,41316,1969,2,5,7,1942,0,0,0,,0,16T25,MONTAGUE ST,ARLETA AV,5,E,N,A,-,N,,,,,,,,,,N,2,0,1,2,A,-,9,21801,A,N,G,B,B,A,H,-,C,D,0,Y,,,,Y,,A,1,1,0,0,0,1,0,0,0,0,-,-,LOS ANGELES,LOS ANGELES,-118.4228976,34.23909902
8163293,2016,11/16/2016,1946,9/8/2016,1838,P36,,4,5,4,1946,0,0,0,,0,1,MADISON,FOOTHILL,657,N,N,A,-,N,,,,,,,,,,N,2,0,1,1,D,-,0,,,N,H,-,A,A,H,-,A,D,0,,Y,,,Y,,-,-,1,0,0,0,0,0,1,0,0,-,-,LOS ANGELES,MONROVIA,-118.0186145,34.15294111
8163281,2016,11/16/2016,1946,9/7/2016,730,P6,PASAD,3,5,4,1946,0,0,0,,0,1,COLORADO,MAYFLOWER,411,W,N,A,-,N,,,,,,,,,,N,3,0,1,2,A,-,8,22107,,F,B,G,A,A,H,-,A,D,0,,Y,,,Y,,-,-,0,1,0,0,0,0,1,0,0,-,-,LOS ANGELES,MONROVIA,-118.0110652,34.14576348
8163275,2016,1/3/2017,1942,10/17/2016,505,34599,1966,1,5,7,1942,0,0,0,,0,15T43,VAN NUYS,PLUMMER ST,0,,Y,C,-,N,,,,,,,,,,N,3,0,1,2,A,-,11,21954,A,N,G,B,-,A,H,-,C,A,0,Y,,,,Y,,N,60,0,1,0,0,1,0,0,0,0,-,-,LOS ANGELES,LOS ANGELES,-118.45023,34.24268001
8163263,2016,11/16/2016,1942,10/20/2016,1900,38185,1984,4,5,7,1942,0,0,0,,0,19TL75,CEDROS AV,PARTHENIA ST,500,N,N,A,-,N,,,,,,,,,,N,3,0,1,2,C,-,18,,,N,G,B,F,A,H,-,C,A,0,Y,,,,Y,,-,-,0,1,0,0,1,0,0,0,0,-,-,LOS ANGELES,LOS ANGELES,-118.45353,34.22963146
8163259,2016,11/16/2016,1942,10/20/2016,705,38956,1984,4,5,7,1942,0,0,0,,0,19TL79,PARTHENIA ST,WILLIS AV,35,E,N,A,-,N,,,,,,,,,,N,2,0,1,2,A,-,11,21955,,N,-,B,-,A,H,-,A,D,0,Y,,,,Y,,N,60,1,0,0,0,1,0,0,0,0,-,-,LOS ANGELES,LOS ANGELES,-118.4551845,34.22827773
8163258,2016,11/16/2016,1942,10/29/2016,2105,40928,974,6,5,7,1942,0,0,0,I,0,21T65,MILBANK ST,VAN NUYS BL,175,E,N,A,-,N,,,,,,,,,,N,3,0,1,2,A,-,11,21956,A,N,G,B,D,A,H,-,C,D,0,Y,,,,Y,,N,60,0,1,0,0,1,0,0,0,0,-,-,LOS ANGELES,LOS ANGELES,-118.4481226,34.15303
8163230,2016,11/16/2016,1942,10/31/2016,2300,42366,9A23,1,5,7,1942,0,0,0,,0,,VICTORY BL,VESPER AV,0,,Y,A,-,N,,,,,,,,,,N,3,0,1,2,A,-,0,21439,,N,G,G,A,A,H,-,C,A,0,,Y,,,Y,,L,4,0,1,0,0,0,0,1,0,0,-,-,LOS ANGELES,LOS ANGELES,-118.4509301,34.18666011
8163215,2016,11/16/2016,1900,10/21/2016,1620,526358,2114,5,5,5,1943,0,0,0,,0,212T3,ATLANTIC AV,SHIRLEY AV,20,N,N,A,-,N,,,,,,,,,,N,4,0,1,2,A,-,11,21954,A,N,G,B,D,A,H,-,A,D,0,Y,,,,Y,,N,60,0,0,1,0,1,0,0,0,0,-,-,LOS ANGELES,LYNWOOD,-118.1871392,33.92209203
8163199,2016,11/17/2016,1942,10/27/2016,1840,25495,2029,4,5,7,1942,0,0,0,,0,7T23,COMMONWEALTH AV,3RD ST,280,N,N,A,-,N,,,,,,,,,,N,4,0,1,2,A,-,11,21954,A,N,G,B,D,A,H,-,C,A,0,Y,,,,Y,,N,60,0,0,1,0,1,0,0,0,0,-,-,LOS ANGELES,LOS ANGELES,-118.2856993,34.06972771
8163179,2016,11/17/2016,1942,10/28/2016,1310,35945,2054,5,5,7,1942,0,0,0,,0,14T52,KINGSLEY DR,SAN MARINO ST,100,S,N,A,-,N,,,,,,,,,,N,3,0,1,2,A,-,10,21952,,F,G,B,F,A,H,-,A,D,0,Y,,,,Y,,-,99,0,1,0,0,1,0,0,0,0,-,-,LOS ANGELES,LOS ANGELES,-118.303133,34.05420575
8163178,2016,11/17/2016,1942,10/20/2016,700,40899,2011,4,5,7,1942,0,0,0,,0,20T59,WILTON PL,2ND,11,S,N,A,-,N,,,,,,,,,,,3,0,1,2,A,-,10,21950,A,N,G,B,B,A,H,-,A,A,0,Y,,,,Y,,A,1,0,1,0,0,1,0,0,0,0,-,-,LOS ANGELES,LOS ANGELES,-118.3142009,34.07108984
8163174,2016,11/17/2016,1942,10/12/2016,2105,40690,2019,3,5,7,1942,0,0,0,,0,6T7,VERMONT AV,2ND ST,88,N,N,A,-,N,,,,,,,,,,N,2,0,1,2,A,-,11,21954,A,N,G,B,D,A,H,-,C,D,0,Y,,,,Y,Y,N,60,1,0,0,0,1,0,0,0,0,-,-,LOS ANGELES,LOS ANGELES,,
8163171,2016,11/17/2016,1942,10/27/2016,2000,37511,2019,4,5,7,1942,0,0,0,,0,7T23,JUANITA AV,BEVERLY BL,100,N,N,B,-,N,,,,,,,,,,N,4,0,1,2,A,-,17,21663,,F,G,B,F,A,H,-,C,D,0,Y,,,,Y,,-,99,0,0,1,0,1,0,0,0,0,-,-,LOS ANGELES,LOS ANGELES,-118.290521,34.07658415
8163162,2016,11/17/2016,1942,10/24/2016,1330,31255,2039,1,5,7,1942,0,0,0,,0,14TL52,WESTMORELAND AV,WILSHIRE BL,115,N,N,A,-,N,,,,,,,,,,N,4,0,1,2,A,-,0,21955,A,N,G,B,D,A,H,-,A,D,0,Y,,,,Y,,N,60,0,0,1,0,1,0,0,0,0,-,-,LOS ANGELES,LOS ANGELES,-118.28908,34.06184
8163161,2016,11/17/2016,1942,10/20/2016,900,37072,1764,4,5,7,1942,0,0,0,Q,0,900,DEVONSHIRE ST,TUNNEY,50,W,N,A,-,N,,,,,,,,,,N,3,0,1,2,A,-,4,21703,,N,C,G,A,A,H,-,A,D,0,,Y,,,Y,,-,,0,1,0,0,0,0,1,0,0,-,-,LOS ANGELES,LOS ANGELES,-118.5580752,34.25725
8163158,2016,11/17/2016,1942,10/24/2016,810,39710,2055,1,5,7,1942,0,0,0,,0,20A13,FEDORA ST,OLYMPIC BL,0,,Y,C,-,N,,,,,,,,,,N,4,0,1,2,A,-,10,21950,A,N,B,B,B,B,H,-,A,A,0,Y,,,,Y,,A,1,0,0,1,0,1,0,0,0,0,-,-,LOS ANGELES,LOS ANGELES,-118.2979101,34.05265012
8163151,2016,11/17/2016,1900,10/18/2016,850,438096,2318,2,5,5,1919,0,0,0,,0,231,ARTESIA BL,NIAGARA AV,24,W,N,A,-,N,,,,,,,,,,N,3,0,1,2,A,-,5,21650,,N,D,G,A,A,H,-,A,D,0,,Y,,,Y,,L,4,0,1,0,0,0,0,1,0,0,-,-,LOS ANGELES,CERRITOS,-118.0661389,33.8732
8163146,2016,11/17/2016,1942,10/20/2016,1615,38590,2011,4,5,7,1942,0,0,0,,0,20TL58,BEVERLY BL,BRONSON AV,2,W,N,A,-,N,,,,,,,,,,N,3,0,1,2,A,-,8,22107,,N,B,G,A,A,H,-,A,D,0,,Y,,,Y,,A,7,0,1,0,0,0,0,1,0,0,-,-,LOS ANGELES,LOS ANGELES,-118.3178866,34.07622011
8163144,2016,11/18/2016,1942,10/7/2016,750,36865,1232,5,5,7,1942,0,0,0,L,0,12A73,SLAUSON AV,CRENSHAW,0,,Y,A,-,N,,,,,,,,,,N,3,0,1,2,A,-,11,21453,D,N,G,B,B,A,H,-,A,A,0,Y,,,,Y,,N,60,0,1,0,0,1,0,0,0,0,-,-,LOS ANGELES,LOS ANGELES,-118.3309101,33.98901001
8163133,2016,12/17/2016,1942,10/22/2016,2035,25495,2088,6,5,7,1942,0,0,0,,0,7T23,HOOVER ST,VENICE BL,0,S,N,A,-,N,,,,,,,,,,N,2,0,1,2,A,-,11,21954,A,N,G,B,D,A,H,-,C,D,0,Y,,,,Y,,N,60,1,0,0,0,1,0,0,0,0,-,-,LOS ANGELES,LOS ANGELES,-118.2841501,34.04380009
8163131,2016,11/17/2016,1900,10/2/2016,1950,441896,2111,7,5,5,1943,0,0,0,,0,212D,STATE ST,FERNWOOD AV,0,,Y,A,-,N,,,,,,,,,,N,3,0,1,2,A,-,10,21950,A,F,G,B,B,A,H,-,C,A,0,Y,,,,Y,,A,1,0,1,0,0,1,0,0,0,0,-,-,LOS ANGELES,LYNWOOD,-118.2169601,33.92865006
8163128,2016,11/18/2016,1942,10/31/2016,1500,42182,1269,1,5,7,1942,0,0,0,L,0,12XL5,84TH ST,TOWNE,0,,Y,A,-,N,,,,,,,,,,Y,3,0,2,3,A,-,10,21950,A,M,A,B,B,A,H,-,A,A,0,Y,,,,Y,,A,1,0,1,1,0,2,0,0,0,0,-,-,LOS ANGELES,LOS ANGELES,-118.2673301,33.96284002
8163126,2016,11/17/2016,1942,10/4/2016,1800,37699,2027,2,5,7,1942,0,0,0,,0,20A53,WILSHIRE BL,BERENDO AV,2,N,N,A,-,N,,,,,,,,,,N,2,0,1,2,A,-,8,22107,A,N,G,B,A,A,H,-,C,A,0,,Y,,,Y,,A,1,1,0,0,0,0,0,1,0,0,-,-,LOS ANGELES,LOS ANGELES,-118.29413,34.06177
8163101,2016,11/16/2016,1942,10/2/2016,1045,40869,1248,7,5,7,1942,0,0,0,L,0,12TL41,65TH ST,HOOVER ST,175,W,N,A,-,N,,,,,,,,,,N,4,0,1,2,A,-,11,21956,A,N,G,B,E,A,H,-,A,D,0,Y,,,,Y,,N,60,0,0,1,0,1,0,0,0,0,-,-,LOS ANGELES,LOS ANGELES,-118.28709,33.98058
8163087,2016,11/16/2016,1925,10/29/2016,1834,25775,254,6,5,6,1925,0,0,0,,0,3,SOUTH GLENDALE AV,EAST CHESTNUT ST,0,,Y,A,-,N,,,,,,,,,,N,4,0,1,2,A,-,10,21950,A,N,G,B,B,A,H,-,C,A,0,Y,,,,Y,,-,,0,0,1,0,1,0,0,0,0,-,-,LOS ANGELES,GLENDALE,-118.2505501,34.13988004
8163082,2016,1/5/2017,1900,10/14/2016,1402,540665,976,5,5,4,1979,0,0,0,,0,93A,SANTA MONICA BL,ORLANDO AV,2,S,N,A,-,N,,,,,,,,,,N,4,0,1,2,A,-,10,21950,A,N,G,-,B,A,H,-,A,D,0,Y,,,,Y,,A,1,0,0,1,0,1,0,0,0,0,-,-,LOS ANGELES,WEST HOLLYWOOD,-118.3731965,34.09065887
8163073,2016,11/15/2016,1942,10/9/2016,835,35327,1218,7,5,7,1942,0,0,0,L,0,12A3W2,S HOOVER ST,54TH ST,0,,Y,A,-,N,,,,,,,,,,,3,0,1,2,A,-,12,21453,A,N,H,C,A,A,H,-,A,A,0,,Y,,,Y,,L,4,0,1,0,0,0,0,1,0,0,-,-,LOS ANGELES,LOS ANGELES,-118.2871501,33.99325004
8163071,2016,11/16/2016,1925,10/26/2016,1601,24111,193,3,5,6,1925,0,0,0,,0,1,GLENOAKS BL,GRANDVIEW AV,241,W,N,A,-,N,,,,,,,,,,N,2,0,2,4,A,-,17,22517,,N,D,G,A,A,H,-,A,D,0,,Y,,,Y,,A,1,1,1,0,0,0,0,2,0,0,-,-,LOS ANGELES,GLENDALE,-118.2819892,34.16540439
8163070,2016,11/16/2016,1942,10/12/2016,1940,41917,1265,3,5,7,1942,0,0,0,L,0,3T5,KANSAS AV,83RD ST,5,W,N,A,-,N,,,,,,,,,,N,4,0,1,4,A,-,0,23250,,F,B,B,E,A,H,-,C,D,0,Y,,,,Y,,-,99,0,0,1,0,1,0,0,0,0,-,-,LOS ANGELES,LOS ANGELES,-118.29402,33.96365
8163060,2016,1/5/2017,1942,10/18/2016,805,41924,1249,2,5,7,1942,0,0,0,L,0,12T41,70TH ST,BONSALLO AV,3,W,N,A,-,N,,,,,,,,,,N,4,0,2,3,A,-,11,21953,,N,D,B,-,A,H,-,A,A,0,Y,,,,Y,,N,60,0,0,2,0,2,0,0,0,0,-,-,LOS ANGELES,LOS ANGELES,-118.2859899,33.97607991
8163059,2016,11/16/2016,1900,10/14/2016,1735,510509,1132,5,5,6,1992,0,0,0,,0,111T1,AVENUE J,CHALLENGER WY,317,E,N,A,-,N,,,,,,,,,,N,4,0,1,2,A,-,8,22100,A,N,B,G,A,A,H,-,A,D,0,,Y,,,Y,,A,1,0,0,1,0,0,0,1,0,0,-,-,LOS ANGELES,LANCASTER,,
8163058,2016,11/17/2016,1942,10/11/2016,550,519948,972,2,5,7,1942,0,0,0,I,0,91T1,ROBERTSON BL,MELROSE AV,0,,Y,A,-,N,,,,,,,,,,N,3,0,1,2,A,-,10,21950,A,N,G,B,B,A,H,-,C,A,0,Y,,,,Y,,A,7,0,1,0,0,1,0,0,0,0,-,-,LOS ANGELES,LOS ANGELES,-118.3854701,34.08081008
8163057,2016,11/15/2016,1942,10/4/2016,1700,39177,1205,2,5,7,1942,0,0,0,L,0,25EL1,NORMANDIE AV,50TH ST,55,S,N,A,-,N,,,,,,,,,,N,4,0,1,2,A,-,11,21950,B,N,G,B,D,A,H,-,A,D,0,Y,,,,Y,Y,N,60,0,0,1,0,1,0,0,0,0,-,-,LOS ANGELES,LOS ANGELES,-118.30017,33.99807916
8163053,2016,11/15/2016,1942,10/5/2016,1400,40869,1269,3,5,7,1942,0,0,0,L,0,5TL21,79TH ST,CENTRAL AV,200,W,N,A,-,N,,,,,,,,,,,4,0,1,2,A,-,11,21954,A,N,G,B,E,A,H,-,A,D,0,Y,,,,Y,,N,60,0,0,1,0,1,0,0,0,0,-,-,LOS ANGELES,LOS ANGELES,-118.257088,33.96746901
8163051,2016,1/24/2018,1900,10/15/2016,2120,510509,1123,6,5,6,1992,0,0,0,,0,111T1,AVENUE K,ELM AV,158,W,N,A,-,N,,,,,,,,,,N,3,0,1,2,A,-,11,21954,A,N,G,B,D,A,H,-,D,D,0,Y,,,,Y,,N,60,0,1,0,0,1,0,0,0,0,-,-,LOS ANGELES,LANCASTER,-118.14073,34.67529
8163044,2016,11/16/2016,1942,10/16/2016,2005,41439,1233,7,5,7,1942,0,0,0,L,0,3T5,HYDE PARK BL,VAN NESS AV,3,W,N,B,-,N,,,,,,,,,,N,4,0,1,2,A,-,10,21950,A,N,A,B,B,A,H,-,C,A,0,Y,,,,Y,,A,8,0,0,1,0,1,0,0,0,0,-,-,LOS ANGELES,LOS ANGELES,-118.3176886,33.98440589
8163042,2016,11/16/2016,1900,10/31/2016,1112,462153,972,1,5,4,1979,0,0,0,,0,92T2,MELROSE AV,SAN VICENTE BL,300,W,N,A,-,N,,,,,,,,,,N,4,0,1,2,A,-,13,22515,B,N,G,B,E,A,H,-,A,D,0,Y,,,,Y,,A,7,0,0,1,0,1,0,0,0,0,-,-,LOS ANGELES,WEST HOLLYWOOD,-118.3841202,34.0810588
8163034,2016,11/17/2016,1962,11/2/2016,914,78,1962,3,5,4,1962,0,0,0,,0,24,WALNUT GROVE AV,LAS TUNAS DR,10,S,N,A,-,N,,,,,,,,,,N,4,0,1,2,D,-,0,,,N,G,B,B,A,H,-,A,A,0,Y,,,,Y,,-,-,0,0,1,0,1,0,0,0,0,-,-,LOS ANGELES,SAN GABRIEL,-118.0837995,34.10343258
8163026,2016,11/17/2016,1942,11/1/2016,1605,41179,2045,2,5,7,1942,0,0,0,,0,8TL26,MARIPOSA AV,JAMES M WOOD BL,2,S,N,A,-,N,,,,,,,,,,N,4,0,1,2,A,-,10,21950,A,N,G,B,B,A,H,-,A,A,0,Y,,,,Y,,A,8,0,0,1,0,1,0,0,0,0,-,-,LOS ANGELES,LOS ANGELES,,
8162978,2016,11/17/2016,1942,11/1/2016,2020,39298,923,2,5,7,1942,0,0,0,I,0,9A23,VANOWEN ST,VESPER AV,0,,N,A,-,N,,,,,,,,,,N,2,0,1,2,A,-,11,21954,A,N,G,B,D,A,H,-,D,A,0,Y,,,,Y,,N,60,1,0,0,0,1,0,0,0,0,-,-,LOS ANGELES,LOS ANGELES,-118.4509501,34.19393001
8162970,2016,11/17/2016,1942,11/2/2016,815,33504,937,3,5,7,1942,0,0,0,I,0,19TL77,VICTORY BL,COSTELLO AV,0,,Y,A,-,N,,,,,,,,,,N,3,0,1,2,A,-,9,21804,A,N,D,G,A,A,H,-,A,A,0,,Y,,,Y,,L,4,0,1,0,0,0,0,1,0,0,-,-,LOS ANGELES,LOS ANGELES,-118.4378101,34.1866701
8162858,2016,11/18/2016,1955,10/27/2016,756,41138,23,4,5,6,1955,0,0,0,,0,2,ORANGE GROVE AV,MEADOW LN,232,S,N,A,-,N,,,,,,,,,,Y,3,0,1,2,A,-,8,22103,,N,D,G,A,A,H,-,A,A,0,,Y,,,Y,,D,22,0,1,0,0,0,0,1,0,0,-,-,LOS ANGELES,POMONA,-117.7434104,34.08793521
8162809,2016,3/3/2017,1955,11/7/2016,742,41138,11,1,5,6,1955,0,0,0,,0,3,RT 10,TOWNE AV,4,W,N,A,-,Y,LA,7,10,-,-,46.273,R,1,E,N,3,0,1,2,A,-,10,21950,A,N,D,G,A,A,H,-,A,A,0,,Y,,,Y,,D,22,0,1,0,0,0,0,1,0,0,EF,-,LOS ANGELES,POMONA,-117.7439113,34.07720738
8162514,2016,12/1/2016,1962,11/1/2016,1540,84,1962,2,5,4,1962,0,0,0,,0,22,MISSION DR,BROADWAY,0,,Y,A,-,N,,,,,,,,,,N,3,0,1,2,A,-,8,22107,,N,D,G,A,A,H,-,A,A,0,,Y,,,Y,,D,22,0,1,0,0,0,0,1,0,0,-,-,LOS ANGELES,SAN GABRIEL,-118.1096501,34.09921002
8162424,2016,11/15/2016,1913,10/18/2016,1724,3981,46,2,5,4,1913,0,0,0,,0,3,BASELINE RD,TOWNE AV,35,E,N,A,-,N,,,,,,,,,,Y,3,0,1,2,A,-,9,21801,A,N,D,G,A,A,H,-,A,A,0,,Y,,,Y,,A,1,0,1,0,0,0,0,1,0,0,-,-,LOS ANGELES,CLAREMONT,-117.7363547,34.12164
8162399,2016,12/27/2016,1900,10/11/2016,845,507857,977,2,5,4,1979,0,0,0,,0,92T1,SANTA MONICA BL,SAN VICENTE BL,0,,Y,B,-,N,,,,,,,,,,N,2,0,1,2,A,-,8,22107,,N,B,G,A,A,H,-,A,A,0,,Y,,Y,Y,,G,25,1,0,0,0,0,0,1,0,0,-,-,LOS ANGELES,WEST HOLLYWOOD,-118.3841101,34.08493009
8162341,2016,11/21/2016,1900,9/28/2016,850,489531,1513,3,5,5,1954,0,0,0,,0,151M2,PARAMOUNT BL,MINES AV,0,,Y,A,-,N,,,,,,,,,,N,3,0,1,2,A,-,9,21804,A,N,D,G,A,A,H,-,A,A,0,,Y,,,Y,,L,4,0,1,0,0,0,0,1,0,0,-,-,LOS ANGELES,PICO RIVERA,-118.0948401,33.99517008
8162320,2016,11/15/2016,1942,11/2/2016,2209,31288,375,3,5,7,1942,0,0,0,C,0,12T41,WESTERN AV,38TH PL,28,E,N,A,-,N,,,,,,,,,,N,2,0,1,2,A,-,10,21950,C,F,G,B,D,A,H,-,C,D,0,Y,,,,Y,,A,1,1,0,0,0,1,0,0,0,0,-,-,LOS ANGELES,LOS ANGELES,-118.30891,34.01644