CASE_ID,ACCIDENT_YEAR,PROC_DATE,JURIS,COLLISION_DATE,COLLISION_TIME,OFFICER_ID,REPORTING_DISTRICT,DAY_OF_WEEK,CHP_SHIFT,POPULATION,CNTY_CITY_LOC,SPECIAL_COND,BEAT_TYPE,CHP_BEAT_TYPE,CITY_DIVISION_LAPD,CHP_BEAT_CLASS,BEAT_NUMBER,PRIMARY_RD,SECONDARY_RD,DISTANCE,DIRECTION,INTERSECTION,WEATHER_1,WEATHER_2,STATE_HWY_IND,CALTRANS_COUNTY,CALTRANS_DISTRICT,STATE_ROUTE,ROUTE_SUFFIX,POSTMILE_PREFIX,POSTMILE,LOCATION_TYPE,RAMP_INTERSECTION,SIDE_OF_HWY,TOW_AWAY,COLLISION_SEVERITY,NUMBER_KILLED,NUMBER_INJURED,PARTY_COUNT,PRIMARY_COLL_FACTOR,PCF_CODE_OF_VIOL,PCF_VIOL_CATEGORY,PCF_VIOLATION,PCF_VIOL_SUBSECTION,HIT_AND_RUN,TYPE_OF_COLLISION,MVIW,PED_ACTION,ROAD_SURFACE,ROAD_COND_1,ROAD_COND_2,LIGHTING,CONTROL_DEVICE,CHP_ROAD_TYPE,PEDESTRIAN_ACCIDENT,BICYCLE_ACCIDENT,MOTORCYCLE_ACCIDENT,TRUCK_ACCIDENT,NOT_PRIVATE_PROPERTY,ALCOHOL_INVOLVED,STWD_VEHTYPE_AT_FAULT,CHP_VEHTYPE_AT_FAULT,COUNT_SEVERE_INJ,COUNT_VISIBLE_INJ,COUNT_COMPLAINT_PAIN,COUNT_PED_KILLED,COUNT_PED_INJURED,COUNT_BICYCLIST_KILLED,COUNT_BICYCLIST_INJURED,COUNT_MC_KILLED,COUNT_MC_INJURED,PRIMARY_RAMP,SECONDARY_RAMP,COUNTY,CITY,LONGITUDE,LATITUDE
8157536,2016,11/7/2016,1942,9/27/2016,1756,36722,525,2,5,7,1942,0,0,0,E,0,25EL1,E ST,GULF AV,0,,Y,A,-,N,,,,,,,,,,N,4,0,1,2,A,-,9,21802,A,N,D,G,A,A,H,-,A,A,0,,Y,,,Y,,L,4,0,0,1,0,0,0,1,0,0,-,-,LOS ANGELES,LOS ANGELES,-118.27255,33.77506004
8157416,2016,11/2/2016,1909,10/19/2016,1908,507,,3,5,4,1909,0,0,0,,0,SOUTH,GARFIELD AV,CLARA ST,0,,Y,A,-,N,,,,,,,,,,N,4,0,1,2,A,-,10,21950,A,N,G,B,B,A,H,-,C,A,0,Y,,,,Y,,A,1,0,0,1,0,1,0,0,0,0,-,-,LOS ANGELES,BELL GARDENS,-118.15405,33.96201007
8157389,2016,11/2/2016,1900,10/7/2016,830,462141,2116,5,5,5,1943,0,0,0,,0,212T4,LONG BEACH BL,CARLIN AV,0,,Y,A,-,N,,,,,,,,,,N,4,0,1,2,A,-,10,21950,A,N,G,B,B,A,H,-,A,A,0,Y,,,,Y,,A,7,0,0,1,0,1,0,0,0,0,-,-,LOS ANGELES,LYNWOOD,-118.2092801,33.91479009
8157197,2016,11/1/2016,1942,10/16/2016,2220,25907,914,7,5,7,1942,0,0,0,I,0,21TL65,BASSETT ST,NOBLE AV,5,E,N,B,-,N,,,,,,,,,,N,4,0,1,2,A,-,12,22450,A,F,-,-,B,A,H,-,D,-,0,Y,,,,Y,,-,99,0,0,1,0,1,0,0,0,0,-,-,LOS ANGELES,LOS ANGELES,-118.4618535,34.19617
8157170,2016,11/2/2016,1941,10/14/2016,1914,10977,,5,5,7,1941,0,0,0,,0,,E ARTESIA BL,MURIEL AV,91,E,N,A,-,N,,,,,,,,,,N,2,0,1,2,A,-,11,21954,A,N,G,B,D,A,H,-,C,D,0,Y,,,,Y,,N,,1,0,0,0,1,0,0,0,0,-,-,LOS ANGELES,LONG BEACH,-118.2002408,33.87436
8157161,2016,11/1/2016,1942,10/10/2016,2315,42403,915,1,5,7,1942,0,0,0,I,0,9A19,SHERMAN WY,TYRONE AV,0,,Y,A,-,N,,,,,,,,,,N,4,0,1,2,A,-,5,21650,1,F,A,G,A,A,H,-,C,A,0,,Y,,,Y,,L,4,0,0,1,0,0,0,1,0,0,-,-,LOS ANGELES,LOS ANGELES,-118.4443601,34.20120003
8157129,2016,11/2/2016,1942,10/3/2016,1950,38326,2115,1,5,7,1942,0,0,0,,0,19T75,OWENSMOUTH AV,LANARK ST,0,,Y,A,-,N,,,,,,,,,,Y,3,0,1,2,A,-,10,21950,A,N,G,B,B,A,H,-,C,D,0,Y,,,,Y,,A,1,0,1,0,0,1,0,0,0,0,-,-,LOS ANGELES,LOS ANGELES,-118.6016401,34.21760002
8157040,2016,12/7/2016,1941,10/15/2016,1123,10912,,6,5,7,1941,0,0,0,,0,,EAST BURNETT ST,OLIVE,150,W,N,A,-,N,,,,,,,,,,N,4,0,2,3,A,-,-,,,N,B,G,A,A,H,-,A,D,0,,Y,,,Y,,L,,0,0,2,0,0,0,2,0,0,-,-,LOS ANGELES,LONG BEACH,-118.1833458,33.80073216
8157036,2016,11/2/2016,1941,10/15/2016,2030,10679,,6,5,7,1941,0,0,0,,0,,LONG BEACH BL,6TH ST,0,,Y,F,-,N,,,,,,,,,,N,2,0,1,2,D,-,0,,,N,G,B,B,-,G,-,-,-,0,Y,,,,Y,,-,-,1,0,0,0,1,0,0,0,0,-,-,LOS ANGELES,LONG BEACH,-118.1894901,33.77415007
8157008,2016,11/2/2016,1941,10/20/2016,1734,5868,,4,5,7,1941,0,0,0,,0,,LONG BEACH BL,68TH ST,0,,Y,A,-,N,,,,,,,,,,N,3,0,1,2,A,-,9,21802,A,N,D,-,B,-,H,-,A,A,0,Y,,,,Y,,A,,0,1,0,0,1,0,0,0,0,-,-,LOS ANGELES,LONG BEACH,-118.2037701,33.87770002
8157003,2016,11/1/2016,1955,10/26/2016,1702,42254,6,3,5,6,1955,0,0,0,,0,1,CENTER ST,GAREY AV,0,,Y,A,-,N,,,,,,,,,,N,3,0,1,2,A,-,9,21804,A,F,D,G,A,A,H,-,A,D,0,,Y,,,Y,,A,7,0,1,0,0,0,0,1,0,0,-,-,LOS ANGELES,POMONA,-117.75028,34.06142004
8156999,2016,11/1/2016,1955,10/1/2016,2226,42150,51,6,5,6,1955,0,0,0,,0,1,MISSION BL,WHITE AV,126,W,N,A,-,N,,,,,,,,,,N,3,0,1,2,A,-,11,21954,A,N,G,B,D,A,H,-,C,A,0,Y,,,,Y,,N,60,0,1,0,0,1,0,0,0,0,-,-,LOS ANGELES,POMONA,-117.7592148,34.05489153
8156979,2016,11/1/2016,1928,10/20/2016,743,342,515,4,5,5,1928,0,0,0,,0,503,WASHINGTON AV,129TH ST,0,,Y,A,-,N,,,,,,,,,,N,4,0,1,2,A,-,10,21950,A,N,G,B,B,A,H,-,A,A,0,Y,,,,Y,,A,7,0,0,1,0,1,0,0,0,0,-,-,LOS ANGELES,HAWTHORNE,-118.3495601,33.91531001
8156829,2016,11/2/2016,1942,8/26/2016,1505,41527,316,5,5,7,1942,0,0,0,C,0,3T57,25TH ST,LA SALLE AV,5,E,N,A,-,N,,,,,,,,,,N,3,0,1,2,A,-,21,22106,,N,G,B,B,A,H,-,A,A,0,Y,,,,Y,,A,1,0,1,0,0,1,0,0,0,0,-,-,LOS ANGELES,LOS ANGELES,-118.3057636,34.03365925
8156825,2016,11/1/2016,1942,8/28/2016,805,42357,375,7,5,7,1942,0,0,0,C,0,3A55,EXPOSITION BL,GRAMERCY PL,50,E,N,A,-,N,,,,,,,,,,N,3,0,1,2,A,-,12,21453,A,F,C,G,A,A,H,-,A,A,0,,Y,,,Y,,L,4,0,1,0,0,0,0,1,0,0,-,-,LOS ANGELES,LOS ANGELES,-118.3136599,34.01846797
8156821,2016,11/1/2016,1942,8/31/2016,800,,,3,5,7,1942,0,0,0,,0,18T23,HOOVER ST,JEFFERSON,10,N,N,A,-,N,,,,,,,,,,N,4,0,1,2,A,-,3,22350,,N,C,G,A,A,D,-,A,D,0,,Y,,,Y,,L,4,0,0,1,0,0,0,1,0,0,-,-,LOS ANGELES,LOS ANGELES,-118.2840556,34.02366467
8156817,2016,11/2/2016,1900,8/30/2016,1530,532055,2612,2,5,6,1950,0,0,0,,0,262T1,LA PAZ ST,TOWN CENTER DR,0,,Y,A,-,N,,,,,,,,,,N,4,0,1,2,A,-,10,21950,A,N,G,B,B,A,H,-,A,A,0,Y,,,,Y,,A,1,0,0,1,0,1,0,0,0,0,-,-,LOS ANGELES,PALMDALE,-118.1877801,34.61643006
8156738,2016,11/1/2016,1900,9/2/2016,604,60007,2619,5,5,6,1950,0,0,0,,0,262,GAITANO DR,DIVISION ST,0,,Y,A,-,N,,,,,,,,,,N,4,0,1,2,A,-,10,21950,A,N,B,B,C,A,H,-,B,D,0,Y,,,,Y,,A,7,0,0,1,0,1,0,0,0,0,-,-,LOS ANGELES,PALMDALE,-118.1300001,34.6111501
8156734,2016,11/1/2016,1900,9/27/2016,540,546525,2608,2,5,6,1950,0,0,0,,0,262T1,30TH ST EAST,PALMDALE BL,758,S,N,A,-,N,,,,,,,,,,N,4,0,1,2,A,-,11,21954,A,N,G,B,D,A,H,-,E,D,0,Y,,,,Y,,N,60,0,0,1,0,1,0,0,0,0,-,-,LOS ANGELES,PALMDALE,-118.0762476,34.57814173
8156706,2016,11/2/2016,1902,10/21/2016,1408,702,18,5,5,5,1902,0,0,0,,0,3,HUNTINGTON DR,BALDWIN AV,0,,Y,A,-,N,,,,,,,,,,N,3,0,1,2,A,-,10,21950,A,N,G,B,B,A,H,-,A,A,0,Y,,,,Y,,A,1,0,1,0,0,1,0,0,0,0,-,-,LOS ANGELES,ARCADIA,-118.0546001,34.13157012
8156694,2016,11/1/2016,1942,10/13/2016,35,41355,RD663,4,5,7,1942,0,0,0,,0,6A49,SANTA MONICA BL,MCCADDEN PL,0,,Y,A,-,N,,,,,,,,,,N,3,0,1,2,A,-,3,22350,,F,H,G,A,A,H,-,C,D,0,,Y,,,Y,,-,99,0,1,0,0,0,0,1,0,0,-,-,LOS ANGELES,LOS ANGELES,-118.3374401,34.09070001
8156688,2016,12/12/2016,1942,8/31/2016,820,41747,311,3,5,7,1942,0,0,0,C,0,3T5,HOUSER BL,ADAMS BL,420,N,N,B,-,N,,,,,,,,,,N,3,0,1,3,A,-,3,22350,,F,C,C,E,A,H,-,A,A,0,Y,,,,Y,,-,99,0,1,0,0,1,0,0,0,0,-,-,LOS ANGELES,LOS ANGELES,-118.3622926,34.03358147
8156684,2016,11/1/2016,1942,8/23/2016,805,27259,396,2,5,7,1942,0,0,0,C,0,3T5,VERNON AV,MENLO AV,6,E,N,A,-,N,,,,,,,,,,N,4,0,1,2,A,-,10,21950,A,N,G,B,B,A,D,-,A,A,0,Y,,,,Y,,A,1,0,0,1,0,1,0,0,0,0,-,-,LOS ANGELES,LOS ANGELES,-118.2900102,34.00369
8156682,2016,11/1/2016,1942,10/9/2016,1815,41009,1352,7,5,7,1942,0,0,0,M,0,13G39,AVALON BL,VERNON AV,30,S,N,A,-,N,,,,,,,,,,N,4,0,1,2,A,-,3,22350,,F,G,B,B,A,H,-,B,D,0,Y,,,,Y,,-,,0,0,1,0,1,0,0,0,0,-,-,LOS ANGELES,LOS ANGELES,-118.26527,34.00378773
8156654,2016,12/14/2016,1942,10/5/2016,1040,38137,1317,3,5,7,1942,0,0,0,M,0,13A9,CENTRAL AV,16TH ST,0,,Y,A,-,N,,,,,,,,,,N,4,0,1,2,A,-,8,22107,,N,D,G,A,A,H,-,A,A,0,,Y,,,Y,,D,22,0,0,1,0,0,0,1,0,0,-,-,LOS ANGELES,LOS ANGELES,-118.24879,34.02642005
8156639,2016,11/1/2016,1942,9/29/2016,1905,37505,111,4,5,7,1942,0,0,0,A,0,11T21,ALPINE ST,GRAND AV,0,,Y,A,-,N,,,,,,,,,,N,3,0,1,2,A,-,10,21950,A,N,D,B,B,A,H,-,C,A,0,Y,,,,Y,,A,7,0,1,0,0,1,0,0,0,0,-,-,LOS ANGELES,LOS ANGELES,-118.2434201,34.06351008
8156631,2016,11/1/2016,1942,9/21/2016,1810,37646,157,3,5,7,1942,0,0,0,A,0,1FB23,6TH ST,CROCKER ST,0,,Y,A,-,N,,,,,,,,,,N,3,0,1,2,A,-,3,22350,,N,G,G,A,A,H,-,A,D,0,,Y,,,Y,,L,4,0,1,0,0,0,0,1,0,0,-,-,LOS ANGELES,LOS ANGELES,-118.24436,34.04171004
8156623,2016,10/31/2016,1942,9/1/2016,1900,37724,354,4,5,7,1942,0,0,0,C,0,18T23,EXPOSITION BL,7TH AV,0,,Y,A,-,N,,,,,,,,,,N,4,0,1,2,A,-,9,21801,A,N,D,G,A,A,H,-,A,A,0,,Y,,,Y,,A,1,0,0,1,0,0,0,1,0,0,-,-,LOS ANGELES,LOS ANGELES,-118.3247601,34.02048003
8156608,2016,11/1/2016,1942,9/21/2016,700,40592,1119,3,5,7,1942,0,0,0,K,0,11T25,YOSEMITE DR,FLORISTAN RD,0,,Y,A,-,N,,,,,,,,,,N,4,0,1,2,A,-,10,21950,A,F,A,B,B,A,H,-,A,D,0,Y,,,,Y,,-,99,0,0,1,0,1,0,0,0,0,-,-,LOS ANGELES,LOS ANGELES,-118.19934,34.1328801
8156604,2016,12/6/2016,1942,9/24/2016,1915,37409,RD112,6,5,7,1942,0,0,0,,0,11A25,MERIDIAN ST,NEWLAND ST,40,E,N,A,-,N,,,,,,,,,,N,4,0,1,2,A,-,21,22106,,N,G,B,D,A,H,-,B,D,0,Y,,,,Y,,A,1,0,0,1,0,1,0,0,0,0,-,-,LOS ANGELES,LOS ANGELES,-118.1848582,34.12016321
8156603,2016,11/1/2016,1965,9/14/2016,1000,3178,B3A,3,5,5,1965,0,0,0,,0,B003,20TH ST,WILSHIRE BL,13,S,N,A,-,N,,,,,,,,,,N,4,0,1,2,D,-,0,,,F,D,G,A,A,H,-,C,A,0,,Y,,,Y,,-,-,0,0,1,0,0,0,1,0,0,-,-,LOS ANGELES,SANTA MONICA,-118.48318,34.03136458
8156600,2016,11/1/2016,1942,9/23/2016,1330,38614,1151,5,5,7,1942,0,0,0,K,0,11A89,L RON HUBBARD WY,FOUNTAIN AV,10,N,N,A,-,N,,,,,,,,,,N,4,0,1,2,A,-,8,22107,,N,G,B,B,A,H,-,A,A,0,Y,,,,Y,,A,1,0,0,1,0,1,0,0,0,0,-,-,LOS ANGELES,LOS ANGELES,-118.29396,34.09548743
8156599,2016,11/1/2016,1965,9/7/2016,1925,3158,0B4D,3,5,5,1965,0,0,0,,0,B004,MONTANA AV,6TH ST,30,E,N,A,-,N,,,,,,,,,,N,4,0,1,2,A,-,8,22107,,N,B,G,A,A,H,-,C,B,0,,Y,,,Y,,L,4,0,0,1,0,0,0,1,0,0,-,-,LOS ANGELES,SANTA MONICA,-118.50268,34.02611812
8156595,2016,11/1/2016,1942,9/30/2016,800,37575,1446,5,5,7,1942,0,0,0,N,0,7TL23,CENTINELA AV,MITCHELL AV,0,,Y,A,-,N,,,,,,,,,,N,3,0,1,2,A,-,10,21950,A,F,G,B,B,A,H,-,A,A,0,Y,,,,Y,,-,99,0,1,0,0,1,0,0,0,0,-,-,LOS ANGELES,LOS ANGELES,-118.4309201,34.00026011
8156592,2016,11/1/2016,1942,9/19/2016,1605,41337,174,1,5,7,1942,0,0,0,A,0,1A1,9TH ST,LOS ANGELES ST,6,W,N,A,-,N,,,,,,,,,,N,4,0,1,2,A,-,3,22350,,N,C,G,A,A,D,-,A,A,0,,Y,,,Y,,L,4,0,0,1,0,0,0,1,0,0,-,-,LOS ANGELES,LOS ANGELES,-118.2541038,34.04072176
8156588,2016,11/1/2016,1942,9/21/2016,740,38050,1341,3,5,7,1942,0,0,0,M,0,1TL11,GRAND AV,JEFFERSON BL,10,N,N,A,-,N,,,,,,,,,,N,3,0,1,2,A,-,10,21950,A,N,G,B,B,A,H,-,A,A,0,Y,,,,Y,,A,1,0,1,0,0,1,0,0,0,0,-,-,LOS ANGELES,LOS ANGELES,-118.2761799,34.02027609
8156572,2016,11/1/2016,1942,9/27/2016,1615,38423,1119,2,5,7,1942,0,0,0,K,0,11A37,COLORADO BL,GENEVIEVE AV,50,E,N,A,-,N,,,,,,,,,,N,3,0,1,2,A,-,8,22102,,N,D,G,A,A,H,-,A,A,0,,Y,,,Y,,-,,0,1,0,0,0,0,1,0,0,-,-,LOS ANGELES,LOS ANGELES,-118.1905951,34.13757305
8156564,2016,11/1/2016,1942,9/16/2016,730,40592,185,5,5,7,1942,0,0,0,A,0,2T15,12TH ST,S BROADWAY,0,,Y,A,-,N,,,,,,,,,,N,4,0,1,2,A,-,10,21950,A,N,A,B,B,A,H,-,A,A,0,Y,,,,Y,,A,1,0,0,1,0,1,0,0,0,0,-,-,LOS ANGELES,LOS ANGELES,-118.2602801,34.03815002
8156563,2016,10/31/2016,1942,9/1/2016,1625,40053,341,4,5,7,1942,0,0,0,C,0,3TL57,RODEO RD,LA CIENEGA BL,0,,Y,A,-,N,,,,,,,,,,N,4,0,1,2,A,-,10,21950,A,F,G,B,B,A,H,-,A,A,0,Y,,,,Y,,-,99,0,0,1,0,1,0,0,0,0,-,-,LOS ANGELES,LOS ANGELES,-118.37236,34.02170002
8156469,2016,11/1/2016,1965,10/14/2016,1117,3816,0B2E,5,5,5,1965,0,0,0,,0,B002,PICO BL,28TH ST,0,,Y,A,-,N,,,,,,,,,,N,4,0,1,2,A,-,17,21451,A,N,G,B,B,A,H,-,A,A,0,Y,,,,Y,,D,22,0,0,1,0,1,0,0,0,0,-,-,LOS ANGELES,SANTA MONICA,-118.4605201,34.0242501
8156460,2016,11/2/2016,1942,10/14/2016,1535,41054,2039,5,5,7,1942,0,0,0,,0,20TL56,WILSHIRE BL,COMMONWEALTH AV,50,E,N,A,-,N,,,,,,,,,,N,4,0,1,2,A,-,7,21658,A,N,H,G,A,A,H,-,A,A,0,,Y,,,Y,,A,1,0,0,1,0,0,0,1,0,0,-,-,LOS ANGELES,LOS ANGELES,-118.2854855,34.06181715
8156444,2016,11/2/2016,1942,10/8/2016,1655,41179,2011,6,5,7,1942,0,0,0,,0,20TL56,BEVERLY BL,WILTON PL,0,,Y,A,-,N,,,,,,,,,,N,3,0,1,2,A,-,9,21801,A,N,H,G,A,A,H,-,A,A,0,,Y,,,Y,,A,1,0,1,0,0,0,0,1,0,0,-,-,LOS ANGELES,LOS ANGELES,-118.3135301,34.07625008
8156428,2016,11/2/2016,1965,10/2/2016,1001,3693,,7,5,5,1965,0,0,0,,0,,OCEAN PARK BL,MAIN ST,40,E,N,A,-,N,,,,,,,,,,N,3,0,1,2,A,-,5,21202,A,N,A,G,A,A,H,-,A,A,0,,Y,Y,,Y,,L,4,0,1,0,0,0,0,1,0,0,-,-,LOS ANGELES,SANTA MONICA,-118.483828,34.00236945
8156424,2016,11/2/2016,1965,10/14/2016,1445,3821,0B2B,5,5,5,1965,0,0,0,,0,B002,OCEAN PARK BL,11TH ST,0,,Y,A,-,N,,,,,,,,,,N,4,0,1,2,D,-,0,,,N,D,G,A,A,H,-,A,A,0,,Y,,,Y,,-,-,0,0,1,0,0,0,1,0,0,-,-,LOS ANGELES,SANTA MONICA,-118.4738001,34.00839001
8156404,2016,11/2/2016,1965,10/10/2016,1806,3816,0B1E,1,5,5,1965,0,0,0,,0,B001,OCEAN AV,HOLLISTER AV,0,,Y,A,-,N,,,,,,,,,,N,3,0,1,2,A,-,11,21954,A,N,G,B,D,A,H,-,B,A,0,Y,,,,Y,,N,60,0,1,0,0,1,0,0,0,0,-,-,LOS ANGELES,SANTA MONICA,-118.4876601,34.00323005
8156350,2016,11/1/2016,1976,10/13/2016,1546,419,,4,5,5,1976,0,0,0,,0,3,COLIMA RD,MURPHY RANCH FIELD,173,N,N,A,-,N,,,,,,,,,,Y,2,0,1,2,A,-,11,21954,A,N,G,B,D,A,H,-,A,D,0,Y,,,,Y,,N,60,1,0,0,0,1,0,0,0,0,-,-,LOS ANGELES,WHITTIER,,
8156349,2016,12/28/2016,1900,10/20/2016,1649,489533,455,4,5,6,1949,0,0,0,,0,45T1,STUDEBAKER RD,EXCELSIOR DR,0,,Y,A,-,N,,,,,,,,,,N,3,0,1,2,A,-,12,21453,A,F,D,G,A,A,H,-,A,A,0,,Y,,,Y,,-,-,0,1,0,0,0,0,1,0,0,-,-,LOS ANGELES,NORWALK,-118.1000401,33.89477002
8156333,2016,3/6/2017,1900,10/2/2016,1630,510899,2611,7,5,6,1950,0,0,0,,0,264T1,5TH ST EAST,RT 138,0,,Y,A,-,Y,LA,7,138,-,-,44.186,I,6,E,N,4,0,1,2,A,-,5,21650,1,N,D,G,A,A,H,-,A,A,0,,Y,,,Y,,L,4,0,0,1,0,0,0,1,0,0,-,-,LOS ANGELES,PALMDALE,-118.1207132,34.57970792
8155964,2016,12/27/2016,1900,8/28/2016,230,512042,2814,7,5,5,1915,0,0,0,,0,281T1,CUMPTON BL,MATTHISEN AV,6,E,N,A,-,N,,,,,,,,,,N,3,0,1,2,A,-,21,22106,,N,G,B,D,A,H,-,C,D,0,Y,,,,Y,,N,60,0,1,0,0,1,0,0,0,0,-,-,LOS ANGELES,COMPTON,,
8155840,2016,10/28/2016,1941,9/19/2016,1246,10024,,1,5,7,1941,0,0,0,,0,,LONG BEACH BL,HILL ST,0,,Y,A,-,N,,,,,,,,,,N,4,0,1,2,A,-,9,21802,A,N,G,B,B,A,H,-,A,A,0,Y,,,,Y,,A,,0,0,1,0,1,0,0,0,0,-,-,LOS ANGELES,LONG BEACH,-118.1894801,33.79713012
8155828,2016,6/21/2017,1941,9/24/2016,1843,10950,,6,5,7,1941,0,0,0,,0,,REDONDO AV,11TH ST,181,N,N,A,-,N,,,,,,,,,,N,1,1,0,2,-,-,-,,,N,G,B,C,A,H,-,B,A,0,Y,,,,Y,,-,-,0,0,0,1,0,0,0,0,0,-,-,LOS ANGELES,LONG BEACH,-118.15243,33.78126635
8155820,2016,10/28/2016,1941,9/14/2016,1502,5578,,3,5,7,1941,0,0,0,,0,,5242 ATLANTIC AV,ATLANTIC AV,0,,Y,A,-,N,,,,,,,,,,N,3,0,1,2,B,-,22,,,N,H,G,F,A,H,-,A,D,0,Y,Y,,,Y,,L,,0,1,0,0,1,0,0,0,0,-,-,LOS ANGELES,LONG BEACH,,
8155758,2016,11/2/2016,1942,9/11/2016,315,42068,111,7,5,7,1942,0,0,0,A,0,1X11,BROADWAY ST,CEASAR CHAVEZ AV,0,,Y,A,-,N,,,,,,,,,,N,3,0,1,2,A,-,12,21453,A,F,D,G,A,A,H,-,C,A,0,,Y,,,Y,,L,4,0,1,0,0,0,0,1,0,0,-,-,LOS ANGELES,LOS ANGELES,,
8155753,2016,11/2/2016,1942,9/11/2016,845,40008,251,7,5,7,1942,0,0,0,B,0,2TL25,RAMPART BL,6TH ST EAST,2,S,N,A,-,N,,,,,,,,,,N,3,0,1,2,A,-,9,21804,A,F,D,G,A,A,H,-,A,A,0,,Y,,,Y,,L,4,0,1,0,0,0,0,1,0,0,-,-,LOS ANGELES,LOS ANGELES,-118.2813531,34.06241515
8155749,2016,11/2/2016,1942,9/15/2016,145,40474,275,4,5,7,1942,0,0,0,B,0,2XL11,UNION AV,JAMES M WOOD BL,80,S,N,A,-,N,,,,,,,,,,N,3,0,1,2,A,-,11,21955,,F,G,B,E,A,H,-,C,D,0,Y,,,,Y,Y,N,60,0,1,0,0,1,0,0,0,0,-,-,LOS ANGELES,LOS ANGELES,,
8155741,2016,11/2/2016,1942,9/26/2016,2100,39775,265,1,5,7,1942,0,0,0,B,0,1X6,7TH ST,ALVARADO,60,W,N,A,-,N,,,,,,,,,,N,3,0,1,2,A,-,11,21954,A,F,G,B,E,A,H,-,A,D,0,Y,,,,Y,Y,-,-,0,1,0,0,1,0,0,0,0,-,-,LOS ANGELES,LOS ANGELES,-118.2769831,34.05655952
8155734,2016,11/2/2016,1942,9/24/2016,1600,40099,182,6,5,7,1942,0,0,0,A,0,11TL24,OLYMPIC BL,HOPE ST,2,W,N,A,-,N,,,,,,,,,,N,4,0,1,2,A,-,12,21453,A,N,H,G,A,A,H,-,A,A,0,,Y,,,Y,,-,-,0,0,1,0,0,0,1,0,0,-,-,LOS ANGELES,LOS ANGELES,-118.2616952,34.04373336
8155729,2016,11/2/2016,1942,9/29/2016,2140,25115,269,4,5,7,1942,0,0,0,B,0,011T21,8TH ST,GREEN AV,0,,Y,A,-,N,,,,,,,,,,Y,3,0,1,2,A,-,10,21950,A,N,G,B,B,A,H,-,A,A,0,Y,,,,Y,,A,1,0,1,0,0,1,0,0,0,0,-,-,LOS ANGELES,LOS ANGELES,-118.2710401,34.05174006
8155722,2016,11/2/2016,1942,9/22/2016,1820,39791,111,4,5,7,1942,0,0,0,A,0,1FB12,BROADWAY,ORD ST,0,,Y,A,-,N,,,,,,,,,,N,4,0,1,2,A,-,12,21453,A,N,D,G,A,A,H,-,A,A,0,,Y,,,Y,,L,4,0,0,1,0,0,0,1,0,0,-,-,LOS ANGELES,LOS ANGELES,-118.23933,34.06035007
8155718,2016,11/2/2016,1942,9/19/2016,1350,34917,RD185,1,5,7,1942,0,0,0,,0,4A59,9TH ST,HILL ST,30,E,N,A,-,N,,,,,,,,,,N,4,0,1,2,A,-,11,21954,A,F,B,B,E,A,-,-,A,A,0,Y,,,,Y,,N,60,0,0,1,0,1,0,0,0,0,-,-,LOS ANGELES,LOS ANGELES,-118.2570729,34.04295857
8155706,2016,11/2/2016,1942,9/24/2016,1528,38256,,6,5,7,1942,0,0,0,,0,1X27,8TH ST,WALL ST,10,E,N,A,-,N,,,,,,,,,,N,4,0,1,2,A,-,21,22106,,F,G,G,A,A,H,-,A,D,0,,Y,,,Y,,-,99,0,0,1,0,0,0,1,0,0,-,-,LOS ANGELES,LOS ANGELES,-118.2503776,34.04008991
8155698,2016,11/2/2016,1942,9/30/2016,2100,41440,192,5,5,7,1942,0,0,0,A,0,1X11,HILL ST,WASHINGTON BL,140,N,N,A,-,N,,,,,,,,,,N,2,0,1,2,D,-,0,,,F,G,B,D,A,H,-,C,D,0,Y,,,,Y,,-,-,1,0,0,0,1,0,0,0,0,-,-,LOS ANGELES,LOS ANGELES,-118.2665402,34.03224796
8155689,2016,11/2/2016,1942,9/12/2016,1850,42185,245,1,5,7,1942,0,0,0,B,0,2A76,ALVARADO ST,WILSHIRE BL,70,S,N,A,-,N,,,,,,,,,,N,3,0,1,2,A,-,10,21950,A,N,A,B,D,A,H,-,A,D,0,Y,,,,Y,Y,N,60,0,1,0,0,1,0,0,0,0,-,-,LOS ANGELES,LOS ANGELES,-118.2759778,34.05777027
8155686,2016,11/2/2016,1942,9/22/2016,1215,41783,182,4,5,7,1942,0,0,0,A,0,1A84,GRAND AV,OLYMPIC BL,34,N,N,A,-,N,,,,,,,,,,Y,4,0,1,5,A,-,3,22350,,N,A,C,B,A,H,-,A,A,0,Y,,,,Y,,A,7,0,0,1,0,1,0,0,0,0,-,-,LOS ANGELES,LOS ANGELES,-118.2605413,34.04310363
8155671,2016,11/2/2016,1942,10/11/2016,844,25481,889,2,5,7,1942,0,0,0,H,0,14M078,ROBERTSON BL,DURANGO,0,,Y,A,-,N,,,,,,,,,,N,4,0,1,2,A,-,5,21650,1,N,D,G,A,A,H,-,A,D,0,,Y,,,Y,,L,4,0,0,1,0,0,0,1,0,0,-,-,LOS ANGELES,LOS ANGELES,-118.38734,34.04230004
8155659,2016,11/2/2016,1942,10/5/2016,1440,39022,833,3,5,7,1942,0,0,0,H,0,14TL52,ASHTON AV,WESTWOOD BL,0,,Y,A,-,N,,,,,,,,,,N,3,0,1,2,D,-,0,,,N,G,B,B,A,H,-,A,D,0,Y,,,,Y,,-,-,0,1,0,0,1,0,0,0,0,-,-,LOS ANGELES,LOS ANGELES,-118.44329,34.05784006