CASE_ID,ACCIDENT_YEAR,PROC_DATE,JURIS,COLLISION_DATE,COLLISION_TIME,OFFICER_ID,REPORTING_DISTRICT,DAY_OF_WEEK,CHP_SHIFT,POPULATION,CNTY_CITY_LOC,SPECIAL_COND,BEAT_TYPE,CHP_BEAT_TYPE,CITY_DIVISION_LAPD,CHP_BEAT_CLASS,BEAT_NUMBER,PRIMARY_RD,SECONDARY_RD,DISTANCE,DIRECTION,INTERSECTION,WEATHER_1,WEATHER_2,STATE_HWY_IND,CALTRANS_COUNTY,CALTRANS_DISTRICT,STATE_ROUTE,ROUTE_SUFFIX,POSTMILE_PREFIX,POSTMILE,LOCATION_TYPE,RAMP_INTERSECTION,SIDE_OF_HWY,TOW_AWAY,COLLISION_SEVERITY,NUMBER_KILLED,NUMBER_INJURED,PARTY_COUNT,PRIMARY_COLL_FACTOR,PCF_CODE_OF_VIOL,PCF_VIOL_CATEGORY,PCF_VIOLATION,PCF_VIOL_SUBSECTION,HIT_AND_RUN,TYPE_OF_COLLISION,MVIW,PED_ACTION,ROAD_SURFACE,ROAD_COND_1,ROAD_COND_2,LIGHTING,CONTROL_DEVICE,CHP_ROAD_TYPE,PEDESTRIAN_ACCIDENT,BICYCLE_ACCIDENT,MOTORCYCLE_ACCIDENT,TRUCK_ACCIDENT,NOT_PRIVATE_PROPERTY,ALCOHOL_INVOLVED,STWD_VEHTYPE_AT_FAULT,CHP_VEHTYPE_AT_FAULT,COUNT_SEVERE_INJ,COUNT_VISIBLE_INJ,COUNT_COMPLAINT_PAIN,COUNT_PED_KILLED,COUNT_PED_INJURED,COUNT_BICYCLIST_KILLED,COUNT_BICYCLIST_INJURED,COUNT_MC_KILLED,COUNT_MC_INJURED,PRIMARY_RAMP,SECONDARY_RAMP,COUNTY,CITY,LONGITUDE,LATITUDE
8153894,2016,10/27/2016,1942,10/13/2016,1600,41397,923,4,5,7,1942,0,0,0,I,0,10TL36,VANOWEN ST,VAN NUYS BL,190,W,N,A,-,N,,,,,,,,,,N,3,0,1,2,A,-,9,21801,A,N,D,G,A,A,H,-,A,D,0,,Y,,,Y,,A,1,0,1,0,0,0,0,1,0,0,-,-,LOS ANGELES,LOS ANGELES,-118.4493671,34.19391747
8153882,2016,10/27/2016,1925,10/13/2016,1446,20871,277,4,5,6,1925,0,0,0,,0,3,CENTRAL AV,SAN FERNANDO RD,183,S,N,A,-,N,,,,,,,,,,N,4,0,1,2,A,-,3,22350,,N,D,G,A,A,D,-,A,D,0,,Y,,,Y,,L,4,0,0,1,0,0,0,1,0,0,-,-,LOS ANGELES,GLENDALE,-118.2584464,34.12651702
8153862,2016,10/27/2016,1925,10/8/2016,1319,24111,251,6,5,6,1925,0,0,0,,0,3,COLORADO ST,EVERETT ST,0,,Y,A,-,N,,,,,,,,,,N,3,0,1,2,A,-,10,21950,A,N,G,B,B,A,H,-,A,A,0,Y,,,,Y,,A,7,0,1,0,0,1,0,0,0,0,-,-,LOS ANGELES,GLENDALE,-118.2455601,34.14267011
8153842,2016,10/27/2016,1925,10/5/2016,1618,19364,131,3,5,6,1925,0,0,0,,0,5,HONOLULU AV,OCEANVIEW BL,0,,Y,A,-,N,,,,,,,,,,N,3,0,1,2,A,-,10,21950,A,N,G,B,B,A,H,-,A,A,0,Y,,,,Y,,A,1,0,1,0,0,1,0,0,0,0,-,-,LOS ANGELES,GLENDALE,-118.2280001,34.20549001
8153757,2016,10/25/2016,1942,10/12/2016,1425,38857,989,3,5,7,1942,0,0,0,I,0,17TL14,MOORPARK ST,MATILISA AV,15,W,N,A,-,N,,,,,,,,,,N,4,0,1,2,B,-,22,,,N,G,B,F,A,H,-,A,D,0,Y,,,,Y,,A,1,0,0,1,0,1,0,0,0,0,-,-,LOS ANGELES,LOS ANGELES,-118.4341195,34.15035
8153749,2016,10/25/2016,1942,10/11/2016,1100,30452,941,2,5,7,1942,0,0,0,I,0,9TL53,OXNARD ST,VAN NUYS BL,6,W,N,A,-,N,,,,,,,,,,N,4,0,1,2,A,-,9,21804,A,N,H,G,A,A,H,-,A,D,0,,Y,,,Y,,L,4,0,0,1,0,0,0,1,0,0,-,-,LOS ANGELES,LOS ANGELES,-118.4487598,34.1794
8153733,2016,10/25/2016,1942,10/2/2016,50,41613,1162,7,5,7,1942,0,0,0,K,0,NOE,SUNSET BL,FOUNTAIN AV,0,,Y,A,-,N,,,,,,,,,,N,4,0,1,2,A,-,10,21950,A,F,G,B,B,A,H,-,C,A,0,Y,,,,Y,,-,99,0,0,1,0,1,0,0,0,0,-,-,LOS ANGELES,LOS ANGELES,-118.28412,34.09582005
8153709,2016,10/25/2016,1942,10/12/2016,715,35346,1033,3,5,7,1942,0,0,0,J,0,10TL37,RESEDA BL,VICTORY BL,0,,Y,A,-,N,,,,,,,,,,N,4,0,1,2,A,-,12,21453,A,F,H,G,A,A,H,-,A,A,0,,Y,,,Y,,-,99,0,0,1,0,0,0,1,0,0,-,-,LOS ANGELES,LOS ANGELES,-118.5360201,34.18657009
8153705,2016,10/25/2016,1942,10/7/2016,1545,40726,408,5,5,7,1942,0,0,0,D,0,24T56,HUNTINGTON DR,CASTALIA AV,58,W,N,A,-,N,,,,,,,,,,N,2,0,1,2,A,-,21,22106,,N,A,B,F,A,H,-,A,D,0,Y,,,,Y,,A,1,1,0,0,0,1,0,0,0,0,-,-,LOS ANGELES,LOS ANGELES,-118.1771786,34.08671506
8153701,2016,10/25/2016,1942,10/3/2016,1655,40726,1313,1,5,7,1942,0,0,0,M,0,24T57,16TH HELENA DR,SAN PEDRO ST,7,W,N,A,-,N,,,,,,,,,,N,3,0,1,2,A,-,5,21650,,N,D,G,A,A,H,-,A,D,0,,Y,,,Y,,L,4,0,1,0,0,0,0,1,0,0,-,-,LOS ANGELES,LOS ANGELES,,
8153685,2016,10/25/2016,1942,10/3/2016,1245,40643,1351,1,5,7,1942,0,0,0,M,0,24TL56,BROADWAY,43RD ST,18,S,N,A,-,N,,,,,,,,,,N,4,0,1,2,A,-,10,21950,A,N,G,B,B,A,H,-,A,A,0,Y,,,,Y,,A,1,0,0,1,0,1,0,0,0,0,-,-,LOS ANGELES,LOS ANGELES,,
8153681,2016,10/25/2016,1942,10/3/2016,1725,40099,1343,1,5,7,1942,0,0,0,M,0,24T57,41ST ST,AVALON BL,17,E,N,A,-,N,,,,,,,,,,Y,4,0,1,2,A,-,9,21801,A,N,G,-,B,A,H,-,A,A,0,Y,,,,Y,,A,1,0,0,1,0,1,0,0,0,0,-,-,LOS ANGELES,LOS ANGELES,-118.265214,34.00918054
8153676,2016,10/26/2016,1942,9/26/2016,1130,42423,152,1,5,7,1942,0,0,0,A,0,1A85,OLIVE ST,6TH ST,235,S,N,A,-,N,,,,,,,,,,N,2,0,1,2,A,-,11,21954,A,N,G,B,E,A,H,-,A,A,0,Y,,,,Y,,N,60,1,0,0,0,1,0,0,0,0,-,-,LOS ANGELES,LOS ANGELES,-118.2546712,34.04752865
8153672,2016,10/26/2016,1942,9/16/2016,745,39321,1149,5,5,7,1942,0,0,0,K,0,11A37,AVENUE 56,BALTIMORE ST,0,,Y,A,-,N,,,,,,,,,,N,4,0,1,2,A,-,10,21950,A,F,G,B,B,A,H,-,A,D,0,Y,,,,Y,Y,-,99,0,0,1,0,1,0,0,0,0,-,-,LOS ANGELES,LOS ANGELES,-118.1972201,34.1174101
8153669,2016,10/26/2016,1901,9/18/2016,54,276,11,7,5,5,1901,0,0,0,,0,2,PARK ST,SIERRA VISTA,17,W,N,A,-,N,,,,,,,,,,Y,3,0,1,2,A,-,0,23103,,F,C,G,A,A,H,-,C,A,0,,Y,,,Y,,A,1,0,1,0,0,0,0,1,0,0,-,-,LOS ANGELES,ALHAMBRA,-118.11825,34.0892
8153668,2016,12/29/2016,1942,9/29/2016,1040,40236,176,4,5,7,1942,0,0,0,A,0,1A84W4,MAPLE AV,9TH ST,150,N,N,A,-,N,,,,,,,,,,N,3,0,1,2,A,-,17,22517,,F,B,G,A,A,H,-,A,D,0,,Y,,,Y,,-,99,0,1,0,0,0,0,1,0,0,-,-,LOS ANGELES,LOS ANGELES,-118.2523771,34.03979618
8153665,2016,10/26/2016,1901,9/1/2016,703,288,23,4,5,5,1901,0,0,0,,0,3,PALM AV,CEDAR ST,0,,Y,A,-,N,,,,,,,,,,N,3,0,1,2,A,-,12,22450,A,N,G,B,B,A,H,-,A,A,0,Y,,,,Y,,A,7,0,1,0,0,1,0,0,0,0,-,-,LOS ANGELES,ALHAMBRA,-118.14659,34.09414006
8153660,2016,10/26/2016,1942,9/10/2016,1500,41027,1119,6,5,7,1942,0,0,0,K,0,11A1,COLORADO BL,MOUNT HELENA AV,50,W,N,A,-,N,,,,,,,,,,N,3,0,1,2,A,-,8,22107,,F,B,G,A,A,H,-,A,A,0,,Y,,,Y,,-,99,0,1,0,0,0,0,1,0,0,-,-,LOS ANGELES,LOS ANGELES,-118.1959736,34.13944307
8153656,2016,10/26/2016,1942,9/8/2016,1055,37540,1351,4,5,7,1942,0,0,0,M,0,1TL24,BROADWAY,42ND ST,178,N,N,A,-,N,,,,,,,,,,N,4,0,1,2,A,-,8,22107,,N,D,G,A,A,H,-,A,D,0,,Y,,,Y,,A,7,0,0,1,0,0,0,1,0,0,-,-,LOS ANGELES,LOS ANGELES,,
8153653,2016,10/26/2016,1901,9/10/2016,818,283,23,6,5,5,1901,0,0,0,,0,3,ETHEL AV,GRAND,95,N,N,A,-,N,,,,,,,,,,N,4,0,1,2,-,-,-,,,N,G,B,F,A,H,-,A,D,0,Y,,,,Y,,-,-,0,0,1,0,1,0,0,0,0,-,-,LOS ANGELES,ALHAMBRA,-118.1442522,34.0965505
8153644,2016,10/26/2016,1942,9/8/2016,755,38050,1321,4,5,7,1942,0,0,0,M,0,1TL11,LOS ANGELES ST,23RD ST,10,S,N,A,-,N,,,,,,,,,,N,3,0,1,2,A,-,9,21801,A,F,D,G,A,A,H,-,A,D,0,,Y,,,Y,,L,4,0,1,0,0,0,0,1,0,0,-,-,LOS ANGELES,LOS ANGELES,,
8153640,2016,10/26/2016,1942,9/16/2016,725,39517,1347,5,5,7,1942,0,0,0,M,0,ACC,43RD PL,COMPTON AV,20,W,N,A,-,N,,,,,,,,,,N,3,0,1,2,A,-,12,22450,A,N,G,B,B,A,H,-,A,D,0,Y,,,,Y,,-,,0,1,0,0,1,0,0,0,0,-,-,LOS ANGELES,LOS ANGELES,-118.2474448,34.00471996
8153636,2016,10/26/2016,1942,9/15/2016,1215,37540,1309,4,5,7,1942,0,0,0,M,0,11T32,7TH PL,WILSON ST,0,,Y,A,-,N,,,,,,,,,,N,3,0,1,2,A,-,8,22107,,N,G,B,F,A,H,-,A,D,0,Y,,,,Y,,-,99,0,1,0,0,1,0,0,0,0,-,-,LOS ANGELES,LOS ANGELES,-118.2340101,34.03342002
8153623,2016,10/26/2016,1942,9/9/2016,2200,40643,1142,5,5,7,1942,0,0,0,K,0,1T11,VERMONT AV,FRANKLIN AV,8,N,N,A,-,N,,,,,,,,,,N,3,0,1,2,A,-,10,21950,A,N,G,B,B,A,H,-,C,A,0,Y,,,,Y,,A,1,0,1,0,0,1,0,0,0,0,-,-,LOS ANGELES,LOS ANGELES,-118.29179,34.10543194
8153620,2016,10/26/2016,1942,9/28/2016,1240,41914,1394,3,5,7,1942,0,0,0,M,0,12T41,FLORENCE AV,SAN PEDRO ST,0,,Y,A,-,N,,,,,,,,,,N,3,0,1,2,A,-,3,22350,A,F,G,B,B,A,H,-,C,A,0,Y,,,,Y,,-,99,0,1,0,0,1,0,0,0,0,-,-,LOS ANGELES,LOS ANGELES,-118.26957,33.97469008
8153616,2016,10/26/2016,1942,9/28/2016,1410,42238,201,3,5,7,1942,0,0,0,B,0,11A37,SANTA MONICA BL,NORMANDIE AV,0,,Y,A,-,N,,,,,,,,,,N,3,0,1,2,A,-,9,21804,A,F,H,G,A,A,H,-,A,A,0,,Y,,,Y,,L,4,0,1,0,0,0,0,1,0,0,-,-,LOS ANGELES,LOS ANGELES,-118.3004901,34.09083008
8153615,2016,10/26/2016,1942,9/14/2016,1615,40138,1361,3,5,7,1942,0,0,0,M,0,13X21,MAIN ST,47TH ST,0,,Y,A,-,N,,,,,,,,,,N,4,0,1,2,A,-,10,21950,A,N,G,B,D,A,H,-,A,-,0,Y,,,,Y,,A,1,0,0,1,0,1,0,0,0,0,-,-,LOS ANGELES,LOS ANGELES,-118.2739801,34.00104003
8153612,2016,10/26/2016,1942,9/23/2016,1825,40726,271,5,5,7,1942,0,0,0,B,0,4T6,OLYMPIC BL,GRAND VIEW ST,0,,Y,A,-,N,,,,,,,,,,N,3,0,1,2,A,-,9,21802,A,F,D,G,A,A,H,-,A,A,0,,Y,,,Y,,L,4,0,1,0,0,0,0,1,0,0,-,-,LOS ANGELES,LOS ANGELES,-118.2823401,34.05228011
8153582,2016,10/26/2016,1942,9/15/2016,1610,39410,937,4,5,7,1942,0,0,0,I,0,16TL26,RANCHITO AV,VICTORY BL,4,S,N,A,-,N,,,,,,,,,,N,3,0,1,2,A,-,9,21801,B,N,D,G,A,A,H,-,A,A,0,,Y,,,Y,,L,4,0,1,0,0,0,0,1,0,0,-,-,LOS ANGELES,LOS ANGELES,-118.4356298,34.18665903
8153577,2016,12/15/2016,1942,10/10/2016,2145,39062,1385,1,5,7,1942,0,0,0,M,0,24T32,GAGE AV,MCKINLEY AV,223,E,N,A,-,N,,,,,,,,,,Y,2,0,3,4,A,-,3,22350,,N,B,E,F,A,H,-,C,D,0,Y,,,,Y,,A,1,1,1,1,0,1,0,0,0,0,-,-,LOS ANGELES,LOS ANGELES,-118.2607059,33.98201
8153567,2016,10/25/2016,1928,10/1/2016,1900,385,520,6,5,5,1928,0,0,0,,0,503,LEMOLI WY,LEMOLI AV,50,W,N,A,-,N,,,,,,,,,,N,4,0,1,2,A,-,12,22450,,N,D,-,A,A,H,-,B,D,0,,Y,,,Y,,L,4,0,0,1,0,0,0,1,0,0,-,-,LOS ANGELES,HAWTHORNE,-118.3310345,33.90434
8153563,2016,10/25/2016,1928,10/3/2016,730,395,513,1,5,5,1928,0,0,0,,0,504,135TH ST,RAMONA AV,3,N,N,A,-,N,,,,,,,,,,N,3,0,1,2,A,-,11,21954,A,N,G,B,D,A,H,-,A,A,0,Y,,,,Y,,N,60,0,1,0,0,1,0,0,0,0,-,-,LOS ANGELES,HAWTHORNE,-118.35721,33.90986
8153537,2016,10/26/2016,1942,9/11/2016,1025,37398,1158,7,5,7,1942,0,0,0,K,0,11TL32,LOTUS ST,ANSDALUSIA ST,530,S,N,A,-,N,,,,,,,,,,N,3,0,1,3,-,-,-,,,N,A,G,A,A,H,-,A,D,0,,Y,,,Y,,-,-,0,1,0,0,0,0,1,0,0,-,-,LOS ANGELES,LOS ANGELES,-118.2160737,34.09236
8152857,2016,10/31/2016,1928,10/17/2016,511,395,514,1,5,5,1928,0,0,0,,0,504,ROSECRANS AV,INGLEWOOD AV,8,S,N,C,-,N,,,,,,,,,,N,2,0,1,2,A,-,11,21954,A,N,G,B,D,B,H,-,C,D,0,Y,,,,Y,,N,60,1,0,0,0,1,0,0,0,0,-,-,LOS ANGELES,HAWTHORNE,-118.36128,33.90182
8152854,2016,11/1/2016,1900,10/10/2016,1036,525409,2922,1,5,5,1990,0,0,0,,0,292,GOLDEN SPRINGS DR,GOLDEN PRADOS DR,0,,Y,A,-,N,,,,,,,,,,N,4,0,1,2,A,-,10,21950,A,M,G,B,B,A,H,-,A,A,0,Y,,,,Y,,A,1,0,0,1,0,1,0,0,0,0,-,-,LOS ANGELES,DIAMOND BAR,-117.8139201,34.01169003
8152853,2016,10/31/2016,1928,10/16/2016,1258,324,526,7,5,5,1928,0,0,0,,0,501,HAWTHORNE BL,116TH ST,0,,Y,A,-,N,,,,,,,,,,N,4,0,1,2,A,-,17,21663,,N,D,G,A,A,H,-,A,A,0,,Y,,,Y,,L,4,0,0,1,0,0,0,1,0,0,-,-,LOS ANGELES,HAWTHORNE,-118.3527201,33.92913001
8152802,2016,10/31/2016,1955,10/6/2016,1013,40437,49,4,5,6,1955,0,0,0,,0,1,HAMILTON BL,HOLT AV,3,W,N,A,-,N,,,,,,,,,,N,3,0,1,2,A,-,5,21650,I,N,D,G,A,A,H,-,A,A,0,,Y,,,Y,,L,4,0,1,0,0,0,0,1,0,0,-,-,LOS ANGELES,POMONA,-117.76341,34.06205
8152345,2016,3/27/2017,1955,9/19/2016,2011,30354,54,1,5,6,1955,0,0,0,,0,1,HOLT AV,DUDLEY ST,0,,Y,A,-,N,,,,,,,,,,N,1,1,0,2,A,-,0,21456,1,N,G,B,B,A,H,-,C,A,0,Y,,,,Y,,N,60,0,0,0,1,0,0,0,0,0,-,-,LOS ANGELES,POMONA,-117.77667,34.06172002
8152238,2016,10/26/2016,1955,10/5/2016,1901,40779,10,3,5,6,1955,0,0,0,,0,3,HOLT AV,SAN ANTONIO AV,18,W,N,A,-,N,,,,,,,,,,N,4,0,1,2,A,-,0,21456,3,N,D,G,A,A,H,-,C,A,0,,Y,,,Y,,L,4,0,0,1,0,0,0,1,0,0,-,-,LOS ANGELES,POMONA,-117.7366993,34.06270852
8152234,2016,10/26/2016,1955,10/5/2016,1835,42281,12,3,5,6,1955,0,0,0,,0,3,SAN BERNARDINO AV,SAN ANTONIO AV,33,E,N,A,-,N,,,,,,,,,,N,3,0,1,2,A,-,11,21456,B,N,G,B,B,A,H,-,B,A,0,Y,,,,Y,,N,60,0,1,0,0,1,0,0,0,0,-,-,LOS ANGELES,POMONA,-117.7366114,34.07582286
8152198,2016,10/26/2016,1955,10/12/2016,1900,42281,13,3,5,6,1955,0,0,0,,0,3,LINCOLN AV,LORANNE AV,132,E,N,A,-,N,,,,,,,,,,Y,3,0,1,2,A,-,11,21954,A,N,G,B,D,A,H,-,C,D,0,Y,,,,Y,,N,60,0,1,0,0,1,0,0,0,0,-,-,LOS ANGELES,POMONA,-117.7301952,34.07099202
8152182,2016,10/26/2016,1900,10/8/2016,1410,550495,1010,6,5,3,1995,0,0,0,,0,101T3,PUESTA DEL SOL,ENCINAL CANYON RD,528,W,N,A,-,N,,,,,,,,,,N,2,0,1,2,A,-,21,22106,,N,G,B,F,A,H,-,A,D,0,Y,,,,Y,,A,1,1,0,0,0,1,0,0,0,0,-,-,LOS ANGELES,MALIBU,-118.88529,34.04057
8152152,2016,10/31/2016,1900,9/30/2016,1819,600027,2249,5,5,3,1989,0,0,0,,0,224T2,MULHOLLAND HWY,DRY CANYON COLD CREEK,1584,E,N,A,-,N,,,,,,,,,,N,2,0,1,2,A,-,8,22107,,N,D,G,A,A,H,-,A,D,0,,Y,,,Y,,A,1,1,0,0,0,0,0,1,0,0,-,-,LOS ANGELES,CALABASAS,-118.6507765,34.13028083
8152151,2016,10/26/2016,1900,10/5/2016,1345,530600,622,3,5,6,1985,0,0,0,,0,64T1,ORCHARD VILLAGE RD,WILEY CANYON RD,4,E,N,A,-,N,,,,,,,,,,N,4,0,1,2,A,-,10,21950,A,N,G,B,B,A,H,-,A,A,0,Y,,,,Y,,A,1,0,0,1,0,1,0,0,0,0,-,-,LOS ANGELES,SANTA CLARITA,-118.5476709,34.38977203
8152150,2016,10/27/2016,1909,10/10/2016,1735,486,1909,1,5,4,1909,0,0,0,,0,SOUTH,EASTERN AV,FOSTORIA ST,0,,Y,A,-,N,,,,,,,,,,N,3,0,1,2,A,-,5,21650,1,N,D,G,A,A,H,-,A,D,0,,Y,,,Y,,L,4,0,1,0,0,0,0,1,0,0,-,-,LOS ANGELES,BELL GARDENS,-118.1641501,33.95635011
8152143,2016,10/26/2016,1900,10/5/2016,1755,407357,617,3,5,6,1985,0,0,0,,0,63T1,GOLDEN VALLEY RD,CENTRE POINTE PKWY,360,N,N,A,-,N,,,,,,,,,,N,4,0,1,2,D,-,0,,,N,G,B,F,A,H,-,B,D,0,Y,,,,Y,,-,-,0,0,1,0,1,0,0,0,0,-,-,LOS ANGELES,SANTA CLARITA,-118.5022382,34.41368304
8152123,2016,10/26/2016,1900,10/2/2016,1215,482931,,7,5,6,1985,0,0,0,,0,61T1,ISABELLA PKWY,GOLDEN TRIANGLE RD,508,S,N,A,-,N,,,,,,,,,,N,3,0,1,2,A,-,11,21954,A,N,G,B,D,A,H,-,A,D,0,Y,,,,Y,,N,60,0,1,0,0,1,0,0,0,0,-,-,LOS ANGELES,SANTA CLARITA,-118.4937491,34.41918327
8152106,2016,10/26/2016,1902,10/16/2016,2046,638,31,7,5,5,1902,0,0,0,,0,5,BALDWIN AV,NORMAN AV,288,N,N,B,-,N,,,,,,,,,,N,4,0,1,2,A,-,10,21952,,N,G,B,F,A,H,-,C,D,0,Y,,,,Y,,A,1,0,0,1,0,1,0,0,0,0,-,-,LOS ANGELES,ARCADIA,-118.0548913,34.12118669
8152027,2016,11/1/2016,1900,10/14/2016,1455,600125,642,5,5,6,1985,0,0,0,,0,64T1,HILLSBOROUGH PKWY,NEWHALL RANCH RD,0,,Y,A,-,N,,,,,,,,,,N,3,0,1,2,A,-,10,21950,A,N,G,B,B,A,H,-,A,A,0,Y,,,,Y,,D,22,0,1,0,0,1,0,0,0,0,-,-,LOS ANGELES,SANTA CLARITA,-118.5453801,34.42831001
8151964,2016,10/28/2016,1944,9/27/2016,1737,357,1944,2,5,4,1944,0,0,0,,0,1,15TH ST,VALLEY DR,274,W,N,A,-,N,,,,,,,,,,N,3,0,1,2,A,-,17,22517,,N,B,G,A,A,H,-,A,D,0,,Y,,,Y,,A,1,0,1,0,0,0,0,1,0,0,-,-,LOS ANGELES,MANHATTAN BEACH,-118.4101317,33.88788427
8151956,2016,10/28/2016,1941,9/29/2016,1801,6265,,4,5,7,1941,0,0,0,,0,,BROADWAY,NEWPORT AV,0,,Y,A,-,N,,,,,,,,,,N,4,0,1,2,A,-,5,21650,1,N,G,G,A,A,H,-,B,A,0,,Y,,,Y,,A,,0,0,1,0,0,0,1,0,0,-,-,LOS ANGELES,LONG BEACH,-118.1513401,33.76445008
8151919,2016,10/26/2016,1941,10/7/2016,938,10798,901,5,5,7,1941,0,0,0,,0,,LONG BEACH BL,36TH ST,0,,Y,A,-,N,,,,,,,,,,N,3,0,1,2,A,-,17,21461,A,N,G,G,A,A,H,-,A,A,0,,Y,,,Y,,L,,0,1,0,0,0,0,1,0,0,-,-,LOS ANGELES,LONG BEACH,-118.1893501,33.82214011
8151915,2016,12/28/2016,1941,10/11/2016,1858,5989,,2,5,7,1941,0,0,0,,0,,ANAHEIM ST,SAINT LOUIS AV,0,,Y,A,-,N,,,,,,,,,,N,4,0,1,3,A,-,-,,,N,H,B,B,A,H,-,C,D,0,Y,,,,Y,,A,,0,0,1,0,1,0,0,0,0,-,-,LOS ANGELES,LONG BEACH,-118.1665901,33.78260003
8151906,2016,10/26/2016,1962,10/13/2016,906,137,1962,4,5,4,1962,0,0,0,,0,25,SOUTH SAN GABRIEL BL,EAST VALLEY BL,82,S,N,A,-,N,,,,,,,,,,N,4,0,1,2,A,-,10,21952,,N,G,B,F,A,H,-,A,D,0,Y,,,,Y,,A,1,0,0,1,0,1,0,0,0,0,-,-,LOS ANGELES,SAN GABRIEL,-118.09075,34.07993516
8151845,2016,10/26/2016,1926,10/13/2016,620,82,GPD,4,5,5,1926,0,0,0,,0,3,FOOTHILL BL,LONE HILL AV,0,,Y,A,-,N,,,,,,,,,,N,4,0,1,2,A,-,5,21202,A,N,D,G,A,A,H,-,B,D,0,,Y,,,Y,,L,4,0,0,1,0,0,0,1,0,0,-,-,LOS ANGELES,GLENDORA,-117.8285,34.13616005
8151797,2016,10/31/2016,1900,10/16/2016,1931,520726,531,7,5,5,1959,0,0,0,,0,53T1PM,TEMPLE CITY BL,ABILENE ST,75,N,N,A,-,N,,,,,,,,,,N,4,0,1,2,A,-,8,22107,,N,D,G,A,A,H,-,D,D,0,,Y,,,Y,,L,4,0,0,1,0,0,0,1,0,0,-,-,LOS ANGELES,ROSEMEAD,-118.0575736,34.08306557
8151483,2016,2/18/2017,1976,8/26/2016,1839,393,,5,5,5,1976,0,0,0,,0,3,WHITTIER BL,WASHINGTON AV,120,W,N,A,-,Y,LA,7,72,-,-,3.79,H,-,S,N,3,0,1,2,A,-,17,22517,,N,H,G,A,A,H,-,A,D,0,,Y,,,Y,,L,4,0,1,0,0,0,0,1,0,0,-,-,LOS ANGELES,WHITTIER,-118.0347635,33.96422285
8151439,2016,10/25/2016,1942,9/27/2016,815,39010,659,2,5,7,1942,0,0,0,F,0,11TL21,NORMANDIE AV,FOUNTAIN AV,0,,Y,A,-,N,,,,,,,,,,N,4,0,1,2,A,-,9,21801,A,N,D,G,A,A,H,-,A,A,0,,Y,,,Y,,L,4,0,0,1,0,0,0,1,0,0,-,-,LOS ANGELES,LOS ANGELES,-118.3005,34.09520001
8151420,2016,12/28/2016,1942,9/22/2016,1730,42154,1317,4,5,7,1942,0,0,0,M,0,13X62,21ST ST,SAN PEDRO,3,W,N,A,-,N,,,,,,,,,,N,4,0,2,3,A,-,8,22107,,N,G,B,B,A,H,-,A,A,0,Y,,,,Y,,A,1,0,0,2,0,2,0,0,0,0,-,-,LOS ANGELES,LOS ANGELES,-118.2585681,34.02584469
8151416,2016,10/25/2016,1942,9/24/2016,2110,34332,1391,6,5,7,1942,0,0,0,M,0,4T43,BROADWAY,61ST ST,6,N,N,A,-,N,,,,,,,,,,N,4,0,1,2,A,-,9,21804,A,F,D,G,A,A,H,-,C,A,0,,Y,,,Y,Y,L,4,0,0,1,0,0,0,1,0,0,-,-,LOS ANGELES,LOS ANGELES,,
8151408,2016,10/25/2016,1942,9/25/2016,2100,39062,1322,7,5,7,1942,0,0,0,M,0,1T11,23RD ST,WALL ST,75,E,N,A,-,N,,,,,,,,,,N,4,0,1,2,A,-,9,21804,A,F,D,G,A,A,H,-,C,D,0,,Y,,,Y,Y,-,99,0,0,1,0,0,0,1,0,0,-,-,LOS ANGELES,LOS ANGELES,-118.262683,34.02533166
8151407,2016,10/25/2016,1942,9/27/2016,1350,31387,636,2,5,7,1942,0,0,0,,0,6TL4,SUNSET BL,CHEROKEE AV,0,,Y,A,-,N,,,,,,,,,,N,4,0,1,2,A,-,5,21650,1,N,D,G,A,A,H,-,A,A,0,,Y,,,Y,,L,4,0,0,1,0,0,0,1,0,0,-,-,LOS ANGELES,LOS ANGELES,-118.3353001,34.09799003
8151405,2016,10/28/2016,1942,9/27/2016,615,36356,785,2,5,7,1942,0,0,0,G,0,8TL35,WASHINGTON BL,HARCOURT AV,0,,Y,A,-,N,,,,,,,,,,N,3,0,1,2,D,-,0,,,F,H,G,A,A,H,-,B,A,0,,Y,,,Y,,-,-,0,1,0,0,0,0,1,0,0,-,-,LOS ANGELES,LOS ANGELES,-118.3424601,34.03983006
8151404,2016,10/25/2016,1942,9/13/2016,220,34906,LOSAN,2,5,7,1942,0,0,0,,0,13A9,LONG BEACH AV,OLYMPIC BL,0,,Y,-,-,N,,,,,,,,,,N,4,0,1,2,A,-,10,21950,A,N,G,B,A,A,-,-,D,D,0,,Y,,,Y,,-,,0,0,1,0,0,0,1,0,0,-,-,LOS ANGELES,LOS ANGELES,-118.2409201,34.02928004
8151386,2016,10/28/2016,1947,9/10/2016,329,1404,,6,5,5,1947,0,0,0,,0,00C,W CLEVELAND AV,7TH ST,15,W,N,A,-,N,,,,,,,,,,,3,0,1,2,A,-,9,21804,A,N,D,G,A,A,H,-,C,D,0,,Y,,,Y,,A,1,0,1,0,0,0,0,1,0,0,-,-,LOS ANGELES,MONTEBELLO,-118.1065679,34.01170995