CASE_ID,ACCIDENT_YEAR,PROC_DATE,JURIS,COLLISION_DATE,COLLISION_TIME,OFFICER_ID,REPORTING_DISTRICT,DAY_OF_WEEK,CHP_SHIFT,POPULATION,CNTY_CITY_LOC,SPECIAL_COND,BEAT_TYPE,CHP_BEAT_TYPE,CITY_DIVISION_LAPD,CHP_BEAT_CLASS,BEAT_NUMBER,PRIMARY_RD,SECONDARY_RD,DISTANCE,DIRECTION,INTERSECTION,WEATHER_1,WEATHER_2,STATE_HWY_IND,CALTRANS_COUNTY,CALTRANS_DISTRICT,STATE_ROUTE,ROUTE_SUFFIX,POSTMILE_PREFIX,POSTMILE,LOCATION_TYPE,RAMP_INTERSECTION,SIDE_OF_HWY,TOW_AWAY,COLLISION_SEVERITY,NUMBER_KILLED,NUMBER_INJURED,PARTY_COUNT,PRIMARY_COLL_FACTOR,PCF_CODE_OF_VIOL,PCF_VIOL_CATEGORY,PCF_VIOLATION,PCF_VIOL_SUBSECTION,HIT_AND_RUN,TYPE_OF_COLLISION,MVIW,PED_ACTION,ROAD_SURFACE,ROAD_COND_1,ROAD_COND_2,LIGHTING,CONTROL_DEVICE,CHP_ROAD_TYPE,PEDESTRIAN_ACCIDENT,BICYCLE_ACCIDENT,MOTORCYCLE_ACCIDENT,TRUCK_ACCIDENT,NOT_PRIVATE_PROPERTY,ALCOHOL_INVOLVED,STWD_VEHTYPE_AT_FAULT,CHP_VEHTYPE_AT_FAULT,COUNT_SEVERE_INJ,COUNT_VISIBLE_INJ,COUNT_COMPLAINT_PAIN,COUNT_PED_KILLED,COUNT_PED_INJURED,COUNT_BICYCLIST_KILLED,COUNT_BICYCLIST_INJURED,COUNT_MC_KILLED,COUNT_MC_INJURED,PRIMARY_RAMP,SECONDARY_RAMP,COUNTY,CITY,LONGITUDE,LATITUDE
8150070,2016,12/28/2016,1900,9/1/2016,1945,510894,1435,4,5,4,1937,0,0,0,,0,143T1,HURLEY ST,AZUSA WY,4,W,N,A,-,N,,,,,,,,,,N,4,0,1,2,A,-,12,22450,A,N,D,G,A,A,-,-,A,A,0,,Y,,,Y,,-,-,0,0,1,0,0,0,1,0,0,-,-,LOS ANGELES,LA PUENTE,-117.924273,34.01136192
8150065,2016,10/20/2016,1942,9/15/2016,2045,36336,1077,4,5,7,1942,0,0,0,J,0,10T37,VENTURA BL,LOUISE AV,12,E,N,A,-,N,,,,,,,,,,N,4,0,1,2,A,-,10,21950,A,N,G,B,B,A,H,-,C,A,0,Y,,,,Y,,A,1,0,0,1,0,1,0,0,0,0,-,-,LOS ANGELES,LOS ANGELES,-118.509761,34.16083431
8150062,2016,10/25/2016,1955,9/30/2016,749,30381,54,5,5,6,1955,0,0,0,,0,1,HOLT AV,DUDLEY ST,185,W,N,A,-,N,,,,,,,,,,N,3,0,1,2,A,-,11,21954,A,N,G,B,D,A,H,-,A,D,0,Y,,,,Y,,N,60,0,1,0,0,1,0,0,0,0,-,-,LOS ANGELES,POMONA,-117.777279,34.06170486
8150057,2016,10/20/2016,1942,9/23/2016,820,41158,1089,5,5,7,1942,0,0,0,J,0,10T35,VENTURA BL,FIRMAMENT ST,0,,Y,A,-,N,,,,,,,,,,N,4,0,1,2,A,-,10,21950,A,N,G,B,B,A,H,-,A,D,0,Y,,,,Y,,A,1,0,0,1,0,1,0,0,0,0,-,-,LOS ANGELES,LOS ANGELES,-118.4726801,34.15486008
8150041,2016,10/20/2016,1942,9/20/2016,800,41915,1047,2,5,7,1942,0,0,0,J,0,10A3,BURBANK BL,LOUISE ST,0,,Y,A,-,N,,,,,,,,,,N,3,0,1,2,A,-,10,21950,A,N,G,B,B,A,H,-,A,A,0,Y,,,,Y,Y,A,1,0,1,0,0,1,0,0,0,0,-,-,LOS ANGELES,LOS ANGELES,-118.5098401,34.17224001
8150037,2016,10/20/2016,1942,9/20/2016,840,34499,1041,2,5,7,1942,0,0,0,J,0,10A83,HATTERAS ST,RESEDA BL,358,W,N,A,-,N,,,,,,,,,,N,3,0,1,2,A,-,10,21950,A,N,G,B,B,A,H,-,A,D,0,Y,,,,Y,,A,1,0,1,0,0,1,0,0,0,0,-,-,LOS ANGELES,LOS ANGELES,-118.5372014,34.17746712
8150029,2016,10/20/2016,1942,9/25/2016,600,38273,1001,7,5,7,1942,0,0,0,J,0,15TL47,TAMPA AV,ROSCOE BL,0,,Y,A,-,N,,,,,,,,,,N,2,0,1,2,A,-,10,21950,A,N,G,B,B,A,H,-,C,A,0,Y,,,,Y,,A,1,1,0,0,0,1,0,0,0,0,-,-,LOS ANGELES,LOS ANGELES,-118.55351,34.22048007
8150018,2016,10/25/2016,1905,9/17/2016,1608,1121,311,6,5,4,1905,0,0,0,,0,62,N SAN GABRIEL AV,W FOOTHILL BL,0,,Y,A,-,N,,,,,,,,,,N,2,0,1,2,A,-,10,21950,A,N,G,B,B,A,H,-,A,A,0,Y,,,,Y,,A,1,1,0,0,0,1,0,0,0,0,-,-,LOS ANGELES,AZUSA,-117.90881,34.13361006
8150014,2016,11/8/2016,1905,9/16/2016,1907,1153,441,5,5,4,1905,0,0,0,,0,71,W ARROW HWY,AZUSA AV,357,W,N,A,-,N,,,,,,,,,,N,4,0,1,2,A,-,9,21801,A,N,D,G,A,A,H,-,C,A,0,,Y,,,Y,,A,1,0,0,1,0,0,0,1,0,0,-,-,LOS ANGELES,AZUSA,-117.908915,34.1068
8149992,2016,10/21/2016,1942,9/24/2016,1910,38354,1063,6,5,7,1942,0,0,0,J,0,16T25,CREBS AV,LINNET ST,164,S,N,A,-,N,,,,,,,,,,N,3,0,1,2,B,-,22,,,N,-,B,F,A,H,-,D,D,0,Y,,,,Y,,A,8,0,1,0,0,1,0,0,0,0,-,-,LOS ANGELES,LOS ANGELES,-118.5441913,34.16793053
8149991,2016,10/20/2016,1942,9/3/2016,2030,38535,933,6,5,7,1942,0,0,0,I,0,9A37,ERWIN ST,KESTER AV,312,E,N,A,-,N,,,,,,,,,,N,3,0,1,3,A,-,8,22107,,N,G,-,F,A,H,-,C,D,0,Y,,,,Y,,A,1,0,1,0,0,1,0,0,0,0,-,-,LOS ANGELES,LOS ANGELES,-118.4564302,34.18363001
8149988,2016,10/20/2016,1942,9/30/2016,825,42057,952,5,5,7,1942,0,0,0,I,0,9A63,KESTER AV,CLARK ST,10,N,N,A,-,N,,,,,,,,,,,2,0,1,2,A,-,10,21950,A,N,G,B,B,A,H,-,A,A,0,Y,,,,Y,,A,1,1,0,0,0,1,0,0,0,0,-,-,LOS ANGELES,LOS ANGELES,-118.4574697,34.16850743
8149979,2016,10/20/2016,1942,9/22/2016,845,35346,984,4,5,7,1942,0,0,0,I,0,9TL55,VENTURA BL,VAN NUYS BL,1,E,N,A,-,N,,,,,,,,,,N,4,0,1,2,A,-,17,23253,,N,G,B,E,A,H,-,A,A,0,Y,,,,Y,,A,8,0,0,1,0,1,0,0,0,0,-,-,LOS ANGELES,LOS ANGELES,-118.4486968,34.15091947
8149972,2016,10/20/2016,1942,9/23/2016,1605,39410,1041,5,5,7,1942,0,0,0,J,0,16TL26,TAMPA AV,TOPHAM ST,92,S,N,A,-,N,,,,,,,,,,Y,2,0,1,2,A,-,5,21650,,N,D,G,A,A,H,-,A,A,0,,Y,,,Y,,L,4,1,0,0,0,0,0,1,0,0,-,-,LOS ANGELES,LOS ANGELES,-118.55346,34.18075763
8149931,2016,10/20/2016,1942,9/28/2016,1410,20319,1785,3,5,7,1942,0,0,0,Q,0,17,OSBORNE ST,LINDLEY AV,0,,Y,A,-,N,,,,,,,,,,N,3,0,1,2,A,-,9,21802,A,F,B,G,A,A,H,-,A,A,0,,Y,,,Y,,-,99,0,1,0,0,0,0,1,0,0,-,-,LOS ANGELES,LOS ANGELES,-118.5273501,34.23374011
8149928,2016,10/20/2016,1942,9/29/2016,1425,39096,952,4,5,7,1942,0,0,0,I,0,21TL64,BURBANK BL,KESTER AV,0,,Y,A,-,N,,,,,,,,,,N,4,0,1,2,A,-,10,21950,A,N,G,B,B,A,H,-,A,A,0,Y,,,,Y,,A,1,0,0,1,0,1,0,0,0,0,-,-,LOS ANGELES,LOS ANGELES,-118.4574501,34.17211003
8149927,2016,10/20/2016,1942,9/22/2016,2000,39575,1762,4,5,7,1942,0,0,0,Q,0,35EL11,LASSEN ST,DE SOTO AV,0,,Y,A,-,N,,,,,,,,,,N,3,0,1,2,A,-,10,21950,A,F,G,B,B,A,H,-,C,A,0,Y,,,,Y,,-,99,0,1,0,0,1,0,0,0,0,-,-,LOS ANGELES,LOS ANGELES,-118.5885701,34.24998004
8149886,2016,10/31/2016,1942,9/28/2016,830,41158,1039,3,5,7,1942,0,0,0,J,0,9T53,HAYNES ST,WOODLEY AV,0,,Y,A,-,N,,,,,,,,,,N,3,0,1,2,A,-,9,21802,A,N,H,G,A,A,H,-,A,A,0,,Y,,,Y,,D,22,0,1,0,0,0,0,1,0,0,-,-,LOS ANGELES,LOS ANGELES,-118.4836501,34.18915007
8149777,2016,1/21/2017,1956,9/26/2016,1556,1319,50,1,5,5,1956,0,0,0,,0,5,RT 107,180TH ST,3,S,N,A,-,Y,LA,7,107,-,-,4.32,I,5,S,N,2,0,1,2,A,-,11,21950,B,N,G,B,D,A,H,-,A,D,0,Y,,,,Y,,N,60,1,0,0,0,1,0,0,0,0,-,-,LOS ANGELES,REDONDO BEACH,-118.3526582,33.86741692
8149759,2016,12/27/2016,1942,9/16/2016,1725,41963,359,5,5,7,1942,0,0,0,C,0,3A13,JEFFERSON ST,FLOWER ST,0,,Y,A,-,N,,,,,,,,,,N,3,0,1,2,A,-,10,21950,A,N,G,B,B,A,H,-,A,A,0,Y,,,,Y,,A,1,0,1,0,0,1,0,0,0,0,-,-,LOS ANGELES,LOS ANGELES,-118.2787301,34.02138004
8149712,2016,10/24/2016,1942,9/4/2016,2110,42038,393,7,5,7,1942,0,0,0,C,0,3A15,DEGNAN BL,43RD PL,0,,Y,A,-,N,,,,,,,,,,N,4,0,1,2,A,-,15,26453,,N,G,B,F,A,H,-,C,D,0,Y,,,,Y,,A,1,0,0,1,0,1,0,0,0,0,-,-,LOS ANGELES,LOS ANGELES,-118.3314701,34.00422007
8149688,2016,10/24/2016,1942,9/30/2016,1000,42137,378,5,5,7,1942,0,0,0,C,0,3L90,FIGUEROA ST,EXPOSITION BL,0,,Y,A,-,N,,,,,,,,,,N,4,0,1,2,A,-,12,21453,A,N,D,G,A,A,H,-,A,A,0,,Y,,,Y,,L,4,0,0,1,0,0,0,1,0,0,-,-,LOS ANGELES,LOS ANGELES,-118.2824201,34.01815005
8149674,2016,12/29/2016,1942,8/30/2016,1400,40165,1961,2,5,7,1942,0,0,0,,0,10TL39,SEPULVEDA BL,NORDHOFF ST,65,N,N,A,-,N,,,,,,,,,,N,3,0,1,1,A,-,0,20015,,N,E,I,A,A,H,-,A,D,0,,Y,,,Y,,-,-,0,1,0,0,0,0,1,0,0,-,-,LOS ANGELES,LOS ANGELES,-118.46771,34.23570829
8149673,2016,10/24/2016,1942,8/23/2016,1800,39203,361,2,5,7,1942,0,0,0,C,0,3F73,LA BREA,RODEO RD,300,S,N,A,-,N,,,,,,,,,,N,3,0,1,2,A,-,21,22106,,N,G,B,-,A,H,-,A,D,0,Y,,,,Y,,A,7,0,1,0,0,1,0,0,0,0,-,-,LOS ANGELES,LOS ANGELES,-118.355602,34.02070721
8149669,2016,12/28/2016,1942,8/26/2016,1935,42402,354,5,5,7,1942,0,0,0,C,0,3A73,6TH AV,JEFFERSON BL,175,S,N,A,-,N,,,,,,,,,,N,4,0,1,2,D,-,0,,,N,G,B,E,A,H,-,C,D,0,Y,,,,Y,,-,-,0,0,1,0,1,0,0,0,0,-,-,LOS ANGELES,LOS ANGELES,-118.3236,34.02510004
8149665,2016,10/24/2016,1942,8/25/2016,1210,41801,363,4,5,7,1942,0,0,0,,0,3A1,MARLTON AV,39TH,0,,Y,A,-,N,,,,,,,,,,N,4,0,1,2,A,-,12,22450,A,N,D,G,A,A,H,-,A,A,0,,Y,,,Y,,L,4,0,0,1,0,0,0,1,0,0,-,-,LOS ANGELES,LOS ANGELES,-118.3360901,34.01463008
8149647,2016,1/12/2017,1942,8/24/2016,2300,42434,328,3,5,7,1942,0,0,0,C,0,3A55,VERMONT BL,28TH ST,75,N,N,A,-,N,,,,,,,,,,N,3,0,1,2,A,-,8,22107,,N,H,G,A,A,H,-,C,A,0,,Y,,,Y,,-,,0,1,0,0,0,0,1,0,0,-,-,LOS ANGELES,LOS ANGELES,-118.29155,34.02980569
8149645,2016,12/28/2016,1942,8/24/2016,1630,34344,245,3,5,7,1942,0,0,0,B,0,2A75,3RD ST,CARONDELET ST,0,,Y,A,-,N,,,,,,,,,,N,3,0,1,2,A,-,11,21950,B,N,-,B,B,A,H,-,A,A,0,Y,,,,Y,,N,60,0,1,0,0,1,0,0,0,0,-,-,LOS ANGELES,LOS ANGELES,-118.27681,34.06504004
8149642,2016,10/25/2016,1942,8/18/2016,5,40385,RD032,4,5,7,1942,0,0,0,,0,3FL74,FIGUEROA ST,30TH ST,0,,Y,A,-,N,,,,,,,,,,N,3,0,1,2,A,-,10,21950,A,N,G,B,B,A,H,-,C,A,0,Y,,,,Y,,-,,0,1,0,0,1,0,0,0,0,-,-,LOS ANGELES,LOS ANGELES,-118.2780001,34.02506001
8149637,2016,10/24/2016,1942,8/23/2016,1815,35431,275,2,5,7,1942,0,0,0,B,0,2A45,OLYMPIC BL,ALVARADO ST,0,,Y,A,-,N,,,,,,,,,,N,4,0,1,2,A,-,10,21950,A,N,G,B,B,A,H,-,A,A,0,Y,,,,Y,,-,,0,0,1,0,1,0,0,0,0,-,-,LOS ANGELES,LOS ANGELES,-118.2798301,34.05174004
8149633,2016,10/24/2016,1942,8/31/2016,1720,37866,185,3,5,7,1942,0,0,0,A,0,1C51,PICO BL,LOS ANGELES ST,300,E,N,A,-,N,,,,,,,,,,N,4,0,1,2,A,-,5,21650,1,N,D,G,A,A,H,-,A,D,0,,Y,,,Y,,L,4,0,0,1,0,0,0,1,0,0,-,-,LOS ANGELES,LOS ANGELES,-118.2585393,34.03529197
8149629,2016,10/24/2016,1942,8/8/2016,935,42298,231,1,5,7,1942,0,0,0,B,0,2A75,TEMPLE ST,N VENDOME,0,,N,A,-,N,,,,,,,,,,,3,0,1,2,A,-,10,21950,A,N,G,B,B,A,H,-,A,A,0,Y,,,,Y,,-,,0,1,0,0,1,0,0,0,0,-,-,LOS ANGELES,LOS ANGELES,-118.2802601,34.07488003
8149621,2016,10/24/2016,1942,8/23/2016,815,36238,245,2,5,7,1942,0,0,0,B,0,4TL45,6TH ST,GRANDVIEW ST,8,E,N,A,-,N,,,,,,,,,,N,3,0,1,2,A,-,10,21950,A,N,G,B,B,A,H,-,A,D,0,Y,,,,Y,,A,1,0,1,0,0,1,0,0,0,0,-,-,LOS ANGELES,LOS ANGELES,-118.2769568,34.06046966
8149618,2016,10/26/2016,1942,8/26/2016,1014,41858,318,5,5,7,1942,0,0,0,C,0,3XL95,ADAMS BL,SEVERANCE ST,5,S,N,A,-,N,,,,,,,,,,,3,0,1,2,A,-,10,21950,A,N,A,G,A,A,H,-,A,A,0,,Y,,,Y,Y,A,1,0,1,0,0,0,0,1,0,0,-,-,LOS ANGELES,LOS ANGELES,-118.2808556,34.03031339
8149617,2016,10/24/2016,1942,8/26/2016,715,40099,211,5,5,7,1942,0,0,0,B,0,2TL15,NORMANDIE AV,MELROSE AV,200,S,N,A,-,N,,,,,,,,,,N,3,0,1,2,A,-,5,21650,1,N,A,G,A,A,H,-,A,D,0,,Y,,,Y,,A,1,0,1,0,0,0,0,1,0,0,-,-,LOS ANGELES,LOS ANGELES,-118.3004794,34.08300149
8149613,2016,10/25/2016,1942,8/31/2016,755,38050,235,3,5,7,1942,0,0,0,B,0,1TL11,ALVARADO ST,BEVERLY BL,280,S,N,A,-,N,,,,,,,,,,N,2,0,1,2,A,-,11,21954,A,N,G,B,-,A,H,-,A,D,0,Y,,,,Y,,N,60,1,0,0,0,1,0,0,0,0,-,-,LOS ANGELES,LOS ANGELES,-118.2707589,34.06599466
8149605,2016,10/25/2016,1942,8/31/2016,1555,35713,201,3,5,7,1942,0,0,0,B,0,2F5,MELROSE AV,EDGEMONT ST,0,,Y,A,-,N,,,,,,,,,,N,4,0,1,2,A,-,10,21950,C,M,B,B,B,A,-,-,A,A,0,Y,,,,Y,,-,99,0,0,1,0,1,0,0,0,0,-,-,LOS ANGELES,LOS ANGELES,-118.29601,34.08361004
8149601,2016,10/24/2016,1942,8/23/2016,755,31152,215,2,5,7,1942,0,0,0,B,0,11TL25,TEMPLE ST,OCCIDENTAL BL,5,W,N,A,-,N,,,,,,,,,,N,3,0,1,2,A,-,10,21950,A,N,-,B,B,A,H,-,A,A,0,Y,,,,Y,,A,7,0,1,0,0,1,0,0,0,0,-,-,LOS ANGELES,LOS ANGELES,-118.2775547,34.0736962
8149520,2016,10/21/2016,1942,9/3/2016,1720,41927,338,6,5,7,1942,0,0,0,,0,3T57,30TH ST,VERMONT AV,0,,Y,A,-,N,,,,,,,,,,N,4,0,1,2,A,-,12,22450,A,N,D,G,A,A,H,-,A,A,0,,Y,,,Y,,A,1,0,0,1,0,0,0,1,0,0,-,-,LOS ANGELES,LOS ANGELES,-118.29155,34.02778001
8149496,2016,10/21/2016,1942,9/7/2016,550,40869,396,3,5,7,1942,0,0,0,C,0,3TL5,42ND PL,MENLO AV,0,,Y,A,-,N,,,,,,,,,,N,3,0,1,2,A,-,9,21802,A,N,D,G,A,A,H,-,A,A,0,,Y,,,Y,,L,4,0,1,0,0,0,0,1,0,0,-,-,LOS ANGELES,LOS ANGELES,-118.2900201,34.00639003
8149487,2016,10/25/2016,1942,10/6/2016,1250,31255,721,4,5,7,1942,0,0,0,G,0,14TL52,SAN VICENTE BL,GRACIE ALLEN DR,0,,Y,A,-,N,,,,,,,,,,N,3,0,1,2,A,-,12,21453,A,N,H,G,A,A,H,-,A,A,0,,Y,,,Y,,A,7,0,1,0,0,0,0,1,0,0,-,-,LOS ANGELES,LOS ANGELES,-118.3789401,34.07529007
8149480,2016,10/21/2016,1922,9/20/2016,2025,604,,2,5,6,1922,0,0,0,,0,,TYLER,MILDRED,0,,Y,A,-,N,,,,,,,,,,N,4,0,1,2,A,-,9,21802,A,N,D,G,A,A,H,-,C,A,0,,Y,,,Y,,L,4,0,0,1,0,0,0,1,0,0,-,-,LOS ANGELES,EL MONTE,-118.0359801,34.06645006
8149475,2016,10/26/2016,1942,10/11/2016,1420,38590,2081,2,5,7,1942,0,0,0,,0,20TL56,VENICE BL,SAINT ANDREWS PL,0,,Y,A,-,N,,,,,,,,,,N,4,0,1,2,A,-,5,21650,,N,D,G,A,A,H,-,A,A,0,,Y,,,Y,,L,4,0,0,1,0,0,0,1,0,0,-,-,LOS ANGELES,LOS ANGELES,-118.3116,34.04357009
8149474,2016,12/28/2016,1953,10/2/2016,2340,5450,1953,7,5,6,1953,0,0,0,,0,3,NORTH LAKE AV,N LAKE AV 690,0,,Y,A,-,N,,,,,,,,,,N,4,0,1,2,A,-,0,20001,A,M,G,B,F,A,H,-,C,D,0,Y,,,,Y,,A,7,0,0,1,0,1,0,0,0,0,-,-,LOS ANGELES,PASADENA,,
8149463,2016,11/29/2016,1942,10/8/2016,2110,40762,399,6,5,7,1942,0,0,0,C,0,18T23,FIGUEROA ST,WEST 43RD ST,21,E,N,-,-,N,,,,,,,,,,N,2,0,1,2,A,-,10,21950,A,F,-,-,-,-,-,-,-,-,0,Y,,,,Y,,-,99,1,0,0,0,1,0,0,0,0,-,-,LOS ANGELES,LOS ANGELES,-118.28274,34.00558
8149446,2016,12/29/2016,1953,10/3/2016,1508,7724,LA CO,1,5,6,1953,0,0,0,,0,4,ROSEMEAD BL,SIERRA MADRE VILLA,50,E,N,A,-,N,,,,,,,,,,N,4,0,1,2,A,-,8,22107,,N,B,G,A,A,H,-,A,A,0,,Y,,,Y,,-,-,0,0,1,0,0,0,1,0,0,-,-,LOS ANGELES,PASADENA,-118.0813953,34.15788726
8149443,2016,10/25/2016,1942,10/8/2016,2105,40157,2031,6,5,7,1942,0,0,0,,0,20T59,OXFORD AV,WILSHIRE BL,315,N,N,A,-,N,,,,,,,,,,N,4,0,1,2,A,-,9,21804,A,F,G,B,F,A,H,-,C,D,0,Y,,,,Y,,-,99,0,0,1,0,1,0,0,0,0,-,-,LOS ANGELES,LOS ANGELES,-118.3078395,34.06256388
8149398,2016,12/13/2016,1942,9/17/2016,1145,40144,RD118,6,5,7,1942,0,0,0,,0,11A17,NORTH FIGUEROA ST,AVE 22,125,N,N,A,-,N,,,,,,,,,,N,4,0,1,2,A,-,21,22106,,N,G,B,B,A,H,-,A,D,0,Y,,,,Y,,A,1,0,0,1,0,1,0,0,0,0,-,-,LOS ANGELES,LOS ANGELES,-118.223603,34.08297597
8149354,2016,10/28/2016,1942,9/29/2016,1600,40099,162,4,5,7,1942,0,0,0,A,0,2T28,HILL ST,9TH ST,25,N,N,A,-,N,,,,,,,,,,N,4,0,1,2,A,-,3,22350,,F,G,B,E,A,H,-,A,D,0,Y,,,,Y,,-,99,0,0,1,0,1,0,0,0,0,-,-,LOS ANGELES,LOS ANGELES,-118.2570998,34.04306434
8149332,2016,10/24/2016,1942,9/6/2016,740,38423,1148,2,5,7,1942,0,0,0,K,0,11A37,FIGUEROA,AVENUE 45,0,,Y,A,-,N,,,,,,,,,,N,3,0,2,3,A,-,10,21950,A,N,G,B,B,A,H,-,B,A,0,Y,,,,Y,,-,,0,1,1,0,2,0,0,0,0,-,-,LOS ANGELES,LOS ANGELES,-118.2073401,34.09593001
8149331,2016,10/21/2016,1976,9/21/2016,1555,755,,3,5,3,1964,0,0,0,,0,,DANBY AV,CHARLESWORTH RD,321,S,N,A,-,N,,,,,,,,,,N,3,0,1,2,A,-,3,22350,,M,H,G,A,A,H,-,A,D,0,,Y,,,Y,,L,4,0,1,0,0,0,0,1,0,0,-,-,LOS ANGELES,SANTA FE SPRINGS,-118.085153,33.95480411
8149330,2016,10/28/2016,1942,9/6/2016,2115,36138,217,2,5,7,1942,0,0,0,B,0,2A47,GLENDALE BL,PARK AV,0,,Y,A,-,N,,,,,,,,,,N,4,0,1,3,A,-,4,21703,,N,C,B,B,A,H,-,B,A,0,Y,,,,Y,,-,,0,0,1,0,0,0,0,0,0,-,-,LOS ANGELES,LOS ANGELES,-118.26148,34.07593001
8149328,2016,10/24/2016,1942,9/5/2016,1545,40825,RD114,1,5,7,1942,0,0,0,,0,11A1,HILLHURST AV,AMBROSE AV,10,S,N,A,-,N,,,,,,,,,,N,3,0,1,2,A,-,10,21950,A,N,G,B,B,A,H,-,A,A,0,Y,,,,Y,,A,1,0,1,0,0,1,0,0,0,0,-,-,LOS ANGELES,LOS ANGELES,-118.28742,34.10992258
8149319,2016,10/21/2016,1976,9/25/2016,1237,219,,7,5,3,1964,0,0,0,,0,2,TELEGRAPH RD,CARMENITA RD,360,E,N,A,-,N,,,,,,,,,,N,3,0,1,2,A,-,11,21954,A,F,G,B,E,A,H,-,A,D,0,Y,,,,Y,,N,60,0,1,0,0,1,0,0,0,0,-,-,LOS ANGELES,SANTA FE SPRINGS,-118.0457069,33.93979384
8149312,2016,10/24/2016,1942,9/9/2016,700,25904,329,5,5,7,1942,0,0,0,C,0,25MQ16,28TH ST,FIGUEROA ST,200,W,N,A,-,N,,,,,,,,,,N,4,0,1,2,A,-,9,21804,A,N,H,G,A,A,H,-,A,D,0,,Y,,,Y,,A,1,0,0,1,0,0,0,1,0,0,-,-,LOS ANGELES,LOS ANGELES,-118.2779386,34.02635219
8149306,2016,10/28/2016,1942,9/13/2016,740,39010,217,2,5,7,1942,0,0,0,B,0,2TL15,BONNIE BRAE ST,MONTROSE ST,343,N,N,A,-,N,,,,,,,,,,N,2,0,1,4,B,-,22,,,N,G,B,F,A,H,-,A,D,0,Y,,,,Y,,A,7,1,0,0,0,1,0,0,0,0,-,-,LOS ANGELES,LOS ANGELES,-118.262486,34.07673198
8149300,2016,10/24/2016,1942,9/24/2016,2135,39759,1141,6,5,7,1942,0,0,0,K,0,4T43,VERMONT AV,RUSSELL AV,20,S,N,A,-,N,,,,,,,,,,Y,2,0,1,2,A,-,11,21956,A,N,G,C,D,A,H,-,C,D,0,Y,,,,Y,,N,60,1,0,0,0,1,0,0,0,0,-,-,LOS ANGELES,LOS ANGELES,-118.2917891,34.10443515
8149297,2016,10/28/2016,1942,9/14/2016,640,39010,426,3,5,7,1942,0,0,0,D,0,1HL21,PUEBLO AV,HUNTINGTON DR,8,S,N,A,-,N,,,,,,,,,,N,4,0,1,2,A,-,12,21453,A,F,G,B,B,A,H,-,A,A,0,Y,,,,Y,,-,99,0,0,1,0,1,0,0,0,0,-,-,LOS ANGELES,LOS ANGELES,-118.1749076,34.08766066
8149290,2016,12/28/2016,1942,9/23/2016,950,39035,191,5,5,7,1942,0,0,0,A,0,20EL4,FIGUEROA ST,18TH ST,0,,Y,A,-,N,,,,,,,,,,N,4,0,1,2,A,-,9,21802,A,F,D,G,A,A,H,-,A,-,0,,Y,,,Y,,-,,0,0,1,0,0,0,1,0,0,-,-,LOS ANGELES,LOS ANGELES,-118.2714001,34.03543002
8149286,2016,10/31/2016,1942,9/15/2016,550,34768,236,4,5,7,1942,0,0,0,B,0,2A45,ALVARADO ST,BEVERLY BL,0,,Y,A,-,N,,,,,,,,,,N,4,0,1,2,A,-,10,21950,A,N,G,B,B,A,H,-,C,A,0,Y,,,,Y,,-,,0,0,1,0,1,0,0,0,0,-,-,LOS ANGELES,LOS ANGELES,-118.2703201,34.06667005
8149282,2016,10/31/2016,1942,9/25/2016,815,39457,156,7,5,7,1942,0,0,0,A,0,1A35,S SAN PEDRO ST,EAST 6TH ST,0,,Y,A,-,N,,,,,,,,,,N,4,0,1,2,A,-,10,21950,A,N,G,B,B,A,H,-,A,A,0,Y,,,,Y,,A,1,0,0,1,0,1,0,0,0,0,-,-,LOS ANGELES,LOS ANGELES,-118.24527,34.04226001
8149266,2016,10/24/2016,1922,8/23/2016,744,502,,2,5,6,1922,0,0,0,,0,4,KLINGERMAN,DURFEE,5,W,N,A,-,N,,,,,,,,,,N,3,0,1,2,A,-,10,21950,A,F,G,B,B,A,H,-,A,A,0,Y,,,,Y,,-,99,0,1,0,0,1,0,0,0,0,-,-,LOS ANGELES,EL MONTE,-118.0236716,34.05082974
8149260,2016,12/28/2016,1942,9/14/2016,909,38256,158,3,5,7,1942,0,0,0,A,0,1A29,CENTRAL AV,7TH ST,15,S,N,A,-,N,,,,,,,,,,N,2,0,1,2,A,-,11,21956,A,N,G,B,E,A,H,-,A,A,0,Y,,,,Y,,N,60,1,0,0,0,1,0,0,0,0,-,-,LOS ANGELES,LOS ANGELES,-118.2411972,34.03673565
8149251,2016,10/24/2016,1942,8/12/2016,1145,39471,379,5,5,7,1942,0,0,0,,0,3A15,MARTIN LUTHER KING JR BL,WALTON AV,30,W,N,A,-,N,,,,,,,,,,,3,0,1,2,A,-,0,27804,A,M,A,G,A,A,H,-,A,D,0,,Y,,,Y,,-,,0,1,0,0,0,0,1,0,0,-,-,LOS ANGELES,LOS ANGELES,-118.2941988,34.01087
8149243,2016,10/21/2016,1942,9/8/2016,1900,41704,378,4,5,7,1942,0,0,0,C,0,12T41,BILL ROBERTSON AV,MARTIN LUTHER KING BL,280,N,N,A,-,N,,,,,,,,,,N,4,0,1,2,A,-,5,21650,,N,D,G,A,A,H,-,A,D,0,,Y,,,Y,,L,4,0,0,1,0,0,0,1,0,0,-,-,LOS ANGELES,LOS ANGELES,,