CASE_ID,ACCIDENT_YEAR,PROC_DATE,JURIS,COLLISION_DATE,COLLISION_TIME,OFFICER_ID,REPORTING_DISTRICT,DAY_OF_WEEK,CHP_SHIFT,POPULATION,CNTY_CITY_LOC,SPECIAL_COND,BEAT_TYPE,CHP_BEAT_TYPE,CITY_DIVISION_LAPD,CHP_BEAT_CLASS,BEAT_NUMBER,PRIMARY_RD,SECONDARY_RD,DISTANCE,DIRECTION,INTERSECTION,WEATHER_1,WEATHER_2,STATE_HWY_IND,CALTRANS_COUNTY,CALTRANS_DISTRICT,STATE_ROUTE,ROUTE_SUFFIX,POSTMILE_PREFIX,POSTMILE,LOCATION_TYPE,RAMP_INTERSECTION,SIDE_OF_HWY,TOW_AWAY,COLLISION_SEVERITY,NUMBER_KILLED,NUMBER_INJURED,PARTY_COUNT,PRIMARY_COLL_FACTOR,PCF_CODE_OF_VIOL,PCF_VIOL_CATEGORY,PCF_VIOLATION,PCF_VIOL_SUBSECTION,HIT_AND_RUN,TYPE_OF_COLLISION,MVIW,PED_ACTION,ROAD_SURFACE,ROAD_COND_1,ROAD_COND_2,LIGHTING,CONTROL_DEVICE,CHP_ROAD_TYPE,PEDESTRIAN_ACCIDENT,BICYCLE_ACCIDENT,MOTORCYCLE_ACCIDENT,TRUCK_ACCIDENT,NOT_PRIVATE_PROPERTY,ALCOHOL_INVOLVED,STWD_VEHTYPE_AT_FAULT,CHP_VEHTYPE_AT_FAULT,COUNT_SEVERE_INJ,COUNT_VISIBLE_INJ,COUNT_COMPLAINT_PAIN,COUNT_PED_KILLED,COUNT_PED_INJURED,COUNT_BICYCLIST_KILLED,COUNT_BICYCLIST_INJURED,COUNT_MC_KILLED,COUNT_MC_INJURED,PRIMARY_RAMP,SECONDARY_RAMP,COUNTY,CITY,LONGITUDE,LATITUDE
8144453,2016,12/6/2016,1942,10/17/2016,2040,42298,245,1,5,7,1942,0,0,0,,0,2A68,7TH ST,ALVARADO ST,0,,Y,A,-,N,,,,,,,,,,N,3,0,1,2,A,-,12,21453,A,F,D,G,A,A,H,-,C,A,0,,Y,,,Y,Y,-,99,0,1,0,0,0,0,1,0,0,-,-,LOS ANGELES,LOS ANGELES,-118.2768101,34.05648005
8144409,2016,12/6/2016,1900,10/31/2016,715,489917,2612,1,5,6,1950,0,0,0,,0,262T1,CHANTILLY LN,BIARRITZ AV,0,,Y,A,-,N,,,,,,,,,,N,3,0,1,3,A,-,10,21950,A,N,G,B,B,A,H,-,A,D,0,Y,,,,Y,,A,1,0,1,0,0,1,0,0,0,0,-,-,LOS ANGELES,PALMDALE,-118.1824501,34.60032009
8144377,2016,12/3/2016,1942,11/6/2016,40,42545,1961,7,5,7,1942,0,0,0,,0,19A61,NORDHOFF,LANGDON,26,W,N,A,-,N,,,,,,,,,,N,3,0,1,2,A,-,11,21955,,N,G,B,D,A,H,-,C,A,0,Y,,,,Y,Y,N,60,0,1,0,0,1,0,0,0,0,-,-,LOS ANGELES,LOS ANGELES,-118.4698659,34.23555
8144369,2016,12/3/2016,1942,11/2/2016,721,25481,1406,3,5,7,1942,0,0,0,N,0,14MQ78,PALMS BL,OVERLAND AV,0,,Y,A,-,N,,,,,,,,,,N,3,0,1,2,A,-,11,21954,A,N,G,B,D,A,H,-,A,D,0,Y,,,,Y,,A,1,0,1,0,0,1,0,0,0,0,-,-,LOS ANGELES,LOS ANGELES,-118.4116201,34.02473006
8144350,2016,12/3/2016,1900,9/22/2016,1457,437712,1329,4,5,5,1935,0,0,0,,0,132T1,GRAYWOOD AV,D ST,0,,Y,A,-,N,,,,,,,,,,N,4,0,1,2,A,-,10,21950,A,N,D,B,B,-,H,-,A,A,0,Y,,,,Y,,A,,0,0,1,0,1,0,0,0,0,-,-,LOS ANGELES,LAKEWOOD,-118.1382201,33.84870002
8144107,2016,12/1/2016,1900,11/8/2016,1615,600527,1134,2,5,6,1992,0,0,0,,0,112T2P,AVENUE L,6TH ST EAST,98,E,N,A,-,N,,,,,,,,,,N,4,0,1,2,A,-,11,21950,B,N,G,B,E,A,H,-,A,D,0,Y,,,,Y,,N,60,0,0,1,0,1,0,0,0,0,-,-,LOS ANGELES,LANCASTER,-118.1197448,34.66041296
8143913,2016,11/30/2016,1942,3/10/2016,2030,36911,1266,4,5,7,1942,0,0,0,L,0,25QL89,FIGUEROA ST,83RD ST,0,,N,A,-,N,,,,,,,,,,Y,4,0,1,2,D,-,0,,,N,H,A,E,A,H,-,C,D,0,Y,,,,Y,,-,-,0,0,1,0,1,0,0,0,0,-,-,LOS ANGELES,LOS ANGELES,-118.2827301,33.96415001
8143855,2016,1/9/2017,1942,10/26/2016,900,41545,331,3,5,7,1942,0,0,0,C,0,12T41,LABREDA AV,JEFFERSON BL,22,S,N,A,-,N,,,,,,,,,,N,4,0,1,2,C,-,18,,,N,G,B,E,A,H,-,A,D,0,Y,,,,Y,,-,-,0,0,1,0,1,0,0,0,0,-,-,LOS ANGELES,LOS ANGELES,,
8143851,2016,11/30/2016,1942,10/19/2016,1500,32372,1605,3,5,7,1942,0,0,0,P,0,35M37,PIERCE ST,TERRA VISTA WY,27,W,N,A,-,N,,,,,,,,,,N,3,0,1,2,A,-,11,21950,B,N,G,B,B,A,H,-,A,D,0,Y,,,,Y,,N,60,0,1,0,0,1,0,0,0,0,-,-,LOS ANGELES,LOS ANGELES,-118.3885382,34.28530226
8143801,2016,11/28/2016,1953,10/17/2016,618,7724,LACO,1,5,6,1953,0,0,0,,0,,ORANGE GROVE BL,COLORADO BL,0,,Y,C,-,N,,,,,,,,,,N,3,0,1,2,A,-,10,21950,A,N,G,B,B,B,H,-,C,A,0,Y,,,,Y,,I,20,0,1,0,0,1,0,0,0,0,-,-,LOS ANGELES,PASADENA,-118.1606901,34.14574002
8143781,2016,11/28/2016,1925,10/20/2016,1902,25751,PATRO,4,5,6,1925,0,0,0,,0,5,MONTROSE AV,LIBERTY,318,E,N,A,-,N,,,,,,,,,,N,2,0,1,3,A,-,8,22107,,N,A,B,E,A,H,-,C,D,0,Y,,,,Y,,A,1,1,0,0,0,1,0,0,0,0,-,-,LOS ANGELES,GLENDALE,-118.2463245,34.21991312
8143756,2016,11/14/2016,1942,9/18/2016,1450,37411,328,7,5,7,1942,0,0,0,C,0,3A99,32ND ST,UNIVERSITY AV,0,,Y,A,-,N,,,,,,,,,,N,3,0,1,2,A,-,12,22450,A,N,H,G,A,A,H,-,A,A,0,,Y,,,Y,,A,1,0,1,0,0,0,0,1,0,0,-,-,LOS ANGELES,LOS ANGELES,-118.2826401,34.02516004
8143749,2016,11/14/2016,1942,10/18/2016,750,33620,1749,2,5,7,1942,0,0,0,Q,0,19A7,HASKELL AV,CHATSWORTH ST,0,,Y,A,-,N,,,,,,,,,,N,4,0,1,2,A,-,9,21804,A,N,D,C,A,A,H,-,A,A,0,,Y,,,Y,,L,4,0,0,1,0,0,0,1,0,0,-,-,LOS ANGELES,LOS ANGELES,-118.4760101,34.26460007
8143737,2016,11/15/2016,1942,10/21/2016,1615,30947,952,5,5,7,1942,0,0,0,I,0,9A89,BURBANK BL,SEPULVEDA BL,310,E,N,A,-,N,,,,,,,,,,N,3,0,1,2,A,-,11,21955,,N,G,B,D,A,H,-,A,D,0,Y,,,,Y,,N,60,0,1,0,0,1,0,0,0,0,-,-,LOS ANGELES,LOS ANGELES,-118.465127,34.17209044
8143708,2016,11/14/2016,1972,9/30/2016,535,20783,,5,5,6,1972,0,0,0,,0,,190TH ST,HAWTHORNE,10,W,N,A,-,N,,,,,,,,,,N,4,0,1,2,A,-,11,21950,B,N,D,G,A,A,H,-,C,A,0,,Y,,,Y,,L,,0,0,1,0,0,0,1,0,0,-,-,LOS ANGELES,TORRANCE,-118.3537025,33.85825424
8143702,2016,11/14/2016,1942,10/9/2016,1440,,,7,5,7,1942,0,0,0,,0,21A42,DESERT,MULHOLLAND,0,,-,A,-,N,,,,,,,,,,N,3,0,1,2,A,-,11,21954,A,N,A,B,D,A,H,-,A,D,0,Y,,,,Y,,N,60,0,1,0,0,1,0,0,0,0,-,-,LOS ANGELES,LOS ANGELES,-118.6298501,34.15229009
8143690,2016,11/14/2016,1942,10/14/2016,1900,40006,1049,5,5,7,1942,0,0,0,J,0,10,BURBANK BL,WOODLEY AV,1536,W,N,A,-,N,,,,,,,,,,N,4,0,1,2,A,-,0,21760,B,N,B,G,A,A,H,-,D,D,0,,Y,,,Y,,A,1,0,0,1,0,0,0,1,0,0,-,-,LOS ANGELES,LOS ANGELES,-118.4802968,34.16982661
8143619,2016,12/8/2016,1955,10/18/2016,1400,42293,,2,5,6,1955,0,0,0,,0,1,2ND ST,HAMILTON ST,25,W,N,A,-,N,,,,,,,,,,N,4,0,1,3,A,-,12,21453,A,N,D,G,A,A,H,-,A,A,0,,Y,,,Y,,L,4,0,0,1,0,0,0,0,0,0,-,-,LOS ANGELES,POMONA,-117.7633123,34.057507
8143613,2016,12/1/2016,1942,9/27/2016,2140,32491,443,2,5,7,1942,0,0,0,D,0,,MARENGO ST,BRITTANIA ST,0,,N,A,-,N,,,,,,,,,,N,3,0,1,2,A,-,11,21954,A,N,G,B,D,A,H,-,C,D,0,Y,,,,Y,,N,60,0,1,0,0,1,0,0,0,0,-,-,LOS ANGELES,LOS ANGELES,-118.20842,34.05707004
8143571,2016,12/8/2016,1900,10/22/2016,1910,536332,53,6,5,6,1949,0,0,0,,0,43T1,IMPERIAL HWY,CURTIS AND KING RD,0,,Y,A,-,N,,,,,,,,,,N,3,0,1,2,A,-,0,21450,A,N,G,B,B,A,H,-,C,A,0,Y,,,,Y,,A,7,0,1,0,0,1,0,0,0,0,-,-,LOS ANGELES,NORWALK,-118.1080001,33.91726002
8143543,2016,12/8/2016,1942,10/22/2016,100,41668,1543,6,5,7,1942,0,0,0,O,0,15A22,CORTEEN PL,CORTEEN PL 5235,0,,N,A,-,N,,,,,,,,,,N,4,0,1,2,A,-,11,21956,A,N,G,C,E,A,H,-,C,D,0,Y,,,,Y,Y,N,60,0,0,1,0,1,0,0,0,0,-,-,LOS ANGELES,LOS ANGELES,,
8143494,2016,11/17/2016,1942,9/27/2016,1320,39010,165,2,5,7,1942,0,0,0,A,0,11TL21,6TH ST,MAPLE AV,30,W,N,A,-,N,,,,,,,,,,N,4,0,1,2,A,-,9,21804,,M,A,G,A,A,H,-,A,A,0,,Y,,,Y,,L,4,0,0,1,0,0,0,1,0,0,-,-,LOS ANGELES,LOS ANGELES,-118.2479894,34.04398902
8143357,2016,11/8/2016,1900,10/11/2016,1210,447537,622,2,5,6,1985,0,0,0,,0,64T1,MAGIC MOUNTAIN PKWY,CITRUS ST,345,E,N,A,-,N,,,,,,,,,,N,3,0,1,2,A,-,15,21201,A,N,D,G,A,A,H,-,A,D,0,,Y,,,Y,,L,4,0,1,0,0,0,0,1,0,0,-,-,LOS ANGELES,SANTA CLARITA,-118.5519376,34.41657476
8143321,2016,11/8/2016,1942,9/6/2016,805,33620,1913,2,5,7,1942,0,0,0,,0,19A7,DE GARMO AV,NURMI ST,105,S,N,B,-,N,,,,,,,,,,N,4,0,1,4,A,-,21,22106,,N,B,B,E,A,H,-,A,D,0,Y,,,,Y,,A,8,0,0,1,0,1,0,0,0,0,-,-,LOS ANGELES,LOS ANGELES,-118.4518642,34.30674536
8143282,2016,11/8/2016,1942,10/6/2016,2150,38050,1118,4,5,7,1942,0,0,0,K,0,24T34,MARMION WY,AVE 57,11,N,N,A,-,N,,,,,,,,,,N,2,0,1,2,A,-,11,21456,B,N,G,B,B,A,H,-,C,A,0,Y,,,,Y,,N,60,1,0,0,0,1,0,0,0,0,-,-,LOS ANGELES,LOS ANGELES,-118.1936386,34.11072509
8143276,2016,10/27/2016,1942,9/30/2016,815,37944,518,5,5,7,1942,0,0,0,,0,5A15,SANDISON ST,EUBANK AV,0,,Y,A,-,N,,,,,,,,,,N,4,0,1,2,A,-,10,21950,A,F,E,B,C,A,H,-,A,-,0,Y,,,,Y,,-,,0,0,1,0,1,0,0,0,0,-,-,LOS ANGELES,LOS ANGELES,-118.2564101,33.79373007
8143257,2016,10/26/2016,1942,7/29/2016,1800,39705,15A1,5,5,7,1942,0,0,0,O,0,1521,SHERMAN WAY,FULTON AV,0,,Y,A,-,N,,,,,,,,,,N,4,0,1,2,A,-,12,21453,A,N,G,G,A,A,H,-,A,A,0,,Y,,,Y,,-,,0,0,1,0,0,0,1,0,0,-,-,LOS ANGELES,LOS ANGELES,-118.42254,34.20120004
8143244,2016,10/28/2016,1942,9/21/2016,2145,42144,1942,3,5,7,1942,0,0,0,,0,13A9,LONG BEACH,20TH ST,0,,Y,A,-,N,,,,,,,,,,N,3,0,2,2,A,-,12,21453,A,N,B,G,A,A,-,-,C,A,0,,Y,,,Y,,-,-,0,1,1,0,0,0,1,0,0,-,-,LOS ANGELES,LOS ANGELES,-118.2431701,34.01879004
8143232,2016,10/28/2016,1942,9/23/2016,1950,42076,1391,5,5,7,1942,0,0,0,M,0,13A43,GAGE,W GAGE 340,0,,-,A,-,N,,,,,,,,,,N,4,0,1,2,D,-,0,,,N,G,B,E,A,H,-,C,D,0,Y,,,,Y,,-,-,0,0,1,0,1,0,0,0,0,-,-,LOS ANGELES,LOS ANGELES,,
8143225,2016,10/27/2016,1942,8/16/2016,2010,41407,246,2,5,7,1942,0,0,0,,0,A39,6TH ST,WESTLAKE AV,0,,Y,A,-,N,,,,,,,,,,N,4,0,1,2,A,-,9,21801,A,N,B,G,A,A,H,-,C,A,0,,Y,,,Y,,A,1,0,0,1,0,0,0,1,0,0,-,-,LOS ANGELES,LOS ANGELES,-118.2736601,34.0589901
8143195,2016,10/26/2016,1942,9/6/2016,900,36706,,2,5,7,1942,0,0,0,,0,9AS,SEPULVEDA PL,VICTORY BL,5,N,N,A,-,N,,,,,,,,,,N,3,0,1,2,A,-,5,21650,1,N,D,G,A,A,H,-,A,A,0,,Y,,,Y,,L,4,0,1,0,0,0,0,1,0,0,-,-,LOS ANGELES,LOS ANGELES,-118.46617,34.18667371
8143187,2016,10/26/2016,1953,10/3/2016,1115,1702,1953,1,5,6,1953,0,0,0,,0,1,DEL MAR BL,OAK KNOLL AV,0,,Y,A,-,N,,,,,,,,,,N,4,0,1,2,A,-,10,21950,A,N,G,B,B,A,H,-,A,A,0,Y,,,,Y,,-,,0,0,1,0,1,0,0,0,0,-,-,LOS ANGELES,PASADENA,-118.1351801,34.14040001
8143183,2016,10/26/2016,1942,9/6/2016,1215,40513,1151,2,5,7,1942,0,0,0,K,0,2A91,FOUNTAIN,RON HUBBARD WAY,0,,-,A,-,N,,,,,,,,,,N,4,0,1,2,A,-,10,21950,A,N,A,B,B,-,H,-,A,A,0,Y,,,,Y,,A,1,0,0,1,0,1,0,0,0,0,-,-,LOS ANGELES,LOS ANGELES,,
8143175,2016,10/26/2016,1942,9/1/2016,1515,37846,1118,4,5,7,1942,0,0,0,K,0,11A26,AVENUE 57,FIGUEROA,200,W,N,A,-,N,,,,,,,,,,N,4,0,1,2,A,-,21,22106,,F,B,B,E,A,H,-,A,D,0,Y,,,,Y,,-,-,0,0,1,0,1,0,0,0,0,-,-,LOS ANGELES,LOS ANGELES,-118.1931868,34.11003151
8143160,2016,10/27/2016,1942,8/27/2016,1745,38857,905,6,5,7,1942,0,0,0,I,0,17TL14,SHERMAN WAY,KESTER,325,E,N,A,-,N,,,,,,,,,,N,3,0,1,2,A,-,-,,,N,D,G,A,-,H,-,A,D,0,,Y,,,Y,,L,4,0,1,0,0,0,0,1,0,0,-,-,LOS ANGELES,LOS ANGELES,-118.4563871,34.20114
8143155,2016,10/26/2016,1900,9/29/2016,2300,609125,974,4,5,4,1979,0,0,0,,0,91T3,WILLOUGHBY AV,SIERRA BONITA AV,0,,Y,A,-,N,,,,,,,,,,Y,3,0,1,2,A,-,1,23152,A,N,D,G,A,A,H,-,C,A,0,,Y,,,Y,Y,A,7,0,1,0,0,0,0,1,0,0,-,-,LOS ANGELES,WEST HOLLYWOOD,-118.35427,34.08713005
8143124,2016,10/26/2016,1942,9/21/2016,630,42366,,3,5,7,1942,0,0,0,,0,9A89,VALLEY VISTA BL,DIXIE CANYON RD,0,,N,A,-,N,,,,,,,,,,N,4,0,1,1,A,-,3,22350,,N,H,J,A,A,H,-,A,A,0,,Y,,,Y,,L,4,0,0,1,0,0,0,1,0,0,-,-,LOS ANGELES,LOS ANGELES,-118.4248801,34.14367002
8142831,2016,10/19/2016,1942,9/12/2016,1130,37852,1321,1,5,7,1942,0,0,0,M,0,13A63,S GRAND AV,23RD ST,0,N,N,A,-,N,,,,,,,,,,N,4,0,1,2,A,-,11,21955,,N,G,B,D,A,H,-,A,A,0,Y,,,,Y,,N,60,0,0,1,0,1,0,0,0,0,-,-,LOS ANGELES,LOS ANGELES,-118.29026,33.72335009
8142812,2016,10/31/2016,1942,7/9/2016,1840,34426,205,6,5,7,1942,0,0,0,B,0,2T28,SUNSET BL,OCCIDENTAL BL,0,,Y,A,-,N,,,,,,,,,,N,3,0,1,2,A,-,17,22517,,N,H,E,A,A,H,-,A,D,0,,Y,,,Y,,A,1,0,1,0,0,0,0,1,0,0,-,-,LOS ANGELES,LOS ANGELES,-118.2720801,34.08204002
8142621,2016,10/28/2016,1942,9/22/2016,1745,38479,702,4,5,7,1942,0,0,0,G,0,7W68W7,MELROSE AV,GENESEE AV,5,W,N,A,-,N,,,,,,,,,,N,4,0,1,2,A,-,3,22350,,F,G,B,B,A,H,-,A,A,0,Y,,,,Y,,-,99,0,0,1,0,1,0,0,0,0,-,-,LOS ANGELES,LOS ANGELES,-118.3584465,34.08376
8142605,2016,10/28/2016,1942,9/27/2016,810,32438,787,2,5,7,1942,0,0,0,G,0,7A17,WASHINGTON BL,VICTORIA AV,0,,Y,A,-,N,,,,,,,,,,N,4,0,1,2,A,-,10,21950,A,N,A,B,D,A,H,-,A,D,0,Y,,,,Y,,A,1,0,0,1,0,1,0,0,0,0,-,-,LOS ANGELES,LOS ANGELES,-118.45968,33.98790011
8142597,2016,10/19/2016,1942,8/31/2016,2230,32501,1842,3,5,7,1942,0,0,0,R,0,18A41,FIGUEROA ST,IMPERIAL HWY,0,,Y,A,-,N,,,,,,,,,,N,4,0,1,2,A,-,11,21456,B,N,G,B,B,A,H,-,C,A,0,Y,,,,Y,Y,N,60,0,0,1,0,1,0,0,0,0,-,-,LOS ANGELES,LOS ANGELES,-118.2826001,33.9310001
8142593,2016,10/19/2016,1942,8/27/2016,1110,42115,1821,6,5,7,1942,0,0,0,R,0,18A49,HOOVER ST,95TH ST,10,S,N,A,-,N,,,,,,,,,,N,4,0,1,2,A,-,9,21804,A,N,H,G,A,A,H,-,A,D,0,,Y,,,Y,,L,4,0,0,1,0,0,0,1,0,0,-,-,LOS ANGELES,LOS ANGELES,-118.2869894,33.95008258
8142590,2016,10/28/2016,1942,9/17/2016,1545,39763,RD204,6,5,7,1942,0,0,0,,0,20A53,JAMES M WOOD BL,BERENDO ST,0,,Y,A,-,N,,,,,,,,,,N,3,0,1,2,A,-,12,22450,A,N,D,G,A,A,H,-,A,D,0,,Y,,,Y,,L,4,0,1,0,0,0,0,1,0,0,-,-,LOS ANGELES,LOS ANGELES,,
8142581,2016,10/28/2016,1942,9/20/2016,1820,41376,737,2,5,7,1942,0,0,0,G,0,7TL38,LA BREA AV,4TH ST,261,N,N,A,-,N,,,,,,,,,,Y,2,0,2,3,A,-,11,21955,,N,G,B,D,A,H,-,A,A,0,Y,,Y,,Y,,N,60,1,1,0,0,1,0,0,0,1,-,-,LOS ANGELES,LOS ANGELES,-118.3440432,34.0676058
8142570,2016,10/28/2016,1942,9/21/2016,810,41595,808,3,5,7,1942,0,0,0,H,0,8A29,BENEDICT CANYON RD,DECAMP DR,0,,Y,A,-,N,,,,,,,,,,N,3,0,1,2,A,-,9,21801,A,N,-,G,A,A,H,-,A,D,0,,Y,,,Y,,A,1,0,1,0,0,0,0,1,0,0,-,-,LOS ANGELES,LOS ANGELES,-118.4369401,34.10253003
8142567,2016,11/8/2016,1942,9/13/2016,1745,41592,2147,2,5,7,1942,0,0,0,,0,21A2,DE SOTO,SHERMAN AV,0,,Y,A,-,N,,,,,,,,,,N,3,0,1,2,D,-,0,,,N,G,B,F,A,H,-,A,D,0,Y,,,,Y,,-,-,0,1,0,0,1,0,0,0,0,-,-,LOS ANGELES,LOS ANGELES,-118.5884501,34.20112005
8142478,2016,2/18/2017,1916,6/23/2016,802,2113,W19C1,4,5,4,1916,0,0,0,,0,00W,BADILLO,AZUSA AV,0,,Y,A,-,Y,LA,7,39,-,-,1.12,I,5,N,N,4,0,1,2,A,-,5,21202,A,M,D,G,A,A,H,-,A,A,0,,Y,,,Y,,L,4,0,0,1,0,0,0,1,0,0,-,-,LOS ANGELES,COVINA,-117.9078501,34.08646005
8142474,2016,10/28/2016,1924,6/8/2016,1554,113167,G24,3,5,5,1924,0,0,0,,0,0G4,ROSECRANS AV,DENKER AV,30,W,N,A,-,N,,,,,,,,,,N,4,0,1,2,A,-,11,21954,A,N,G,B,D,A,H,-,A,A,0,Y,,,,Y,,N,60,0,0,1,0,1,0,0,0,0,-,-,LOS ANGELES,GARDENA,-118.3048886,33.90192241
8142466,2016,10/31/2016,1916,6/16/2016,749,1692,D40R1,4,5,4,1916,0,0,0,,0,DOWNTO,CITRUS AV,CYPRESS,0,,Y,A,-,N,,,,,,,,,,N,4,0,1,2,A,-,6,21951,,N,-,B,B,A,H,-,A,A,0,Y,,,,Y,,-,,0,0,1,0,1,0,0,0,0,-,-,LOS ANGELES,COVINA,-117.8902101,34.09576001
8142465,2016,10/26/2016,1924,7/29/2016,1331,77534,27,5,5,5,1924,0,0,0,,0,8L4D,VERMONT AV,149TH ST,2,S,N,A,-,N,,,,,,,,,,N,3,0,1,2,A,-,8,22100,B,N,H,G,A,A,H,-,A,D,0,,Y,,,Y,,L,4,0,1,0,0,0,0,1,0,0,-,-,LOS ANGELES,GARDENA,-118.2919698,33.89674452
8142253,2016,10/20/2016,1956,10/3/2016,949,1260,26,1,5,5,1956,0,0,0,,0,2,N PROSPECT AV,DIAMOND ST,63,N,N,A,-,N,,,,,,,,,,N,3,0,1,2,A,-,8,22107,,N,G,B,D,A,H,-,A,D,0,Y,,,,Y,,A,1,0,1,0,0,1,0,0,0,0,-,-,LOS ANGELES,REDONDO BEACH,-118.378939,33.85176002
8142160,2016,12/14/2016,1942,10/4/2016,623,38721,1493,2,5,7,1942,0,0,0,N,0,20T59,VISTA DEL MAR,IMPERIAL HWY,635,S,N,A,-,N,,,,,,,,,,N,4,0,1,2,A,-,8,22107,,N,C,G,A,A,H,-,C,D,0,,Y,,Y,Y,,F,21,0,0,1,0,0,0,1,0,0,-,-,LOS ANGELES,LOS ANGELES,-118.434216,33.92926227
8142043,2016,10/13/2016,1900,9/29/2016,1500,532438,1623,4,5,5,1977,0,0,0,,0,168T,FIGUEROA ST,VIA TESSERA,0,,Y,A,-,N,,,,,,,,,,N,3,0,1,2,A,-,9,21804,A,N,H,G,A,A,H,-,A,A,0,,Y,,,Y,,A,1,0,1,0,0,0,0,1,0,0,-,-,LOS ANGELES,CARSON,-118.2859701,33.8212301
8142039,2016,10/13/2016,1944,9/27/2016,1444,259,S BAY,2,5,4,1944,0,0,0,,0,2,MANHATTAN BEACH BL,OAK AV,0,,Y,A,-,N,,,,,,,,,,N,4,0,1,2,A,-,17,21663,,N,D,G,A,A,H,-,A,D,0,,Y,,,Y,,L,4,0,0,1,0,0,0,1,0,0,-,-,LOS ANGELES,MANHATTAN BEACH,-118.39697,33.88742009
8141985,2016,10/13/2016,1900,10/2/2016,1635,508443,1627,7,5,5,1977,0,0,0,,0,167T1,SCOTTSDALE SOUTH,CACTUS LN,10,W,N,A,-,N,,,,,,,,,,N,4,0,1,2,A,-,11,21954,A,N,G,B,D,A,H,-,A,D,0,Y,,,,Y,,N,60,0,0,1,0,1,0,0,0,0,-,-,LOS ANGELES,CARSON,-118.26312,33.81132
8141953,2016,10/13/2016,1941,10/3/2016,1515,10836,,1,5,7,1941,0,0,0,,0,,OCEAN BL,MAGNOLIA AV,0,,Y,A,-,N,,,,,,,,,,Y,3,0,1,2,A,-,12,21453,A,F,G,G,A,A,H,-,A,A,0,,Y,,,Y,,A,,0,1,0,0,0,0,1,0,0,-,-,LOS ANGELES,LONG BEACH,-118.19807,33.76739005
8141951,2016,10/12/2016,1942,10/1/2016,1405,35481,946,6,5,7,1942,0,0,0,I,0,10TL34,OXNARD ST,WOODMAN AV,0,,Y,A,-,N,,,,,,,,,,N,4,0,1,2,A,-,10,21950,A,F,G,B,B,A,H,-,A,B,0,Y,,,,Y,,-,99,0,0,1,0,1,0,0,0,0,-,-,LOS ANGELES,LOS ANGELES,-118.43124,34.17940007
8141823,2016,10/12/2016,1941,9/30/2016,1533,10546,,5,5,7,1941,0,0,0,,0,,ANAHEIM ST,ROSE AV,6,E,N,A,-,N,,,,,,,,,,N,4,0,1,2,A,-,12,22450,A,N,D,G,A,A,H,-,A,D,0,,Y,,,Y,,A,,0,0,1,0,0,0,1,0,0,-,-,LOS ANGELES,LONG BEACH,-118.1698403,33.78261
8141819,2016,10/13/2016,1941,9/29/2016,722,10931,,4,5,7,1941,0,0,0,,0,,BROADWAY,CERRITOS AV,0,,Y,A,-,N,,,,,,,,,,Y,4,0,1,2,A,-,12,22450,A,N,G,G,A,A,H,-,A,A,0,,Y,,,Y,,L,,0,0,1,0,0,0,1,0,0,-,-,LOS ANGELES,LONG BEACH,-118.17863,33.76870002
8141779,2016,10/12/2016,1941,9/30/2016,714,5761,,5,5,7,1941,0,0,0,,0,,ANAHEIM ST,MLK BL,3,E,N,A,-,N,,,,,,,,,,N,3,0,1,2,A,-,12,21453,A,N,-,B,B,A,H,-,A,A,0,Y,,,,Y,,A,,0,1,0,0,1,0,0,0,0,-,-,LOS ANGELES,LONG BEACH,-118.1806702,33.78261
8141775,2016,10/12/2016,1941,9/30/2016,1637,10915,,5,5,7,1941,0,0,0,,0,,HILL ST,MAGNOLIA AV,0,,Y,A,-,N,,,,,,,,,,N,4,0,1,2,A,-,10,21950,A,N,G,B,B,A,G,-,A,A,0,Y,,,,Y,,A,,0,0,1,0,1,0,0,0,0,-,-,LOS ANGELES,LONG BEACH,-118.19813,33.7971301
8141767,2016,10/12/2016,1941,9/30/2016,1431,10912,,5,5,7,1941,0,0,0,,0,,CHESTNUT AV,6TH ST,0,,Y,A,-,N,,,,,,,,,,N,4,0,1,2,A,-,12,21453,A,N,G,G,A,A,H,-,A,D,0,,Y,,,Y,,A,,0,0,1,0,0,0,1,0,0,-,-,LOS ANGELES,LONG BEACH,-118.1963601,33.77414002
8141763,2016,10/12/2016,1941,9/28/2016,1704,10005,,3,5,7,1941,0,0,0,,0,,MAGNOLIA AV,7TH ST,7,S,N,A,-,N,,,,,,,,,,N,4,0,1,2,A,-,10,21950,A,N,G,B,B,A,H,-,A,A,0,Y,,,,Y,,-,,0,0,1,0,1,0,0,0,0,-,-,LOS ANGELES,LONG BEACH,-118.19804,33.7753408
8141633,2016,10/12/2016,1931,8/17/2016,1705,5285,1931,3,5,5,1931,0,0,0,,0,3,PACIFIC BL,SATURN AV,0,,Y,A,-,N,,,,,,,,,,N,2,0,4,3,A,-,12,21453,A,N,H,C,F,A,H,-,A,A,0,Y,,,,Y,,A,1,1,1,2,0,1,0,0,0,0,-,-,LOS ANGELES,HUNTINGTON PARK,-118.22519,33.97691005