CASE_ID,ACCIDENT_YEAR,PROC_DATE,JURIS,COLLISION_DATE,COLLISION_TIME,OFFICER_ID,REPORTING_DISTRICT,DAY_OF_WEEK,CHP_SHIFT,POPULATION,CNTY_CITY_LOC,SPECIAL_COND,BEAT_TYPE,CHP_BEAT_TYPE,CITY_DIVISION_LAPD,CHP_BEAT_CLASS,BEAT_NUMBER,PRIMARY_RD,SECONDARY_RD,DISTANCE,DIRECTION,INTERSECTION,WEATHER_1,WEATHER_2,STATE_HWY_IND,CALTRANS_COUNTY,CALTRANS_DISTRICT,STATE_ROUTE,ROUTE_SUFFIX,POSTMILE_PREFIX,POSTMILE,LOCATION_TYPE,RAMP_INTERSECTION,SIDE_OF_HWY,TOW_AWAY,COLLISION_SEVERITY,NUMBER_KILLED,NUMBER_INJURED,PARTY_COUNT,PRIMARY_COLL_FACTOR,PCF_CODE_OF_VIOL,PCF_VIOL_CATEGORY,PCF_VIOLATION,PCF_VIOL_SUBSECTION,HIT_AND_RUN,TYPE_OF_COLLISION,MVIW,PED_ACTION,ROAD_SURFACE,ROAD_COND_1,ROAD_COND_2,LIGHTING,CONTROL_DEVICE,CHP_ROAD_TYPE,PEDESTRIAN_ACCIDENT,BICYCLE_ACCIDENT,MOTORCYCLE_ACCIDENT,TRUCK_ACCIDENT,NOT_PRIVATE_PROPERTY,ALCOHOL_INVOLVED,STWD_VEHTYPE_AT_FAULT,CHP_VEHTYPE_AT_FAULT,COUNT_SEVERE_INJ,COUNT_VISIBLE_INJ,COUNT_COMPLAINT_PAIN,COUNT_PED_KILLED,COUNT_PED_INJURED,COUNT_BICYCLIST_KILLED,COUNT_BICYCLIST_INJURED,COUNT_MC_KILLED,COUNT_MC_INJURED,PRIMARY_RAMP,SECONDARY_RAMP,COUNTY,CITY,LONGITUDE,LATITUDE
8137721,2016,10/12/2016,1900,9/30/2016,1720,520726,530,5,5,5,1959,0,0,0,,0,53T1PM,MISSION DR,ENCINITA AV,12,W,N,A,-,N,,,,,,,,,,N,4,0,1,2,D,-,0,,,N,G,B,B,A,H,-,A,A,0,Y,,,,Y,,-,-,0,0,1,0,1,0,0,0,0,-,-,LOS ANGELES,ROSEMEAD,-118.0676774,34.08254069
8137704,2016,10/13/2016,1925,8/31/2016,700,26164,169,3,5,6,1925,0,0,0,,0,1,CENTRAL AV,FAIRVIEW AV,55,N,N,A,-,N,,,,,,,,,,N,4,0,1,2,A,-,5,21202,A,N,D,G,A,A,H,-,A,D,0,,Y,,,Y,Y,L,4,0,0,1,0,0,0,1,0,0,-,-,LOS ANGELES,GLENDALE,-118.2568963,34.1606104
8137600,2016,12/5/2016,1942,8/10/2016,2145,37739,1963,3,5,7,1942,0,0,0,,0,19A1,WOODMAN AV,VAN NUYS BL,445,S,N,B,-,N,,,,,,,,,,N,4,0,1,2,A,-,4,21703,,N,D,C,A,A,H,-,C,-,0,,Y,,,Y,,-,-,0,0,1,0,0,0,1,0,0,-,-,LOS ANGELES,LOS ANGELES,-118.4474758,34.24600867
8137590,2016,12/6/2016,1942,8/21/2016,1620,42098,2143,7,5,7,1942,0,0,0,,0,21A43,FALLBROOK AV,VANOWEN ST,48,S,N,A,B,N,,,,,,,,,,N,3,0,1,2,A,-,9,21804,A,N,D,G,A,A,H,-,A,D,0,,Y,,,Y,,A,1,0,1,0,0,0,0,1,0,0,-,-,LOS ANGELES,LOS ANGELES,-118.62341,34.19358832
8137576,2016,10/11/2016,1920,8/31/2016,1717,10133,,3,5,6,1920,0,0,0,,0,4,TELEGRAPH RD,LINDELL AV,0,,Y,A,-,N,,,,,,,,,,N,4,0,1,2,A,-,10,21950,A,N,G,B,B,A,H,-,A,D,0,Y,,,,Y,,A,1,0,0,1,0,1,0,0,0,0,-,-,LOS ANGELES,DOWNEY,-118.1093001,33.96044008
8137562,2016,10/11/2016,1942,8/15/2016,155,41749,2126,1,5,7,1942,0,0,0,,0,21A73,DE SOTO AV,INGOMAR,420,N,N,A,-,N,,,,,,,,,,N,3,0,1,2,A,-,11,21955,,N,A,B,D,A,H,-,C,B,0,Y,,,,Y,,N,60,0,1,0,0,1,0,0,0,0,-,-,LOS ANGELES,LOS ANGELES,-118.5884819,34.21306217
8137546,2016,10/11/2016,1942,8/24/2016,2205,34252,1999,3,5,7,1942,0,0,0,,0,19X8,SATICOY ST,VENTURA CANYON AV,12,W,N,A,-,N,,,,,,,,,,N,3,0,1,2,A,-,10,21950,A,N,G,B,B,A,H,-,C,A,0,Y,,,,Y,,A,1,0,1,0,0,1,0,0,0,0,-,-,LOS ANGELES,LOS ANGELES,-118.4287996,34.20943172
8137538,2016,10/11/2016,1942,8/16/2016,1900,112234,1915,2,5,7,1942,0,0,0,,0,19A1,GLENOAKS AV,HUBBARD ST,0,,Y,A,-,N,,,,,,,,,,N,4,0,1,2,A,-,9,21801,A,N,-,G,A,A,H,-,B,A,0,,Y,,,Y,,A,1,0,0,1,0,0,0,1,0,0,-,-,LOS ANGELES,LOS ANGELES,-118.4392301,34.29949001
8137510,2016,10/11/2016,1967,10/1/2016,2228,117,904,6,5,2,1967,0,0,0,,0,NORTH,SPRING,CALIFORNIA AV,0,,Y,A,-,N,,,,,,,,,,N,3,0,1,2,A,-,12,21453,A,N,H,G,A,A,H,-,C,A,0,,Y,,,Y,,L,4,0,1,0,0,0,0,1,0,0,-,-,LOS ANGELES,SIGNAL HILL,-118.1806901,33.81167003
8137359,2016,10/10/2016,1941,9/28/2016,708,5839,,3,5,7,1941,0,0,0,,0,,ANAHEIM ST,OREGON AV,0,W,N,A,-,N,,,,,,,,,,N,2,0,1,2,A,-,4,21703,,N,G,G,A,A,H,-,A,D,0,,Y,,,Y,,A,,1,0,0,0,0,0,1,0,0,-,-,LOS ANGELES,LONG BEACH,-118.2009801,33.78281002
8137355,2016,10/10/2016,1941,9/27/2016,1322,5609,,2,5,7,1941,0,0,0,,0,,SANTA FE AV,SANTA FE AV 2066,0,,N,A,-,N,,,,,,,,,,N,4,0,1,2,B,-,22,,,N,G,B,F,A,H,-,A,D,0,Y,,,,Y,,M,,0,0,1,0,1,0,0,0,0,-,-,LOS ANGELES,LONG BEACH,,
8137351,2016,10/10/2016,1941,9/29/2016,805,5129,,4,5,7,1941,0,0,0,,0,,LAKEWOOD,CARSON ST,8,S,N,A,-,N,,,,,,,,,,N,3,0,1,2,A,-,10,21950,A,N,D,G,A,A,H,-,A,A,0,,Y,,,Y,,A,,0,1,0,0,0,0,1,0,0,-,-,LOS ANGELES,LONG BEACH,-118.14264,33.83238806
8137348,2016,10/10/2016,1920,9/9/2016,726,11992,,5,5,6,1920,0,0,0,,0,6,PARAMOUNT BL,BURNS AV,100,N,N,B,-,N,,,,,,,,,,N,3,0,1,2,A,-,9,21804,A,N,G,B,F,A,H,-,A,A,0,Y,,,,Y,,A,1,0,1,0,0,1,0,0,0,0,-,-,LOS ANGELES,DOWNEY,-118.1386048,33.94184694
8137344,2016,11/8/2016,1920,9/8/2016,1246,12476,,4,5,6,1920,0,0,0,,0,6,IMPERIAL HWY,BARLIN AV,385,E,N,A,-,N,,,,,,,,,,N,3,0,1,2,A,-,9,21804,A,N,G,G,A,A,H,-,A,D,0,,Y,,,Y,,A,1,0,1,0,0,0,0,1,0,0,-,-,LOS ANGELES,DOWNEY,-118.1399438,33.91761054
8137336,2016,10/10/2016,1920,9/8/2016,1054,10705,,4,5,6,1920,0,0,0,,0,1,BELLFLOWER BL,WASHBURN RD,15,S,N,A,-,N,,,,,,,,,,N,4,0,1,2,A,-,17,21451,A,N,D,G,A,A,H,-,A,A,0,,Y,,,Y,,-,,0,0,1,0,0,0,1,0,0,-,-,LOS ANGELES,DOWNEY,-118.12543,33.92424887
8137326,2016,10/11/2016,1942,9/30/2016,2100,40054,1782,5,5,7,1942,0,0,0,Q,0,10T35,TAMPA AV,BUSINESS CENTER DR,10,S,N,A,-,N,,,,,,,,,,Y,3,0,1,2,A,-,1,23152,A,F,G,B,B,-,H,-,C,A,0,Y,,,,Y,,A,1,0,1,0,0,1,0,0,0,0,-,-,LOS ANGELES,LOS ANGELES,-118.5535494,34.23093257
8137306,2016,12/5/2016,1941,9/29/2016,1540,10916,,4,5,7,1941,0,0,0,,0,,17TH ST,CEDAR AV,0,,Y,A,-,N,,,,,,,,,,N,4,0,1,2,A,-,12,22450,A,N,B,G,A,A,H,-,A,A,0,,Y,,,Y,,-,-,0,0,1,0,0,0,1,0,0,-,-,LOS ANGELES,LONG BEACH,-118.1950501,33.78806001
8137302,2016,10/11/2016,1941,9/28/2016,1821,10931,,3,5,7,1941,0,0,0,,0,,CHERRY AV,4TH ST,9,S,N,A,-,N,,,,,,,,,,Y,3,0,1,2,A,-,10,21950,A,N,G,B,B,A,H,-,A,A,0,Y,,,,Y,,A,,0,1,0,0,1,0,0,0,0,-,-,LOS ANGELES,LONG BEACH,,
8137298,2016,10/11/2016,1941,9/29/2016,721,10953,,4,5,7,1941,0,0,0,,0,,15TH ST,CHERRY AV,75,W,N,A,-,N,,,,,,,,,,N,3,0,1,2,A,-,11,21954,A,N,G,B,E,A,H,-,A,D,0,Y,,,,Y,,N,,0,1,0,0,1,0,0,0,0,-,-,LOS ANGELES,LONG BEACH,-118.1679163,33.78623228
8137290,2016,10/11/2016,1941,9/28/2016,835,5620,,3,5,7,1941,0,0,0,,0,,ARTESIA BL,MURIEL AV,0,,Y,A,-,N,,,,,,,,,,N,4,0,1,2,A,-,5,21650,1,N,A,G,A,A,H,-,A,D,0,,Y,,,Y,,L,,0,0,1,0,0,0,1,0,0,-,-,LOS ANGELES,LONG BEACH,-118.20054,33.87436003
8137286,2016,12/5/2016,1941,9/28/2016,1330,10951,,3,5,7,1941,0,0,0,,0,,ANAHEIM ST,CHESTNUT AV,0,,N,A,-,N,,,,,,,,,,N,4,0,1,2,D,-,0,,,F,-,G,A,A,H,-,A,D,0,,Y,,,Y,Y,-,-,0,0,1,0,0,0,1,0,0,-,-,LOS ANGELES,LONG BEACH,-118.1963501,33.7826001
8137283,2016,10/10/2016,1920,9/12/2016,1030,10705,,1,5,6,1920,0,0,0,,0,5,FIRESTONE BL,MYRTLE ST,0,,Y,A,-,N,,,,,,,,,,N,4,0,1,2,A,-,9,21804,A,N,D,G,A,A,H,-,A,A,0,,Y,,,Y,,L,4,0,0,1,0,0,0,1,0,0,-,-,LOS ANGELES,DOWNEY,-118.13662,33.94201011
8136917,2016,10/12/2016,1942,8/18/2016,1510,38751,MISN,4,5,7,1942,0,0,0,,0,1998,ROSCOE,LENNOX,100,W,N,A,-,N,,,,,,,,,,N,4,0,1,2,A,-,0,21760,C,N,B,G,A,A,H,-,A,D,0,,Y,,,Y,,D,22,0,0,1,0,0,0,1,0,0,-,-,LOS ANGELES,LOS ANGELES,-118.4462902,34.22158
8136691,2016,10/7/2016,1942,9/9/2016,925,38706,2033,5,5,7,1942,0,0,0,,0,20A13,JAMES M WOOD BL,WESTERN AV,10,E,N,A,-,N,,,,,,,,,,N,3,0,1,2,A,-,10,21950,A,N,G,B,B,A,H,-,A,A,0,Y,,,,Y,,A,1,0,1,0,0,1,0,0,0,0,-,-,LOS ANGELES,LOS ANGELES,,
8136679,2016,10/7/2016,1942,9/9/2016,1615,39035,2093,5,5,7,1942,0,0,0,,0,20EL2,WESTERN AV,WASHINGTON BL,0,,Y,A,-,N,,,,,,,,,,N,4,0,1,2,A,-,10,21950,A,N,G,B,B,A,H,-,A,A,0,Y,,,,Y,,A,7,0,0,1,0,1,0,0,0,0,-,-,LOS ANGELES,LOS ANGELES,-118.3089901,34.03992004
8136675,2016,10/7/2016,1942,9/9/2016,2035,40957,2023,5,5,7,1942,0,0,0,,0,20A13,4TH ST,WESTERN AV,0,,Y,A,-,N,,,,,,,,,,N,3,0,1,2,A,-,12,21453,A,N,H,G,A,A,H,-,C,A,0,,Y,,,Y,,-,-,0,1,0,0,0,0,1,0,0,-,-,LOS ANGELES,LOS ANGELES,-118.3091101,34.06714009
8136667,2016,10/7/2016,1942,9/16/2016,1120,39763,2063,5,5,7,1942,0,0,0,,0,20A53,S WESTERN AV,HARRINGTON AV,0,,Y,A,-,N,,,,,,,,,,N,3,0,1,2,A,-,9,21801,A,N,D,H,A,A,H,-,A,D,0,,Y,,,Y,,A,1,0,1,0,0,0,0,1,0,0,-,-,LOS ANGELES,LOS ANGELES,-118.3090501,34.04992011
8136657,2016,10/7/2016,1942,8/9/2016,930,40008,417,2,5,7,1942,0,0,0,D,0,2TL25,LINCOLN HIGH DR,NORTH BROADWAY,5,W,N,A,-,N,,,,,,,,,,N,3,0,1,2,A,-,10,21950,A,N,D,B,B,A,H,-,A,A,0,Y,,,,Y,,A,1,0,1,0,0,1,0,0,0,0,-,-,LOS ANGELES,LOS ANGELES,-118.19965,34.07389
8136637,2016,10/7/2016,1942,9/13/2016,205,36602,2034,2,5,7,1942,0,0,0,,0,20T59,8TH ST,ARDMORE AV,5,W,N,B,-,N,,,,,,,,,,N,4,0,1,2,A,-,8,22107,,N,H,G,A,A,H,-,C,D,0,,Y,,,Y,,A,1,0,0,1,0,0,0,1,0,0,-,-,LOS ANGELES,LOS ANGELES,-118.3020265,34.0577
8136629,2016,10/7/2016,1942,9/9/2016,1730,40164,2088,5,5,7,1942,0,0,0,,0,20TL56,VENICE BL,MAGNOLIA AV,0,,Y,A,-,N,,,,,,,,,,N,3,0,1,2,A,-,9,21801,A,N,D,G,A,A,H,-,A,A,0,,Y,,,Y,,A,1,0,1,0,0,0,0,1,0,0,-,-,LOS ANGELES,LOS ANGELES,-118.2863801,34.04427002
8136581,2016,10/7/2016,1942,9/9/2016,1700,39082,1141,5,5,7,1942,0,0,0,K,0,11A12,VERMONT,FINLEY,5,N,N,A,-,N,,,,,,,,,,N,2,0,1,2,A,-,10,21950,A,N,G,B,B,-,H,-,A,A,0,Y,,,,Y,,A,1,1,0,0,0,1,0,0,0,0,-,-,LOS ANGELES,LOS ANGELES,-118.2918,34.10769371
8136576,2016,10/7/2016,1907,9/24/2016,1504,211,1,6,5,4,1907,0,0,0,,0,,CLARKSON ST,RANDOLPH ST,6,S,N,A,-,N,,,,,,,,,,N,4,0,1,2,A,-,5,21650,1,M,D,G,A,A,H,-,A,D,0,,Y,,,Y,,L,4,0,0,1,0,0,0,1,0,0,-,-,LOS ANGELES,BELL,-118.1875624,33.98144367
8136572,2016,10/7/2016,1907,9/14/2016,1418,233,3,3,5,4,1907,0,0,0,,0,,EASTERN AV,BANDINI AV,483,N,N,A,-,N,,,,,,,,,,N,3,0,1,2,A,-,5,21650,1,N,H,G,A,A,H,-,A,D,0,,Y,,,Y,,L,4,0,1,0,0,0,0,1,0,0,-,-,LOS ANGELES,BELL,-118.16117,33.99196
8136554,2016,10/11/2016,1942,8/24/2016,730,38594,1871,3,5,7,1942,0,0,0,R,0,18A49,FIGUEROA ST,ROSECRANS AV,5,S,N,A,-,N,,,,,,,,,,N,3,0,1,2,A,-,8,22100,A,N,B,G,A,A,H,-,A,A,0,,Y,,,Y,,-,,0,1,0,0,0,0,1,0,0,-,-,LOS ANGELES,LOS ANGELES,-118.2827816,33.90187636
8136538,2016,10/11/2016,1942,8/25/2016,545,40151,1824,4,5,7,1942,0,0,0,R,0,50E,103RD ST,COMPTON AV,0,,Y,A,-,N,,,,,,,,,,N,3,0,1,2,A,-,2,21654,A,N,-,B,B,A,H,-,B,A,0,Y,,,,Y,Y,N,60,0,1,0,0,1,0,0,0,0,-,-,LOS ANGELES,LOS ANGELES,-118.24621,33.9432301
8136534,2016,10/11/2016,1942,8/25/2016,1850,39062,422,4,5,7,1942,0,0,0,D,0,1T11,MANITOU AV,HANCOCK ST,0,,Y,A,-,N,,,,,,,,,,N,3,0,1,2,A,-,11,21950,B,N,G,B,B,A,H,-,A,A,0,Y,,,,Y,,N,60,0,1,0,0,1,0,0,0,0,-,-,LOS ANGELES,LOS ANGELES,-118.2090701,34.07196009
8136526,2016,12/10/2016,1942,8/28/2016,1450,31255,2027,7,5,7,1942,0,0,0,,0,6TL2,NEW HAMPSHIRE AV,WILSHIRE BL,230,S,N,A,-,N,,,,,,,,,,N,4,0,1,2,A,-,9,21804,A,N,D,G,A,A,H,-,A,D,0,,Y,,,Y,,-,-,0,0,1,0,0,0,1,0,0,-,-,LOS ANGELES,LOS ANGELES,-118.2928969,34.06115922
8136523,2016,12/9/2016,1942,8/26/2016,1155,40171,1834,5,5,7,1942,0,0,0,R,0,,106TH ST,AVALON,0,,Y,A,-,N,,,,,,,,,,N,4,0,1,2,A,-,10,21950,A,N,B,B,B,A,H,-,A,D,0,Y,,,,Y,,-,,0,0,1,0,1,0,0,0,0,-,-,LOS ANGELES,LOS ANGELES,-118.26518,33.94015009
8136510,2016,10/11/2016,1942,8/16/2016,145,34257,471,2,5,7,1942,0,0,0,D,0,4A15,4TH ST,ANDERSON,10,W,N,A,-,N,,,,,,,,,,Y,4,0,1,2,A,-,3,22350,A,N,E,I,F,A,H,-,C,A,0,Y,,,,Y,Y,A,1,0,0,1,0,1,0,0,0,0,-,-,LOS ANGELES,LOS ANGELES,-118.225501,34.04229077
8136506,2016,12/10/2016,1942,8/8/2016,1250,42159,413,1,5,7,1942,0,0,0,D,0,4A3,GRIFFIN AV,AVENUE 33,5,N,N,A,-,N,,,,,,,,,,N,4,0,1,2,A,-,21,22106,,N,G,G,A,A,H,-,A,D,0,,Y,,,Y,,-,,0,0,1,0,0,0,1,0,0,-,-,LOS ANGELES,LOS ANGELES,-118.2119542,34.08317325
8136490,2016,10/11/2016,1907,8/30/2016,550,226,,2,5,4,1907,0,0,0,,0,,GIFFORD AV,BELL AV,0,,Y,A,-,N,,,,,,,,,,N,2,0,1,2,-,-,-,,,F,A,B,D,A,H,-,C,D,0,Y,,,,Y,,-,-,1,0,0,0,1,0,0,0,0,-,-,LOS ANGELES,BELL,-118.19448,33.97517004
8136287,2016,10/5/2016,1955,9/14/2016,618,40590,98,3,5,6,1955,0,0,0,,0,3,HOLT AV,INDIAN HILL BL,0,,Y,A,-,N,,,,,,,,,,N,4,0,1,2,A,-,10,21950,A,N,G,B,B,A,H,-,A,A,0,Y,,,,Y,,A,1,0,0,1,0,1,0,0,0,0,-,-,LOS ANGELES,POMONA,-117.7192,34.06321003
8135983,2016,10/5/2016,1942,7/15/2016,1210,41214,LOS A,5,5,7,1942,0,0,0,,0,1267,83RD ST,VERMONT AV,90,E,N,A,-,N,,,,,,,,,,N,3,0,1,3,A,-,17,22517,,N,B,C,A,A,H,-,A,A,0,,Y,,,Y,,A,1,0,1,0,0,0,0,1,0,0,-,-,LOS ANGELES,LOS ANGELES,-118.2915338,33.96365
8135963,2016,10/5/2016,1955,7/13/2016,1350,S005,,3,5,6,1955,0,0,0,,0,,SOUTH CAMPUS DR,KELLOGG DR,0,,Y,A,-,N,,,,,,,,,,N,3,0,1,2,A,-,10,21950,A,N,G,B,B,A,H,-,A,A,0,Y,,,,Y,,A,1,0,1,0,0,1,0,0,0,0,-,-,LOS ANGELES,POMONA,-117.8137001,34.0538001
8135959,2016,10/5/2016,1942,7/3/2016,218,41442,1256,7,5,7,1942,0,0,0,L,0,,FLORENCE ST,HOOVER ST,0,,Y,A,-,N,,,,,,,,,,N,3,0,1,2,A,-,9,21801,A,F,G,G,A,A,H,-,C,A,0,,Y,,,Y,,-,99,0,1,0,0,0,0,1,0,0,-,-,LOS ANGELES,LOS ANGELES,-118.2871101,33.97464011
8135957,2016,10/6/2016,1900,9/18/2016,1920,484625,1133,7,5,6,1992,0,0,0,,0,112T2P,CHALLENGER WY,AVENUE J-3,155,N,N,A,-,N,,,,,,,,,,N,3,0,1,2,A,-,11,21954,A,N,G,B,D,A,H,-,C,D,0,Y,,,,Y,,N,60,0,1,0,0,1,0,0,0,0,-,-,LOS ANGELES,LANCASTER,,
8135941,2016,10/6/2016,1900,9/19/2016,1655,523031,522,1,5,4,1971,0,0,0,,0,52FAMS,BROADWAY,ENCINITA AV,4,W,N,B,-,N,,,,,,,,,,N,3,0,1,2,A,-,5,21202,A,N,D,G,A,A,H,-,-,A,0,,Y,,,Y,,L,4,0,1,0,0,0,0,1,0,0,-,-,LOS ANGELES,TEMPLE CITY,-118.0679128,34.0992375
8135938,2016,11/16/2016,1900,9/21/2016,1310,531921,521,3,5,4,1971,0,0,0,,0,52T1PM,RT 164,LONGDEN AV,0,S,N,A,-,N,,,,,,,,,,N,3,0,1,2,A,-,8,22107,,N,D,G,A,A,H,-,A,D,0,,Y,,,Y,,A,1,0,1,0,0,0,0,1,0,0,-,-,LOS ANGELES,TEMPLE CITY,,
8135926,2016,10/7/2016,1900,7/31/2016,1835,602372,1132,7,5,6,1992,0,0,0,,0,111T1,IVYTON ST,5TH ST EAST,0,,Y,A,-,N,,,,,,,,,,N,3,0,1,2,A,-,3,22350,,F,G,B,D,B,H,-,A,D,0,Y,,,,Y,,-,,0,1,0,0,1,0,0,0,0,-,-,LOS ANGELES,LANCASTER,-118.1215401,34.70302008
8135911,2016,11/17/2016,1941,9/26/2016,1456,10939,,1,5,7,1941,0,0,0,,0,,12TH ST,LONG BEACH BL,0,,Y,A,-,N,,,,,,,,,,N,4,0,1,2,A,-,10,21952,,M,G,B,-,A,H,-,A,D,0,Y,,,,Y,,A,,0,0,1,0,1,0,0,0,0,-,-,LOS ANGELES,LONG BEACH,-118.1894701,33.78142005
8135831,2016,10/5/2016,1900,8/17/2016,1300,546182,1137,3,5,6,1992,0,0,0,,0,112T2,30TH ST E,AVENUE K-4,0,,Y,A,-,N,,,,,,,,,,N,3,0,1,2,A,-,12,22450,A,F,H,G,A,A,H,-,A,A,0,,Y,,,Y,,A,1,0,1,0,0,0,0,1,0,0,-,-,LOS ANGELES,LANCASTER,-118.07686,34.67158012
8135825,2016,10/5/2016,1941,9/23/2016,836,6049,,5,5,7,1941,0,0,0,,0,,SALT LAKE,MARTIN LUTHER KING AV,0,,Y,A,-,N,,,,,,,,,,N,3,0,2,3,A,-,10,21950,A,F,G,B,-,A,H,-,A,D,0,Y,,,,Y,,D,,0,2,0,0,2,0,0,0,0,-,-,LOS ANGELES,LONG BEACH,-118.18069,33.79621007
8135803,2016,10/6/2016,1942,8/2/2016,1920,40053,1823,2,5,7,1942,0,0,0,R,0,3T57,SAN PEDRO ST,94TH ST,6,S,N,A,-,N,,,,,,,,,,N,4,0,1,2,A,-,10,21950,A,F,G,B,B,A,H,-,A,A,0,Y,,,,Y,,-,99,0,0,1,0,1,0,0,0,0,-,-,LOS ANGELES,LOS ANGELES,-118.2695398,33.95106355
8135799,2016,10/6/2016,1942,8/3/2016,1450,40971,1827,3,5,7,1942,0,0,0,R,0,12TL41,CENTURY BL,WILMINGTON AV,8,E,N,A,-,N,,,,,,,,,,N,3,0,1,2,A,-,10,21950,A,F,G,B,C,A,H,-,A,A,0,Y,,,,Y,,-,99,0,1,0,0,1,0,0,0,0,-,-,LOS ANGELES,LOS ANGELES,-118.2389937,33.94565136
8135790,2016,12/10/2016,1941,9/26/2016,1705,6145,,1,5,7,1941,0,0,0,,0,,ROSE,7TH ST,0,,Y,A,-,N,,,,,,,,,,N,4,0,1,2,A,-,-,,,N,G,B,D,A,H,-,A,A,0,Y,,,,Y,,-,-,0,0,1,0,1,0,0,0,0,-,-,LOS ANGELES,LONG BEACH,-118.1698601,33.77535001
8135779,2016,10/6/2016,1942,8/15/2016,1902,36722,1293,1,5,7,1942,0,0,0,L,0,25EL3,CENTURY BL,WESTERN AV,114,E,N,A,-,N,,,,,,,,,,N,4,0,1,2,A,-,0,21954,,N,D,B,D,A,H,-,A,A,0,Y,,,,Y,,N,60,0,0,1,0,1,0,0,0,0,-,-,LOS ANGELES,LOS ANGELES,-118.3086549,33.94545605
8135772,2016,10/6/2016,1942,8/21/2016,1850,41072,1832,7,5,7,1942,0,0,0,R,0,12T41,104TH ST,WALL ST,58,E,N,A,-,N,,,,,,,,,,N,3,0,1,2,A,-,11,21954,A,N,G,B,D,A,H,-,A,D,0,Y,,,,Y,,N,60,0,1,0,0,1,0,0,0,0,-,-,LOS ANGELES,LOS ANGELES,-118.2715192,33.94194112
8135768,2016,11/22/2016,1942,8/3/2016,1530,42358,1267,3,5,7,1942,0,0,0,L,0,12A69,83RD ST,FIGUEROA ST,7,E,N,A,-,N,,,,,,,,,,N,4,0,1,2,A,-,12,21453,A,N,G,G,A,A,H,-,A,A,0,,Y,,,Y,,-,,0,0,1,0,0,0,1,0,0,-,-,LOS ANGELES,LOS ANGELES,-118.282707,33.96415018
8135753,2016,10/5/2016,1900,9/21/2016,1700,446793,530,3,5,5,1959,0,0,0,,0,53T1P,LOMA AV,VALLEY BL,0,,Y,A,-,N,,,,,,,,,,N,4,0,1,2,A,-,3,22350,,N,C,G,A,A,H,-,A,-,0,,Y,,,Y,,A,1,0,0,1,0,0,0,1,0,0,-,-,LOS ANGELES,ROSEMEAD,-118.0688301,34.08100003
8135751,2016,10/6/2016,1941,9/24/2016,2142,10656,,6,5,7,1941,0,0,0,,0,,ATLANTIC AV,46TH ST,0,,Y,A,-,N,,,,,,,,,,N,4,0,1,2,A,-,3,22350,,N,-,-,-,A,H,-,C,-,0,Y,,,,Y,,-,,0,0,1,0,1,0,0,0,0,-,-,LOS ANGELES,LONG BEACH,-118.18521,33.84261003
8135737,2016,10/5/2016,1900,9/17/2016,2232,446793,532,6,5,5,1959,0,0,0,,0,53T1PM,JACKSON AV,HIGHCLIFF ST,0,,Y,A,-,N,,,,,,,,,,N,4,0,1,2,A,-,9,21801,A,N,H,G,A,A,H,-,C,A,0,,Y,,,Y,,L,4,0,0,1,0,0,0,1,0,0,-,-,LOS ANGELES,ROSEMEAD,-118.1036901,34.05670005
8135736,2016,10/5/2016,1941,9/2/2016,1535,6265,,5,5,7,1941,0,0,0,,0,,ANAHEIM ST,CHERRY AV,0,,Y,A,-,N,,,,,,,,,,N,4,0,1,2,A,-,11,21456,B,N,-,B,B,A,H,-,A,A,0,Y,,,,Y,,N,,0,0,1,0,1,0,0,0,0,-,-,LOS ANGELES,LONG BEACH,-118.16766,33.78261011
8135712,2016,10/5/2016,1941,9/27/2016,1600,6067,,2,5,7,1941,0,0,0,,0,,ORANGE AV,19TH ST,0,,Y,A,-,N,,,,,,,,,,N,4,0,1,2,A,-,12,21452,B,N,B,B,B,A,H,-,A,D,0,Y,,,,Y,Y,N,,0,0,1,0,1,0,0,0,0,-,-,LOS ANGELES,LONG BEACH,-118.17631,33.79128006
8135683,2016,10/5/2016,1941,9/16/2016,2025,10977,,5,5,7,1941,0,0,0,,0,,E 60TH ST,N MYRTLE AVE,0,,Y,A,-,N,,,,,,,,,,N,3,0,1,2,A,-,12,22450,A,N,D,G,A,A,H,-,D,A,0,,Y,,,Y,,L,,0,1,0,0,0,0,1,0,0,-,-,LOS ANGELES,LONG BEACH,-118.1820801,33.86371007
8135682,2016,10/5/2016,1941,9/25/2016,1205,10911,,7,5,7,1941,0,0,0,,0,,BIXBY RD,CHERRY AV,0,,Y,A,-,N,,,,,,,,,,N,3,0,1,2,A,-,9,21801,A,N,D,G,A,A,H,-,A,A,0,,Y,,,Y,,A,,0,1,0,0,0,0,1,0,0,-,-,LOS ANGELES,LONG BEACH,-118.1677401,33.82669007
8135626,2016,11/16/2016,1900,9/24/2016,816,471285,521,6,5,4,1971,0,0,0,,0,52T1AM,RT 164,GARIBALDI AV,9,S,N,A,-,N,,,,,,,,,,N,3,0,1,2,A,-,12,21453,A,F,D,G,A,A,H,-,A,A,0,,Y,,,Y,,D,22,0,1,0,0,0,0,1,0,0,-,-,LOS ANGELES,TEMPLE CITY,,
8135579,2016,10/6/2016,1942,8/10/2016,2015,35723,1125,3,5,7,1942,0,0,0,K,0,11A1,YORK,AVENUE 50,6,E,N,A,-,N,,,,,,,,,,N,3,0,1,2,A,-,11,21456,B,N,D,B,B,A,H,-,C,A,0,Y,,,,Y,,N,60,0,1,0,0,1,0,0,0,0,-,-,LOS ANGELES,LOS ANGELES,-118.2068707,34.12147627