CASE_ID,ACCIDENT_YEAR,PROC_DATE,JURIS,COLLISION_DATE,COLLISION_TIME,OFFICER_ID,REPORTING_DISTRICT,DAY_OF_WEEK,CHP_SHIFT,POPULATION,CNTY_CITY_LOC,SPECIAL_COND,BEAT_TYPE,CHP_BEAT_TYPE,CITY_DIVISION_LAPD,CHP_BEAT_CLASS,BEAT_NUMBER,PRIMARY_RD,SECONDARY_RD,DISTANCE,DIRECTION,INTERSECTION,WEATHER_1,WEATHER_2,STATE_HWY_IND,CALTRANS_COUNTY,CALTRANS_DISTRICT,STATE_ROUTE,ROUTE_SUFFIX,POSTMILE_PREFIX,POSTMILE,LOCATION_TYPE,RAMP_INTERSECTION,SIDE_OF_HWY,TOW_AWAY,COLLISION_SEVERITY,NUMBER_KILLED,NUMBER_INJURED,PARTY_COUNT,PRIMARY_COLL_FACTOR,PCF_CODE_OF_VIOL,PCF_VIOL_CATEGORY,PCF_VIOLATION,PCF_VIOL_SUBSECTION,HIT_AND_RUN,TYPE_OF_COLLISION,MVIW,PED_ACTION,ROAD_SURFACE,ROAD_COND_1,ROAD_COND_2,LIGHTING,CONTROL_DEVICE,CHP_ROAD_TYPE,PEDESTRIAN_ACCIDENT,BICYCLE_ACCIDENT,MOTORCYCLE_ACCIDENT,TRUCK_ACCIDENT,NOT_PRIVATE_PROPERTY,ALCOHOL_INVOLVED,STWD_VEHTYPE_AT_FAULT,CHP_VEHTYPE_AT_FAULT,COUNT_SEVERE_INJ,COUNT_VISIBLE_INJ,COUNT_COMPLAINT_PAIN,COUNT_PED_KILLED,COUNT_PED_INJURED,COUNT_BICYCLIST_KILLED,COUNT_BICYCLIST_INJURED,COUNT_MC_KILLED,COUNT_MC_INJURED,PRIMARY_RAMP,SECONDARY_RAMP,COUNTY,CITY,LONGITUDE,LATITUDE
8129844,2016,11/15/2016,1902,8/30/2016,808,668,26,2,5,5,1902,0,0,0,,0,5,CAMINO REAL AV,MELANIE LN,0,,Y,A,-,N,,,,,,,,,,N,2,0,1,2,-,-,-,,,N,G,B,D,A,H,-,A,D,0,Y,,,,Y,,-,-,1,0,0,0,1,0,0,0,0,-,-,LOS ANGELES,ARCADIA,-118.0538001,34.12239002
8129825,2016,10/28/2016,1941,9/13/2016,909,5839,,2,5,7,1941,0,0,0,,0,4,LONG BEACH BL,RT 1,45,S,N,A,-,N,,,,,,,,,,Y,3,0,1,3,A,-,3,22350,,F,E,-,F,A,H,-,A,D,0,Y,,,,Y,,A,,0,1,0,0,1,0,0,0,0,-,-,LOS ANGELES,LONG BEACH,-118.18948,33.76796659
8129820,2016,9/22/2016,1902,9/8/2016,1507,668,26,4,5,5,1902,0,0,0,,0,4,DUARTE RD,LOVELL AV,0,,Y,A,-,N,,,,,,,,,,N,3,0,1,2,A,-,6,21951,,N,G,B,B,-,H,-,A,D,0,Y,,,,Y,,-,,0,1,0,0,1,0,0,0,0,-,-,LOS ANGELES,ARCADIA,-118.0513001,34.12661007
8129816,2016,9/22/2016,1955,9/8/2016,803,30354,51,4,5,6,1955,0,0,0,,0,1,HAMILTON BL,3RD ST,125,S,N,A,-,N,,,,,,,,,,Y,4,0,1,2,D,-,0,,,N,D,G,A,A,H,-,A,A,0,,Y,,,Y,,-,-,0,0,1,0,0,0,1,0,0,-,-,LOS ANGELES,POMONA,-117.7631786,34.0562375
8129806,2016,9/26/2016,1956,9/7/2016,737,1192,27,3,5,5,1956,0,0,0,,0,2,CARNELIAN ST,MARIA AV,5,W,N,A,-,N,,,,,,,,,,N,4,0,1,2,A,-,9,21802,A,N,D,G,A,A,H,-,A,A,0,,Y,,,Y,,A,7,0,0,1,0,0,0,1,0,0,-,-,LOS ANGELES,REDONDO BEACH,-118.382212,33.8515806
8129798,2016,9/26/2016,1956,9/7/2016,1842,1325,5,3,5,5,1956,0,0,0,,0,1,S PROSPECT,PALOS VERDES BL,0,,Y,A,-,N,,,,,,,,,,N,4,0,1,2,A,-,9,21804,A,N,D,G,A,A,H,-,B,A,0,,Y,,,Y,Y,L,4,0,0,1,0,0,0,1,0,0,-,-,LOS ANGELES,REDONDO BEACH,-118.3768901,33.82292006
8129787,2016,9/22/2016,1942,9/10/2016,2150,42334,1684,6,5,7,1942,0,0,0,P,0,19A93,LAUREL CANYON,ROSCOE BL,2,S,N,A,-,N,,,,,,,,,,N,3,0,1,2,A,-,12,21453,A,F,G,B,B,A,H,-,C,A,0,Y,,,,Y,Y,-,99,0,1,0,0,1,0,0,0,0,-,-,LOS ANGELES,LOS ANGELES,-118.3965101,34.22164452
8129779,2016,9/22/2016,1942,9/11/2016,2130,37304,1511,7,5,7,1942,0,0,0,O,0,21TL65,SHERMAN WY,FULTON AV,296,W,N,A,-,N,,,,,,,,,,N,3,0,1,2,A,-,7,21658,A,F,G,B,D,A,H,-,C,D,0,Y,,,,Y,,-,99,0,1,0,0,1,0,0,0,0,-,-,LOS ANGELES,LOS ANGELES,-118.4235171,34.2012
8129759,2016,11/17/2016,1953,8/16/2016,1811,1190,1953,2,5,6,1953,0,0,0,,0,3,E MOUNTAIN ST,MOUNTAIN ST,75,E,N,A,-,N,,,,,,,,,,N,4,0,1,2,A,-,-,,,F,B,G,A,A,H,-,A,D,0,,Y,,,Y,,-,-,0,0,1,0,0,0,1,0,0,-,-,LOS ANGELES,PASADENA,-118.1503626,34.16146
8129735,2016,9/27/2016,1953,8/1/2016,923,3165,1953,1,5,6,1953,0,0,0,,0,2,WASHINGTON BL,RAYMOND AV,0,,Y,A,-,N,,,,,,,,,,N,3,0,1,2,A,-,10,21950,A,N,B,B,B,A,H,-,A,A,0,Y,,,,Y,,D,22,0,1,0,0,1,0,0,0,0,-,-,LOS ANGELES,PASADENA,-118.14908,34.16883011
8129727,2016,9/27/2016,1953,8/13/2016,1615,7035,1953,6,5,6,1953,0,0,0,,0,1,COLUMBIA ST,ORANGE GROVE BL,0,,Y,A,-,N,,,,,,,,,,N,3,0,1,2,A,-,8,22107,,N,D,G,A,A,H,-,A,A,0,,Y,,,Y,,D,22,0,1,0,0,0,0,1,0,0,-,-,LOS ANGELES,PASADENA,-118.15799,34.12404005
8129590,2016,9/27/2016,1942,8/7/2016,2210,41925,1249,7,5,7,1942,0,0,0,L,0,3T5,FIGUEROA ST,62ND ST,95,N,N,A,-,N,,,,,,,,,,Y,3,0,1,3,A,-,0,21954,,N,G,B,D,A,H,-,C,D,0,Y,,,,Y,,N,60,0,1,0,0,1,0,0,0,0,-,-,LOS ANGELES,LOS ANGELES,-118.2826762,33.98351049
8129552,2016,9/23/2016,1907,9/6/2016,1029,226,2,2,5,4,1907,0,0,0,,0,,GAGE AV,SPACE 74,0,,Y,A,-,N,,,,,,,,,,N,4,0,1,2,A,-,21,22106,,N,G,B,F,A,H,-,A,D,0,Y,,,,Y,,A,1,0,0,1,0,1,0,0,0,0,-,-,LOS ANGELES,BELL,,
8129548,2016,9/23/2016,1907,9/7/2016,2100,234,1,3,5,4,1907,0,0,0,,0,,FLORENCE AV,EASTERN AV,300,W,N,A,-,N,,,,,,,,,,N,4,0,1,2,A,-,3,22350,,N,G,B,C,A,H,-,C,A,0,Y,,,,Y,,A,1,0,0,1,0,1,0,0,0,0,-,-,LOS ANGELES,BELL,-118.1658412,33.96795102
8129537,2016,9/26/2016,1942,8/16/2016,1900,41056,316,2,5,7,1942,0,0,0,C,0,12T41,25TH ST,CONGRESS AV,4,E,N,A,-,N,,,,,,,,,,N,4,0,1,2,A,-,9,21802,A,N,G,B,B,A,H,-,A,A,0,Y,,,,Y,,D,22,0,0,1,0,1,0,0,0,0,-,-,LOS ANGELES,LOS ANGELES,-118.3024268,34.03368012
8129500,2016,9/23/2016,1942,8/8/2016,1510,40869,1266,1,5,7,1942,0,0,0,L,0,12TL41,81ST ST,FIGUEROA ST,315,W,N,A,-,N,,,,,,,,,,N,3,0,1,2,A,-,3,22350,,F,C,G,A,A,H,-,A,D,0,,Y,,,Y,,-,99,0,1,0,0,0,0,1,0,0,-,-,LOS ANGELES,LOS ANGELES,-118.28272,33.96594
8129438,2016,9/23/2016,1942,6/12/2016,2110,41122,566,7,5,7,1942,0,0,0,E,0,5459,7TH ST,PALOS VERDES DR,0,,Y,A,-,N,,,,,,,,,,N,3,0,1,2,A,-,12,22450,A,N,D,G,A,A,H,-,C,A,0,,Y,,,Y,,L,4,0,1,0,0,0,0,1,0,0,-,-,LOS ANGELES,LOS ANGELES,-118.2814201,33.73786009
8129434,2016,9/23/2016,1942,6/8/2016,645,39170,513,3,5,7,1942,0,0,0,E,0,5A59,NORMANDIE AV,LOMITA BL,0,,Y,A,-,N,,,,,,,,,,N,4,0,1,2,A,-,10,21950,A,F,G,B,B,A,H,-,A,A,0,Y,,,,Y,,-,99,0,0,1,0,1,0,0,0,0,-,-,LOS ANGELES,LOS ANGELES,-118.2974701,33.79785008
8129429,2016,9/23/2016,1963,6/8/2016,2232,341,238,3,5,3,1963,0,0,0,,0,TWO,DEL MAR AV,HUNTINGTON DR,0,,Y,A,-,N,,,,,,,,,,N,2,0,1,2,A,-,8,22107,,F,H,G,A,A,H,-,C,A,0,,Y,,,Y,,-,99,1,0,0,0,0,0,1,0,0,-,-,LOS ANGELES,SAN MARINO,-118.10043,34.12382004
8129425,2016,9/23/2016,1963,6/12/2016,1135,329,223,7,5,3,1963,0,0,0,,0,2,HUNTINGTON DR,VIRGINIA RD,0,,Y,B,-,N,,,,,,,,,,N,3,0,1,2,A,-,0,21456,1,N,G,B,B,A,H,-,A,A,0,Y,,,,Y,,N,60,0,1,0,0,1,0,0,0,0,-,-,LOS ANGELES,SAN MARINO,-118.1177001,34.11776003
8129423,2016,9/23/2016,1924,7/15/2016,1841,113166,19,5,5,5,1924,0,0,0,,0,0G2,ROSECRANS AV,BUDLONG AV,13,N,N,A,-,N,,,,,,,,,,N,2,0,1,2,A,-,10,21950,A,N,G,B,B,A,H,-,A,A,0,Y,,,,Y,,A,1,1,0,0,0,1,0,0,0,0,-,-,LOS ANGELES,GARDENA,-118.29608,33.90196
8129422,2016,12/12/2016,1942,6/8/2016,2225,41439,513,3,5,7,1942,0,0,0,E,0,12T41,VERMONT AV,LOMITA BL,0,,Y,A,-,N,,,,,,,,,,N,3,0,1,2,A,-,9,21453,C,F,A,G,A,A,H,-,C,A,0,,Y,,,Y,,-,99,0,1,0,0,0,0,1,0,0,-,-,LOS ANGELES,LOS ANGELES,-118.2908801,33.79783001
8129382,2016,9/23/2016,1963,6/6/2016,2131,324,101,1,5,3,1963,0,0,0,,0,ONE,LOS ROBLES AV,MISSION ST,118,N,N,A,-,N,,,,,,,,,,N,3,0,1,1,A,-,3,22350,,N,E,H,A,A,H,-,C,D,0,,Y,,,Y,,L,4,0,1,0,0,0,0,1,0,0,-,-,LOS ANGELES,SAN MARINO,-118.13811,34.11650496
8129334,2016,9/23/2016,1942,7/25/2016,230,25132,393,1,5,7,1942,0,0,0,,0,3A1,CRENSHAW BL,43RD PL,30,N,N,-,-,N,,,,,,,,,,N,3,0,1,2,A,-,-,,,F,-,-,-,-,-,-,-,-,0,Y,,,,Y,,-,-,0,1,0,0,1,0,0,0,0,-,-,LOS ANGELES,LOS ANGELES,-118.3325571,34.00415142
8129326,2016,9/23/2016,1942,7/20/2016,1700,41957,362,3,5,7,1942,0,0,0,C,0,3A34,MARTIN LUTHER KING BL,COLISEUM,30,W,N,A,-,N,,,,,,,,,,N,4,0,1,2,A,-,9,21801,A,N,A,G,A,A,H,-,A,A,0,,Y,,,Y,,A,1,0,0,1,0,0,0,1,0,0,-,-,LOS ANGELES,LOS ANGELES,-118.3460493,34.01752906
8129318,2016,9/23/2016,1942,7/25/2016,45,34777,333,1,5,7,1942,0,0,0,C,0,18A97,W JEFFERSON BL,VIRGINIA RD,0,,Y,A,-,N,,,,,,,,,,N,3,0,1,2,A,-,10,21950,A,F,G,B,B,A,H,-,C,D,0,Y,,,,Y,,-,99,0,1,0,0,1,0,0,0,0,-,-,LOS ANGELES,LOS ANGELES,-118.3394801,34.02557006
8129314,2016,9/23/2016,1942,7/28/2016,1015,40717,LOSAN,4,5,7,1942,0,0,0,,0,3A99,FIGUEROA ST,MARTIN LUTHER KING BL,0,,Y,A,-,N,,,,,,,,,,N,3,0,1,2,A,-,11,21954,A,F,A,B,D,A,H,-,A,A,0,Y,,,,Y,,-,99,0,1,0,0,1,0,0,0,0,-,-,LOS ANGELES,LOS ANGELES,-118.28274,34.01113007
8129200,2016,9/26/2016,1953,9/3/2016,1230,7791,1953,6,5,6,1953,0,0,0,,0,5,WALNUT ST,OAKLAND AV,50,E,N,A,-,N,,,,,,,,,,N,3,0,1,2,A,-,9,21804,A,F,E,G,A,A,H,-,A,D,0,,Y,,,Y,,A,1,0,1,0,0,0,0,1,0,0,-,-,LOS ANGELES,PASADENA,-118.1397751,34.14955
8129124,2016,9/26/2016,1953,9/6/2016,1855,3116,1953,2,5,6,1953,0,0,0,,0,2,WHEELER ALLEY,MOUNTAIN ST,100,S,N,A,-,N,,,,,,,,,,N,2,0,1,2,A,-,3,22350,,F,D,G,A,A,H,-,B,D,0,,Y,,,Y,Y,A,1,1,0,0,0,0,0,1,0,0,-,-,LOS ANGELES,PASADENA,-118.1498339,34.16118583
8129104,2016,9/26/2016,1953,8/6/2016,1318,9851,,6,5,6,1953,0,0,0,,0,,492 ARROYO BL,ARROYO BL,0,,Y,A,-,N,,,,,,,,,,N,3,0,1,2,A,-,3,22350,,N,C,G,A,A,H,-,A,D,0,,Y,,,Y,,L,4,0,1,0,0,0,0,1,0,0,-,-,LOS ANGELES,PASADENA,,
8129099,2016,9/26/2016,1948,8/29/2016,729,398,1948,1,5,5,1948,0,0,0,,0,1,AVENIDA CESAR CHAVEZ,BLEAKWOOD AV,5,E,N,A,-,N,,,,,,,,,,N,3,0,1,2,A,-,9,21800,A,N,D,G,A,A,H,-,A,D,0,,Y,,,Y,,L,4,0,1,0,0,0,0,1,0,0,-,-,LOS ANGELES,MONTEREY PARK,-118.1550535,34.04048981
8129096,2016,9/26/2016,1953,8/12/2016,1342,3165,1953,5,5,6,1953,0,0,0,,0,1,ARROYO PKWY,FILMORE ST,0,,Y,A,-,N,,,,,,,,,,N,4,0,1,2,A,-,0,21461,,N,-,B,B,A,H,-,A,A,0,Y,,,,Y,,N,60,0,0,1,0,1,0,0,0,0,-,-,LOS ANGELES,PASADENA,-118.14739,34.13296009
8129064,2016,9/26/2016,1953,8/27/2016,748,7081,1953,6,5,6,1953,0,0,0,,0,2,EL MOLINO AV,SANTA BARBARA ST,10,E,N,A,-,N,,,,,,,,,,N,3,0,1,2,A,-,8,22107,,N,A,G,A,A,H,-,A,A,0,,Y,,,Y,,A,1,0,1,0,0,0,0,1,0,0,-,-,LOS ANGELES,PASADENA,-118.13697,34.15553
8129056,2016,9/26/2016,1953,8/16/2016,732,5607,CA019,2,5,6,1953,0,0,0,,0,,LOS ROBLES AV,PRESCOTT ST,100,N,N,A,-,N,,,,,,,,,,N,3,0,1,2,A,-,11,21956,A,N,G,B,D,A,H,-,A,D,0,Y,,,,Y,,N,60,0,1,0,0,1,0,0,0,0,-,-,LOS ANGELES,PASADENA,-118.1416331,34.1679242
8128898,2016,9/26/2016,1953,8/18/2016,1736,5416,PASAD,4,5,6,1953,0,0,0,,0,3,COLORADO BL,SIERRA MADRE BL,0,,Y,A,-,N,,,,,,,,,,N,4,0,1,2,A,-,9,21801,A,N,D,G,A,A,H,-,A,A,0,,Y,,,Y,,A,1,0,0,1,0,0,0,1,0,0,-,-,LOS ANGELES,PASADENA,-118.10176,34.14608008
8128894,2016,9/26/2016,1953,8/31/2016,1645,3833,1953,3,5,6,1953,0,0,0,,0,3,FOOTHILL BL,CRAIG AV,500,E,N,A,-,N,,,,,,,,,,N,4,0,1,2,A,-,9,21804,A,N,D,G,A,A,H,-,A,D,0,,Y,,,Y,,L,4,0,0,1,0,0,0,1,0,0,-,-,LOS ANGELES,PASADENA,-118.1045836,34.14954874
8128876,2016,9/26/2016,1963,2/3/2016,831,319,224,3,5,3,1963,0,0,0,,0,TWO,WEST RD,LORAIN RD,0,,Y,A,-,N,,,,,,,,,,N,3,0,1,2,A,-,10,21950,A,N,G,G,A,A,H,-,A,A,0,,Y,,,Y,,A,7,0,1,0,0,0,0,1,0,0,-,-,LOS ANGELES,SAN MARINO,-118.1113801,34.1146601
8128868,2016,9/26/2016,1900,2/10/2016,1620,528299,1363,3,5,5,1952,0,0,0,,0,136A,SOMERSET BL,EL CAMINO AV,0,,Y,A,-,N,,,,,,,,,,N,4,0,1,2,A,-,5,21202,A,M,H,G,A,A,H,-,A,A,0,,Y,,,Y,,L,,0,0,1,0,0,0,1,0,0,-,-,LOS ANGELES,PARAMOUNT,-118.1797001,33.89633004
8128860,2016,9/26/2016,1963,2/23/2016,1826,284,127,2,5,3,1963,0,0,0,,0,ONE,CAMBRIDGE RD,MONTEREY RD,0,,Y,A,-,N,,,,,,,,,,N,3,0,1,2,A,-,10,21950,C,N,G,B,B,A,H,-,C,A,0,Y,,,,Y,,A,7,0,1,0,0,1,0,0,0,0,-,-,LOS ANGELES,SAN MARINO,-118.1133001,34.12136002
8128713,2016,9/27/2016,1933,9/2/2016,2202,959,13,5,5,6,1933,0,0,0,,0,3,79TH ST,VAN NESS AV,75,W,N,B,-,N,,,,,,,,,,N,2,0,1,2,A,-,1,23152,A,N,G,B,F,A,H,-,C,A,0,Y,,,,Y,,A,1,1,0,0,0,1,0,0,0,0,-,-,LOS ANGELES,INGLEWOOD,-118.3179969,33.96726
8128701,2016,9/27/2016,1933,9/3/2016,2300,959,17,6,5,6,1933,0,0,0,,0,2,LA BREA AV,CENTURY BL,0,,Y,A,-,N,,,,,,,,,,N,2,0,1,2,A,-,11,21453,D,N,G,B,B,A,H,-,C,A,0,Y,,,,Y,,N,60,1,0,0,0,1,0,0,0,0,-,-,LOS ANGELES,INGLEWOOD,-118.3527301,33.94544003
8128698,2016,9/27/2016,1933,8/18/2016,1544,587,18,4,5,6,1933,0,0,0,,0,2,PRAIRIE AV,ARBOR VITAE ST,0,,Y,A,-,N,,,,,,,,,,N,4,0,1,2,A,-,10,21950,A,N,G,B,B,A,H,-,A,A,0,Y,,,,Y,,A,1,0,0,1,0,1,0,0,0,0,-,-,LOS ANGELES,INGLEWOOD,-118.3439501,33.95272008
8128685,2016,9/27/2016,1933,9/7/2016,2313,1009,4,3,5,6,1933,0,0,0,,0,4,LEMOLI AV,111TH ST,0,,Y,A,-,N,,,,,,,,,,N,4,0,1,2,A,-,12,22450,A,N,G,G,A,A,H,-,A,D,0,,Y,,,Y,,L,4,0,0,1,0,0,0,1,0,0,-,-,LOS ANGELES,INGLEWOOD,-118.33043,33.93483005
8128681,2016,9/27/2016,1933,9/1/2016,1942,1008,5,4,5,6,1933,0,0,0,,0,1,PRAIRIE AV,FLORENCE AV,0,,Y,A,-,N,,,,,,,,,,N,4,0,1,2,A,-,8,22107,,N,G,B,E,A,H,-,C,A,0,Y,,,,Y,,A,8,0,0,1,0,1,0,0,0,0,-,-,LOS ANGELES,INGLEWOOD,-118.3441101,33.97128005
8128672,2016,9/29/2016,1928,9/12/2016,1737,365,519,1,5,5,1928,0,0,0,,0,3,135TH ST,INGLEWOOD AV,40,W,N,A,-,N,,,,,,,,,,N,3,0,1,3,A,-,8,22107,,N,B,G,A,A,H,-,B,A,0,,Y,,Y,Y,,L,4,0,1,0,0,0,0,1,0,0,-,-,LOS ANGELES,HAWTHORNE,-118.36129,33.90984
8128670,2016,9/27/2016,1933,8/31/2016,1752,959,2,3,5,6,1933,0,0,0,,0,1,HYDE PARK BL,WELTON WY,0,,Y,A,-,N,,,,,,,,,,N,4,0,1,2,A,-,10,21950,A,N,G,B,B,A,H,-,A,A,0,Y,,,,Y,,A,1,0,0,1,0,1,0,0,0,0,-,-,LOS ANGELES,INGLEWOOD,-118.3475701,33.97611004
8128667,2016,9/27/2016,1933,8/3/2016,1637,924,10,3,5,6,1933,0,0,0,,0,1,HILLCREST BL,QUEEN ST,0,,Y,A,-,N,,,,,,,,,,N,4,0,1,2,A,-,11,21955,,N,G,B,D,A,H,-,A,D,0,Y,,,,Y,Y,N,60,0,0,1,0,1,0,0,0,0,-,-,LOS ANGELES,INGLEWOOD,-118.3487201,33.96260008
8128662,2016,9/27/2016,1933,8/30/2016,1402,826,29,2,5,6,1933,0,0,0,,0,3,CRENSHAW BL,ARBOR VITAE ST N,4,N,N,A,-,N,,,,,,,,,,N,3,0,1,2,A,-,12,21453,A,N,H,G,A,A,H,-,A,A,0,,Y,,,Y,,L,4,0,1,0,0,0,0,1,0,0,-,-,LOS ANGELES,INGLEWOOD,-118.3267203,33.95235097
8128658,2016,11/16/2016,1933,8/26/2016,2155,959,6,5,5,6,1933,0,0,0,,0,1,FLORENCE AV,CENTINELA AV,405,E,N,A,-,N,,,,,,,,,,N,4,0,1,2,A,-,14,21201,D,F,H,G,A,A,H,-,C,A,0,,Y,,,Y,,L,4,0,0,1,0,0,0,1,0,0,-,-,LOS ANGELES,INGLEWOOD,-118.3460624,33.97036618
8128646,2016,9/27/2016,1933,8/22/2016,1712,924,4,1,5,6,1933,0,0,0,,0,1,VICTOR AV,VENICE WY,500,N,N,A,-,N,,,,,,,,,,N,4,0,1,2,A,-,5,21650,1,N,G,G,A,A,H,-,A,D,0,,Y,,,Y,,L,4,0,0,1,0,0,0,1,0,0,-,-,LOS ANGELES,INGLEWOOD,-118.3661376,33.97193818
8128596,2016,9/27/2016,1931,9/4/2016,1425,5196,1931,7,5,5,1931,0,0,0,,0,1,SLAUSON AV,PACIFIC BL,309,E,N,A,-,N,,,,,,,,,,N,3,0,2,3,A,-,11,21955,,N,G,B,D,A,H,-,A,A,0,Y,,,,Y,,N,60,0,1,1,0,2,0,0,0,0,-,-,LOS ANGELES,HUNTINGTON PARK,-118.2241928,33.98919
8128526,2016,9/26/2016,1928,9/12/2016,1611,324,516,1,5,5,1928,0,0,0,,0,503,139TH ST,PRAIRIE AV N,100,E,N,A,-,N,,,,,,,,,,N,3,0,1,2,A,-,11,21956,A,N,B,B,E,A,H,-,A,B,0,Y,,,,Y,,N,60,0,1,0,0,1,0,0,0,0,-,-,LOS ANGELES,HAWTHORNE,-118.3435411,33.90556
8128425,2016,9/29/2016,1933,8/8/2016,1032,826,2,1,5,6,1933,0,0,0,,0,25,PRAIRIE AV,CENTURY BL,6,S,N,A,-,N,,,,,,,,,,N,4,0,1,2,A,-,17,21663,,N,H,G,A,A,H,-,A,A,0,,Y,,,Y,,L,4,0,0,1,0,0,0,1,0,0,-,-,LOS ANGELES,INGLEWOOD,-118.34395,33.94543354
8128409,2016,9/29/2016,1933,8/23/2016,942,812,10,2,5,6,1933,0,0,0,,0,1,MANCHESTER BL,LA BREA AV,0,,Y,A,-,N,,,,,,,,,,N,4,0,1,2,A,-,5,21650,,N,H,G,A,A,H,-,A,A,0,,Y,,Y,Y,,L,4,0,0,1,0,0,0,1,0,0,-,-,LOS ANGELES,INGLEWOOD,-118.3533401,33.96177006
8128396,2016,9/27/2016,1942,8/27/2016,1025,41438,4206,6,5,7,1942,0,0,0,,0,615,LAKE HOLLYWOOD DR,WONDER VIEW DR,2000,S,N,B,-,N,,,,,,,,,,N,3,0,1,2,A,-,8,22103,,N,D,G,A,A,H,-,A,-,0,,Y,Y,,Y,,C,6,0,1,0,0,0,0,1,0,0,-,-,LOS ANGELES,LOS ANGELES,-118.33842,34.13215
8128392,2016,11/17/2016,1942,8/29/2016,1800,42295,657,1,5,7,1942,0,0,0,F,0,6A44,SANTA MONICA BL,SAINT ANDREWS PL,119,E,N,A,-,N,,,,,,,,,,N,3,0,1,2,A,-,-,,,N,G,G,A,-,H,-,A,D,0,,Y,,,Y,,-,-,0,1,0,0,0,0,1,0,0,-,-,LOS ANGELES,LOS ANGELES,-118.3109978,34.09076784
8128147,2016,9/28/2016,1955,9/9/2016,831,42194,8,5,5,6,1955,0,0,0,,0,1,GAREY AV,CENTER ST,30,N,N,A,-,N,,,,,,,,,,N,4,0,1,2,A,-,8,22107,,N,D,G,A,A,H,-,A,D,0,,Y,,,Y,,L,4,0,0,1,0,0,0,1,0,0,-,-,LOS ANGELES,POMONA,-117.7502825,34.0615022
8128108,2016,9/28/2016,1955,9/12/2016,1520,40624,35,1,5,6,1955,0,0,0,,0,2,ARMOUR ST,FLANDERS AV,0,,Y,A,-,N,,,,,,,,,,N,4,0,1,2,A,-,11,21950,B,N,G,B,B,A,H,-,A,D,0,Y,,Y,,Y,,N,60,0,0,1,0,1,0,0,0,0,-,-,LOS ANGELES,POMONA,-117.7550901,34.08661009
8128017,2016,9/29/2016,1900,9/6/2016,1310,430275,1617,2,5,5,1977,0,0,0,,0,160T,MAIN ST,TORRANCE BL,21,S,N,A,-,N,,,,,,,,,,N,4,0,1,2,A,-,10,21950,A,N,G,B,B,A,H,-,A,A,0,Y,,,,Y,,D,22,0,0,1,0,1,0,0,0,0,-,-,LOS ANGELES,CARSON,-118.2799368,33.84205247
8128014,2016,9/30/2016,1900,9/17/2016,1944,500762,2116,6,5,5,1943,0,0,0,,0,212T3,LONG BEACH BL,BURTON AV,25,N,N,A,-,N,,,,,,,,,,N,2,0,1,2,A,-,11,21954,A,F,G,B,D,A,H,-,C,A,0,Y,,,,Y,,N,60,1,0,0,0,1,0,0,0,0,-,-,LOS ANGELES,LYNWOOD,-118.2093639,33.91593848
8128009,2016,9/30/2016,1900,8/31/2016,1630,532438,1618,3,5,5,1977,0,0,0,,0,168T,MAIN ST,218TH ST,0,,Y,A,-,N,,,,,,,,,,N,3,0,1,2,A,-,9,21802,A,N,D,G,A,A,H,-,A,A,0,,Y,,,Y,,D,22,0,1,0,0,0,0,1,0,0,-,-,LOS ANGELES,CARSON,-118.2777601,33.83047011
8127790,2016,9/30/2016,1976,8/11/2016,2150,851,,4,5,5,1976,0,0,0,,0,,MICHIGAN AV,WYANT LN,150,S,N,A,-,N,,,,,,,,,,N,4,0,1,1,D,-,0,,,F,F,A,A,A,H,-,C,D,0,,Y,,,Y,,-,-,0,0,1,0,0,0,1,0,0,-,-,LOS ANGELES,WHITTIER,-118.0200196,33.9678355
8127674,2016,9/30/2016,1976,9/6/2016,1911,415,CA019,2,5,5,1976,0,0,0,,0,2,WALNUT ST,COMSTOCK AV,0,,Y,A,-,N,,,,,,,,,,N,4,0,1,2,A,-,12,22450,A,N,H,G,A,A,H,-,A,A,0,,Y,,,Y,,L,4,0,0,1,0,0,0,1,0,0,-,-,LOS ANGELES,WHITTIER,-118.0385901,33.97181011
8127654,2016,9/30/2016,1928,9/17/2016,1251,324,528,6,5,5,1928,0,0,0,,0,501,INGLEWOOD AV,EL SEGUNDO BL,300,N,N,A,-,N,,,,,,,,,,N,4,0,1,2,A,-,17,21663,,N,D,G,A,A,H,-,A,D,0,,Y,,,Y,,L,4,0,0,1,0,0,0,1,0,0,-,-,LOS ANGELES,HAWTHORNE,-118.36129,33.91723283
8127596,2016,10/4/2016,1942,9/12/2016,1150,41376,705,1,5,7,1942,0,0,0,,0,7TL38,MELROSE AV,ALTA VISTA BL,0,W,N,A,-,N,,,,,,,,,,N,2,0,1,2,A,-,8,22107,,N,H,G,A,A,H,-,A,D,0,,Y,,,Y,,L,4,1,0,0,0,0,0,1,0,0,-,-,LOS ANGELES,LOS ANGELES,-118.3474601,34.08353008
8127572,2016,10/4/2016,1976,9/9/2016,1735,407,,5,5,5,1976,0,0,0,,0,2,WASHINGTON BL,PERSING ST,165,S,N,A,-,N,,,,,,,,,,N,3,0,1,2,A,-,5,21650,1,F,H,G,A,A,H,-,A,D,0,,Y,,,Y,,L,4,0,1,0,0,0,0,1,0,0,-,-,LOS ANGELES,WHITTIER,-118.0456724,33.96779126