CASE_ID,ACCIDENT_YEAR,PROC_DATE,JURIS,COLLISION_DATE,COLLISION_TIME,OFFICER_ID,REPORTING_DISTRICT,DAY_OF_WEEK,CHP_SHIFT,POPULATION,CNTY_CITY_LOC,SPECIAL_COND,BEAT_TYPE,CHP_BEAT_TYPE,CITY_DIVISION_LAPD,CHP_BEAT_CLASS,BEAT_NUMBER,PRIMARY_RD,SECONDARY_RD,DISTANCE,DIRECTION,INTERSECTION,WEATHER_1,WEATHER_2,STATE_HWY_IND,CALTRANS_COUNTY,CALTRANS_DISTRICT,STATE_ROUTE,ROUTE_SUFFIX,POSTMILE_PREFIX,POSTMILE,LOCATION_TYPE,RAMP_INTERSECTION,SIDE_OF_HWY,TOW_AWAY,COLLISION_SEVERITY,NUMBER_KILLED,NUMBER_INJURED,PARTY_COUNT,PRIMARY_COLL_FACTOR,PCF_CODE_OF_VIOL,PCF_VIOL_CATEGORY,PCF_VIOLATION,PCF_VIOL_SUBSECTION,HIT_AND_RUN,TYPE_OF_COLLISION,MVIW,PED_ACTION,ROAD_SURFACE,ROAD_COND_1,ROAD_COND_2,LIGHTING,CONTROL_DEVICE,CHP_ROAD_TYPE,PEDESTRIAN_ACCIDENT,BICYCLE_ACCIDENT,MOTORCYCLE_ACCIDENT,TRUCK_ACCIDENT,NOT_PRIVATE_PROPERTY,ALCOHOL_INVOLVED,STWD_VEHTYPE_AT_FAULT,CHP_VEHTYPE_AT_FAULT,COUNT_SEVERE_INJ,COUNT_VISIBLE_INJ,COUNT_COMPLAINT_PAIN,COUNT_PED_KILLED,COUNT_PED_INJURED,COUNT_BICYCLIST_KILLED,COUNT_BICYCLIST_INJURED,COUNT_MC_KILLED,COUNT_MC_INJURED,PRIMARY_RAMP,SECONDARY_RAMP,COUNTY,CITY,LONGITUDE,LATITUDE
8127505,2016,9/23/2016,1942,7/28/2016,1610,37639,112,4,5,7,1942,0,0,0,A,0,2A47,SPRING ST,ALISO ST,0,,Y,A,-,N,,,,,,,,,,N,4,0,1,2,A,-,12,21453,A,N,D,G,A,A,H,-,A,A,0,,Y,,,Y,,A,1,0,0,1,0,0,0,1,0,0,-,-,LOS ANGELES,LOS ANGELES,-118.2415001,34.05609001
8127497,2016,9/23/2016,1942,7/30/2016,950,37952,118,6,5,7,1942,0,0,0,K,0,11T32,MAIN ST,BLOOM ST,0,,Y,A,-,N,,,,,,,,,,N,3,0,1,2,A,-,8,22107,,N,B,G,A,A,H,-,A,D,0,,Y,,,Y,,A,7,0,1,0,0,0,0,1,0,0,-,-,LOS ANGELES,LOS ANGELES,-118.23064,34.06522002
8127493,2016,9/23/2016,1942,7/14/2016,1315,37470,1204,4,5,7,1942,0,0,0,L,0,12X58,48TH ST,KANSAS AV,0,,Y,A,-,N,,,,,,,,,,N,3,0,1,2,A,-,10,21950,A,F,A,B,D,A,H,-,A,D,0,Y,,,,Y,,-,99,0,1,0,0,1,0,0,0,0,-,-,LOS ANGELES,LOS ANGELES,-118.2937701,33.99958001
8127490,2016,1/21/2017,1942,9/1/2016,715,34251,1438,4,5,7,1942,0,0,0,N,0,6T7,VENICE BL,WESTWOOD BL,0,,Y,A,-,Y,LA,7,187,-,-,6.433,I,5,W,N,3,0,1,2,A,-,9,21802,A,N,A,G,A,A,H,-,A,A,0,,Y,,,Y,,A,1,0,1,0,0,0,0,1,0,0,-,-,LOS ANGELES,LOS ANGELES,-118.4098492,34.01727584
8127477,2016,9/23/2016,1942,7/22/2016,1000,41545,325,5,5,7,1942,0,0,0,C,0,12T41,ADAMS ST,CATALINA ST,5,E,N,A,-,N,,,,,,,,,,N,3,0,1,2,A,-,9,21801,A,N,D,G,A,A,H,-,A,B,0,,Y,,,Y,,L,4,0,1,0,0,0,0,1,0,0,-,-,LOS ANGELES,LOS ANGELES,-118.2942135,34.03276
8127473,2016,12/12/2016,1942,7/24/2016,2110,38707,363,7,5,7,1942,0,0,0,C,0,3T5,MALTON AV,SANTA ROSALIA DR,8,N,N,A,-,N,,,,,,,,,,N,4,0,1,2,A,-,10,21950,A,F,G,B,B,A,H,-,C,A,0,Y,,,,Y,,-,99,0,0,1,0,1,0,0,0,0,-,-,LOS ANGELES,LOS ANGELES,-118.3397882,34.01040232
8127445,2016,9/23/2016,1942,8/22/2016,1555,42412,1353,1,5,7,1942,0,0,0,M,0,13A75,CENTRAL AV,43RD PL,0,,Y,A,-,N,,,,,,,,,,N,2,0,1,2,A,-,10,21950,A,F,G,B,B,A,H,-,A,A,0,Y,,,,Y,,-,99,1,0,0,0,1,0,0,0,0,-,-,LOS ANGELES,LOS ANGELES,-118.25649,34.00482004
8127441,2016,9/23/2016,1942,8/26/2016,135,40275,375,5,5,7,1942,0,0,0,C,0,3T41,WESTERN AV,41ST PL,20,S,N,A,-,N,,,,,,,,,,N,2,0,1,2,A,-,11,21954,A,F,G,B,E,A,H,-,C,D,0,Y,,,,Y,Y,N,60,1,0,0,0,1,0,0,0,0,-,-,LOS ANGELES,LOS ANGELES,-118.30894,34.00840515
8127356,2016,2/24/2017,1942,7/3/2016,950,40099,1162,7,5,7,1942,0,0,0,K,0,2TL15,RT 101,VERMONT AV,5,W,N,A,-,Y,LA,7,101,-,-,4.291,R,1,N,N,4,0,1,2,A,-,10,21950,A,N,G,B,B,A,H,-,A,A,0,Y,,,,Y,,A,1,0,0,1,0,1,0,0,0,0,NF,-,LOS ANGELES,LOS ANGELES,-118.2901947,34.07944252
8127344,2016,11/18/2016,1942,7/6/2016,1910,38233,1132,3,5,7,1942,0,0,0,K,0,2T15W3,RIVERSIDE DR,GLENDALE BL,0,,Y,A,-,N,,,,,,,,,,N,3,0,1,2,A,-,9,21801,A,N,D,G,-,A,H,-,A,A,0,Y,,,,Y,,A,7,0,1,0,0,1,0,0,0,0,-,-,LOS ANGELES,LOS ANGELES,-118.26505,34.11112002
8127327,2016,9/22/2016,1942,7/25/2016,100,42350,1373,1,5,7,1942,0,0,0,M,0,13A27,54TH ST,AVALON,300,E,N,A,-,N,,,,,,,,,,N,4,0,2,3,A,-,3,22350,,F,G,B,D,-,H,-,C,A,0,Y,,,,Y,,-,99,0,0,2,0,2,0,0,0,0,-,-,LOS ANGELES,LOS ANGELES,-118.26521,33.99338
8127311,2016,9/22/2016,1942,7/22/2016,2050,40325,1141,5,5,7,1942,0,0,0,K,0,13T53,WESTMORELAND AV,SANTA MONICA BL,500,N,N,A,-,N,,,,,,,,,,N,3,0,1,1,A,-,3,22350,,N,E,I,A,A,H,-,C,A,0,,Y,,,Y,Y,L,4,0,1,0,0,0,0,1,0,0,-,-,LOS ANGELES,LOS ANGELES,-118.2877917,34.09224117
8127307,2016,9/22/2016,1942,7/22/2016,230,40643,1184,5,5,7,1942,0,0,0,K,0,4T43,SUTHERLAND ST,SUNSET BL,10,N,N,A,-,N,,,,,,,,,,N,3,0,1,2,A,-,10,21950,C,F,G,B,E,A,H,-,C,A,0,Y,,,,Y,Y,-,99,0,1,0,0,1,0,0,0,0,-,-,LOS ANGELES,LOS ANGELES,-118.2534848,34.07511433
8127303,2016,9/22/2016,1942,7/21/2016,930,41027,1116,4,5,7,1942,0,0,0,K,0,1A41,AVENUE 50,ALDAMA ST,0,,Y,A,-,N,,,,,,,,,,N,4,0,1,2,A,-,9,21802,A,N,D,G,A,A,H,-,A,A,0,,Y,,,Y,,A,1,0,0,1,0,0,0,1,0,0,-,-,LOS ANGELES,LOS ANGELES,-118.2073401,34.11181007
8127299,2016,9/22/2016,1942,7/21/2016,800,36103,1117,4,5,7,1942,0,0,0,K,0,2A17,YOSEMITE DR,ALGOMA AV,0,,Y,A,-,N,,,,,,,,,,,3,0,1,2,A,-,8,22107,,N,D,G,A,A,H,-,A,D,0,,Y,,,Y,,-,,0,1,0,0,0,0,1,0,0,-,-,LOS ANGELES,LOS ANGELES,-118.20548,34.13331009
8127296,2016,9/22/2016,1942,7/28/2016,1200,37786,1265,4,5,7,1942,0,0,0,L,0,12A73,WESTERN,VERNON,0,,Y,A,-,N,,,,,,,,,,N,3,0,1,2,A,-,3,22350,,F,G,B,B,A,H,-,A,A,0,Y,,,,Y,,-,99,0,1,0,0,1,0,0,0,0,-,-,LOS ANGELES,LOS ANGELES,-118.30893,34.00372009
8127295,2016,9/22/2016,1942,7/14/2016,1730,42081,1307,4,5,7,1942,0,0,0,M,0,13X53,8TH ST,SAN PEDRO,40,E,N,A,-,N,,,,,,,,,,N,3,0,1,2,A,-,5,21650,1,N,-,G,A,A,A,-,A,D,0,,Y,,,Y,,L,4,0,1,0,0,0,0,1,0,0,-,-,LOS ANGELES,LOS ANGELES,-118.2490228,34.03838601
8127288,2016,9/22/2016,1942,7/25/2016,1220,39226,1235,1,5,7,1942,0,0,0,L,0,12A57,NORMANDIE,59TH ST,3,S,N,A,-,N,,,,,,,,,,N,3,0,1,2,A,-,10,21950,A,N,G,B,B,A,H,-,A,-,0,Y,,,,Y,,A,1,0,1,0,0,1,0,0,0,0,-,-,LOS ANGELES,LOS ANGELES,-118.30021,33.98750177
8127280,2016,9/22/2016,1942,8/30/2016,2110,41510,1407,2,5,7,1942,0,0,0,N,0,14A13,PALMS BL,JASMINE AV,0,,Y,A,-,N,,,,,,,,,,N,3,0,1,2,A,-,17,22517,,N,G,G,A,A,H,-,C,D,0,,Y,,,Y,,-,,0,1,0,0,0,0,1,0,0,-,-,LOS ANGELES,LOS ANGELES,-118.4064201,34.02753007
8127278,2016,9/22/2016,1942,8/26/2016,1520,39759,1341,5,5,7,1942,0,0,0,M,0,2T28,GRAND AV,38TH ST,122,S,N,A,-,N,,,,,,,,,,N,4,0,1,2,A,-,9,21804,A,N,D,G,A,A,H,-,A,D,0,,Y,,,Y,,-,-,0,0,1,0,0,0,1,0,0,-,-,LOS ANGELES,LOS ANGELES,-118.2795617,34.01487156
8127274,2016,9/22/2016,1942,8/15/2016,1145,31476,1343,1,5,7,1942,0,0,0,M,0,4TL43,37TH BL,AVALON BL,0,,Y,A,-,N,,,,,,,,,,N,4,0,1,2,A,-,5,21650,1,N,A,G,A,A,H,-,A,A,0,,Y,,,Y,,L,4,0,0,1,0,0,0,1,0,0,-,-,LOS ANGELES,LOS ANGELES,-118.2652601,34.01281003
8127272,2016,9/22/2016,1942,8/31/2016,1800,38991,1428,3,5,7,1942,0,0,0,N,0,14A25,CLOVER AV,MILITARY AV,12,W,N,A,-,N,,,,,,,,,,N,3,0,1,2,A,-,10,21950,A,N,G,B,B,A,H,-,B,D,0,Y,,,,Y,,A,1,0,1,0,0,1,0,0,0,0,-,-,LOS ANGELES,LOS ANGELES,-118.4249118,34.02787044
8127270,2016,9/22/2016,1942,8/1/2016,2320,42076,1365,1,5,7,1942,0,0,0,M,0,13A75,HOOPER AV,48TH ST,0,,Y,A,-,N,,,,,,,,,,N,3,0,1,2,A,-,5,21650,1,N,A,G,A,-,H,-,C,D,0,,Y,,,Y,,L,4,0,1,0,0,0,0,1,0,0,-,-,LOS ANGELES,LOS ANGELES,-118.2521401,34.00019
8127254,2016,9/22/2016,1942,8/17/2016,1635,38171,1375,3,5,7,1942,0,0,0,M,0,2T28,CENTRAL AV,55TH ST,5,S,N,A,-,N,,,,,,,,,,N,4,0,1,2,A,-,21,22106,,F,G,B,F,A,H,-,A,D,0,Y,,,,Y,,-,99,0,0,1,0,1,0,0,0,0,-,-,LOS ANGELES,LOS ANGELES,-118.25646,33.99297629
8127233,2016,9/22/2016,1942,8/15/2016,930,31324,1341,1,5,7,1942,0,0,0,M,0,11T32,37TH ST,BROADWAY,0,,Y,A,-,N,,,,,,,,,,N,4,0,1,2,A,-,10,21950,A,N,G,B,B,A,H,-,A,A,0,Y,,,,Y,,-,-,0,0,1,0,1,0,0,0,0,-,-,LOS ANGELES,LOS ANGELES,-118.2759401,34.01576008
8127216,2016,9/22/2016,1942,8/1/2016,1330,42398,111,1,5,7,1942,0,0,0,A,0,1A61,ALAMEDA ST,ALPINE ST,0,,Y,A,-,N,,,,,,,,,,N,4,0,1,2,A,-,10,21950,A,N,G,B,B,A,H,-,A,A,0,Y,,,,Y,,A,7,0,0,1,0,1,0,0,0,0,-,-,LOS ANGELES,LOS ANGELES,-118.23632,34.06163006
8127205,2016,9/22/2016,1942,8/19/2016,415,37540,1322,5,5,7,1942,0,0,0,M,0,11T32,25TH ST,WALL ST,100,W,N,A,-,N,,,,,,,,,,N,3,0,1,2,A,-,5,21650,,F,G,B,E,A,H,-,C,D,0,Y,,,,Y,,-,99,0,1,0,0,1,0,0,0,0,-,-,LOS ANGELES,LOS ANGELES,-118.2640896,34.02412061
8127193,2016,11/14/2016,1941,9/4/2016,1700,10537,,7,5,7,1941,0,0,0,,0,,EAST 7TH ST,PALMER CT,0,,Y,A,-,N,,,,,,,,,,N,3,0,1,2,A,I,-,,,F,D,G,A,A,H,-,A,D,0,,Y,,,Y,,A,,0,1,0,0,0,0,1,0,0,-,-,LOS ANGELES,LONG BEACH,-118.1900901,33.77535009
8127181,2016,9/22/2016,1956,9/9/2016,800,1324,23,5,5,5,1956,0,0,0,,0,2,DIAMOND ST,DEL AMO ST,0,,Y,A,-,N,,,,,,,,,,N,4,0,1,2,A,-,12,22450,,F,D,G,A,A,H,-,A,A,0,,Y,,,Y,,A,1,0,0,1,0,0,0,1,0,0,-,-,LOS ANGELES,REDONDO BEACH,-118.38246,33.84875001
8127169,2016,9/22/2016,1942,9/5/2016,2015,40415,1822,1,5,7,1942,0,0,0,R,0,12T41,BROADWAY ST,93RD ST,0,,Y,A,-,N,,,,,,,,,,N,2,0,1,2,A,-,10,21950,A,N,G,B,B,A,H,-,C,A,0,Y,,,,Y,Y,A,1,1,0,0,0,1,0,0,0,0,-,-,LOS ANGELES,LOS ANGELES,-118.2784001,33.95189004
8127156,2016,9/22/2016,1900,9/10/2016,1412,4.41E+98,2116,6,5,5,1943,0,0,0,,0,2120,BURTON AV,ALPINE AV,100,E,N,A,-,N,,,,,,,,,,N,3,0,1,2,A,-,11,21956,,N,G,B,E,A,H,-,A,D,0,Y,,,,Y,,N,60,0,1,0,0,1,0,0,0,0,-,-,LOS ANGELES,LYNWOOD,-118.2125564,33.91649719
8127145,2016,9/22/2016,1942,9/5/2016,1500,40451,1412,1,5,7,1942,0,0,0,N,0,14FB12,ROSE AV,PACIFIC AV,0,,Y,A,-,N,,,,,,,,,,N,3,0,1,2,A,-,9,21801,A,N,B,G,A,A,-,-,A,A,0,,Y,,,Y,,A,1,0,1,0,0,0,0,1,0,0,-,-,LOS ANGELES,LOS ANGELES,-118.4786201,33.99567006
8127121,2016,9/22/2016,1942,9/1/2016,2000,36255,1493,4,5,7,1942,0,0,0,N,0,14X56,VISTA DEL MAR,IMPERIAL HWY,0,,Y,A,-,N,,,,,,,,,,N,3,0,1,2,A,-,3,22350,,N,B,G,A,A,H,-,C,D,0,,Y,,,Y,,A,1,0,1,0,0,0,0,1,0,0,-,-,LOS ANGELES,LOS ANGELES,-118.43499,33.93088006
8127094,2016,9/23/2016,1942,7/29/2016,1745,38600,557,5,5,7,1942,0,0,0,E,0,X14,5TH ST,CABRILLO AV,15,W,N,A,-,N,,,,,,,,,,N,3,0,1,2,A,-,0,20015,A,F,-,G,A,A,H,-,A,D,0,,Y,,,Y,,D,22,0,1,0,0,0,0,1,0,0,-,-,LOS ANGELES,LOS ANGELES,-118.2946192,33.73969109
8127083,2016,9/23/2016,1956,9/4/2016,2157,1286,42,7,5,5,1956,0,0,0,,0,4,ARTESIA BL,CARVER ST,45,E,N,A,-,N,,,,,,,,,,N,3,0,1,2,A,-,8,22107,,N,C,E,A,A,H,-,C,D,0,,Y,,,Y,,L,4,0,1,0,0,0,0,1,0,0,-,-,LOS ANGELES,REDONDO BEACH,-118.3842021,33.87278808
8127066,2016,2/24/2017,1942,7/5/2016,646,37505,1122,2,5,7,1942,0,0,0,K,0,2TL15,LOS FELIZ BL,RT 5,198,E,N,A,-,Y,LA,7,5,-,-,24.122,R,4,N,Y,3,0,1,2,A,-,0,21760,C,N,B,G,A,A,H,-,A,A,0,,Y,,,Y,,D,22,0,1,0,0,0,0,1,0,0,-,EF,LOS ANGELES,LOS ANGELES,-118.269616,34.11779162
8127012,2016,1/27/2017,1942,6/28/2016,1200,40766,514,2,5,7,1942,0,0,0,,0,5.00E+06,SANDISON ST,PACIFIC COAST HWY,30,N,N,A,-,Y,LA,7,1,-,-,9.86,H,-,S,N,3,0,1,2,A,-,11,21954,A,N,B,B,C,A,H,-,A,A,0,Y,,,,Y,,N,60,0,1,0,0,1,0,0,0,0,-,-,LOS ANGELES,LOS ANGELES,-118.2512256,33.79088188
8126798,2016,9/21/2016,1942,7/25/2016,2215,42238,1136,1,5,7,1942,0,0,0,K,0,11A17,YORK BL,N AVENUE 45,325,W,N,A,-,N,,,,,,,,,,N,4,0,1,2,A,-,10,21952,,F,G,B,F,A,H,-,C,D,0,Y,,,,Y,,-,99,0,0,1,0,1,0,0,0,0,-,-,LOS ANGELES,LOS ANGELES,-118.2193751,34.12386702
8126797,2016,10/5/2016,1942,7/22/2016,2030,37618,1846,5,5,7,1942,0,0,0,R,0,12T41,IMPERIAL HWY,COMPTON AV,0,,Y,A,-,N,,,,,,,,,,Y,4,0,1,4,A,-,5,21650,,F,-,C,F,A,H,-,C,A,0,Y,,,,Y,,A,1,0,0,1,0,1,0,0,0,0,-,-,LOS ANGELES,LOS ANGELES,-118.2462801,33.92949001
8126795,2016,9/21/2016,1900,7/31/2016,1230,529803,1349,7,5,3,1903,0,0,0,,0,134,187TH ST,ARLINE AV,0,,Y,A,-,N,,,,,,,,,,N,3,0,1,2,A,-,9,21801,A,N,D,G,A,A,H,-,A,D,0,,Y,,,Y,,L,4,0,1,0,0,0,0,1,0,0,-,-,LOS ANGELES,ARTESIA,-118.08095,33.86135001
8126782,2016,11/19/2016,1942,7/27/2016,1650,39028,1101,3,5,7,1942,0,0,0,K,0,11A62,GRIFFITH PARK DR,ZOO DR,600,S,N,A,-,N,,,,,,,,,,N,4,0,1,2,A,-,3,22350,,N,B,G,A,A,H,-,A,A,0,,Y,,,Y,,A,1,0,0,1,0,0,0,1,0,0,-,-,LOS ANGELES,LOS ANGELES,-118.3087871,34.15231807
8126775,2016,9/21/2016,1900,7/29/2016,2200,523489,1331,5,5,5,1908,0,0,0,,0,133K,STANBRIDGE ST,FOSTER RD,193,S,N,A,-,N,,,,,,,,,,N,4,0,2,3,A,-,11,21956,A,M,B,B,E,A,H,-,B,D,0,Y,,,,Y,,N,60,0,0,2,0,2,0,0,0,0,-,-,LOS ANGELES,BELLFLOWER,-118.1275592,33.90922192
8126774,2016,9/21/2016,1942,7/30/2016,1450,41667,1343,6,5,7,1942,0,0,0,M,0,1X92,JEFFERSON BL,WADSWORTH AV,0,,Y,A,-,N,,,,,,,,,,,3,0,1,2,A,-,3,22350,,N,H,G,A,A,H,-,A,D,0,,Y,,,Y,,A,1,0,1,0,0,0,0,1,0,0,-,-,LOS ANGELES,LOS ANGELES,-118.25896,34.01265004
8126759,2016,9/21/2016,1900,7/20/2016,1250,547820,1335,3,5,5,1908,0,0,0,,0,,ARTESIA BL,BELLFLOWER BL,687,E,N,A,-,N,,,,,,,,,,N,4,0,1,2,A,-,9,21804,A,N,B,G,A,A,H,-,A,D,0,,Y,,,Y,Y,L,4,0,0,1,0,0,0,1,0,0,-,-,LOS ANGELES,BELLFLOWER,-118.1229615,33.87484
8126745,2016,9/21/2016,1900,7/22/2016,800,436136,1328,5,5,5,1935,0,0,0,,0,132T2,PIONEER BL,LOS COYOTES DIAGONAL,0,,Y,A,-,N,,,,,,,,,,N,4,0,1,2,A,-,9,21804,A,N,E,G,A,A,H,-,A,A,0,,Y,,,Y,,L,4,0,0,1,0,0,0,1,0,0,-,-,LOS ANGELES,LAKEWOOD,,
8126728,2016,2/18/2017,1926,8/31/2016,856,3103,,3,5,5,1926,0,0,0,,0,4,LONE HILL,RT 10,0,,Y,A,-,Y,LA,7,210,-,R,44.363,R,4,W,N,3,0,1,2,A,-,9,21453,B,N,G,B,C,A,H,-,A,A,0,Y,,,,Y,,A,8,0,1,0,0,1,0,0,0,0,-,WF,LOS ANGELES,GLENDORA,-117.8264076,34.12085864
8126725,2016,9/21/2016,1942,7/26/2016,2340,40415,1253,2,5,7,1942,0,0,0,L,0,12T41,FLORENCE AV,WESTERN AV,0,,Y,A,-,N,,,,,,,,,,N,3,0,1,2,A,-,10,21950,A,F,G,B,E,A,H,-,C,A,0,Y,,,,Y,Y,-,99,0,1,0,0,1,0,0,0,0,-,-,LOS ANGELES,LOS ANGELES,-118.3089801,33.97457001
8126719,2016,9/21/2016,1942,8/25/2016,1430,42033,2055,4,5,7,1942,0,0,0,,0,20A1,11TH ST,NORMANDIE AV,0,,Y,A,-,N,,,,,,,,,,N,3,0,1,2,A,-,8,22107,,N,D,G,A,A,H,-,A,A,0,,Y,,,Y,,A,7,0,1,0,0,0,0,1,0,0,-,-,LOS ANGELES,LOS ANGELES,-118.29999,34.05087011
8126710,2016,9/21/2016,1942,8/12/2016,2310,35936,1215,5,5,7,1942,0,0,0,L,0,3T5,NORMANDIE AV,54TH ST,12,N,N,A,-,N,,,,,,,,,,N,3,0,1,2,A,-,9,21801,A,F,D,G,A,A,H,-,C,D,0,,Y,,,Y,,-,99,0,1,0,0,0,0,1,0,0,-,-,LOS ANGELES,LOS ANGELES,-118.3002093,33.99326291
8126704,2016,9/21/2016,1942,8/8/2016,705,31152,1345,1,5,7,1942,0,0,0,M,0,11TL25,CENTRAL AV,40TH PL,0,,Y,B,-,N,,,,,,,,,,N,3,0,1,2,A,-,9,21801,A,N,D,G,A,A,H,-,A,D,0,,Y,,,Y,,A,1,0,1,0,0,0,0,1,0,0,-,-,LOS ANGELES,LOS ANGELES,-118.2565,34.01012002
8126700,2016,9/21/2016,1942,8/31/2016,1830,32271,1313,3,5,7,1942,0,0,0,M,0,13X76,WASHINGTON,HOOPER,10,E,N,A,-,N,,,,,,,,,,N,4,0,1,2,A,-,17,21451,A,N,G,B,B,A,H,-,A,A,0,Y,,,,Y,,-,-,0,0,1,0,1,0,0,0,0,-,-,LOS ANGELES,LOS ANGELES,-118.2460325,34.02187495
8126699,2016,9/21/2016,1942,8/30/2016,455,40426,2031,2,5,7,1942,0,0,0,,0,20A53,WESTERN AV,8TH ST,0,,Y,A,-,N,,,,,,,,,,N,4,0,1,2,A,-,0,21465,B,N,G,B,B,A,H,-,C,D,0,Y,,,,Y,Y,N,60,0,0,1,0,1,0,0,0,0,-,-,LOS ANGELES,LOS ANGELES,,
8126698,2016,9/21/2016,1942,8/27/2016,1620,41911,1251,6,5,7,1942,0,0,0,L,0,RT73,BRYNHURST AV,67TH ST,435,S,N,A,-,N,,,,,,,,,,N,3,0,1,2,A,-,11,21954,A,N,G,B,D,A,H,-,A,D,0,Y,,,,Y,,N,60,0,1,0,0,1,0,0,0,0,-,-,LOS ANGELES,LOS ANGELES,-118.3337833,33.97691698
8126695,2016,9/21/2016,1942,8/29/2016,1530,37437,2053,1,5,7,1942,0,0,0,,0,7MQ134,OXFORD AV,OLYMPIC BL,150,S,N,A,-,N,,,,,,,,,,N,3,0,1,2,A,-,9,21804,A,N,D,G,A,A,H,-,A,D,0,,Y,,,Y,,A,1,0,1,0,0,0,0,1,0,0,-,-,LOS ANGELES,LOS ANGELES,-118.30742,34.05224861
8126694,2016,9/21/2016,1942,8/28/2016,1840,41917,1241,7,5,7,1942,0,0,0,L,0,18T23,WEST BL,HYDE PARK BL,0,,Y,A,-,N,,,,,,,,,,N,3,0,2,4,A,-,12,21453,A,F,D,C,F,A,H,-,A,A,0,Y,,,,Y,,-,99,0,2,0,0,2,0,0,0,0,-,-,LOS ANGELES,LOS ANGELES,-118.3351901,33.98059009
8126687,2016,9/21/2016,1942,8/18/2016,1200,41054,2069,4,5,7,1942,0,0,0,,0,20TL58,ARAPAHOE ST,12TH ST,0,,Y,A,-,N,,,,,,,,,,N,3,0,2,3,A,-,10,21950,A,N,G,B,B,A,H,-,A,A,0,Y,,,,Y,,A,7,0,2,0,0,2,0,0,0,0,-,-,LOS ANGELES,LOS ANGELES,-118.2853701,34.04914011
8126686,2016,9/21/2016,1942,8/28/2016,1700,40123,2064,7,5,7,1942,0,0,0,,0,20A88,NORMANDIE AV,12TH ST,0,,Y,A,-,N,,,,,,,,,,N,4,0,1,2,A,-,9,21800,A,N,H,G,A,A,-,-,A,D,0,,Y,,,Y,,A,1,0,0,1,0,0,0,1,0,0,-,-,LOS ANGELES,LOS ANGELES,-118.2999801,34.04907011
8126684,2016,9/21/2016,1942,8/7/2016,1130,37110,,7,5,7,1942,0,0,0,,0,12A57,82ND ST,HOOVER,300,E,N,A,-,N,,,,,,,,,,N,4,0,1,2,A,-,3,22350,A,F,G,B,E,A,H,-,A,D,0,Y,,,,Y,,-,99,0,0,1,0,1,0,0,0,0,-,-,LOS ANGELES,LOS ANGELES,-118.2861227,33.9642811
8126682,2016,9/21/2016,1942,8/31/2016,1250,41706,834,3,5,7,1942,0,0,0,H,0,8A59,OHIO AV,SELBY AV,20,W,N,A,-,N,,,,,,,,,,N,3,0,1,2,A,-,11,21954,A,N,G,B,E,A,H,-,A,D,0,Y,,,,Y,,N,60,0,1,0,0,1,0,0,0,0,-,-,LOS ANGELES,LOS ANGELES,-118.4381836,34.05560809
8126679,2016,9/21/2016,1942,8/22/2016,1310,39061,2073,1,5,7,1942,0,0,0,,0,7TL72,WESTERN AV,15TH ST,10,N,N,A,-,N,,,,,,,,,,N,3,0,1,2,A,-,11,21950,B,N,G,B,D,A,H,-,A,D,0,Y,,,,Y,,N,60,0,1,0,0,1,0,0,0,0,-,-,LOS ANGELES,LOS ANGELES,,
8126674,2016,9/21/2016,1942,8/30/2016,1555,33829,899,2,5,7,1942,0,0,0,H,0,8EL2,VENICE BL,CHARLTON ST,0,,Y,A,-,N,,,,,,,,,,N,3,0,1,2,A,-,5,21650,1,N,H,G,A,A,H,-,A,D,0,,Y,,,Y,,L,4,0,1,0,0,0,0,1,0,0,-,-,LOS ANGELES,LOS ANGELES,,
8126664,2016,9/21/2016,1942,8/28/2016,2250,42436,1218,7,5,7,1942,0,0,0,L,0,12A53,SLAUSON AV,HOOVER ST,0,,Y,A,-,N,,,,,,,,,,Y,4,0,1,2,A,-,1,23152,A,F,A,G,A,A,H,-,C,A,0,,Y,,,Y,Y,A,7,0,0,1,0,0,0,1,0,0,-,-,LOS ANGELES,LOS ANGELES,-118.2871401,33.98914004
8126662,2016,9/21/2016,1942,8/29/2016,2025,42257,2034,1,5,7,1942,0,0,0,,0,20A34,7TH ST,HARVARD BL,5,E,N,A,-,N,,,,,,,,,,N,4,0,1,2,A,-,0,20015,A,N,G,B,B,A,H,-,B,D,0,Y,,,,Y,,A,1,0,0,1,0,1,0,0,0,0,-,-,LOS ANGELES,LOS ANGELES,-118.3041635,34.05972985
8126656,2016,9/21/2016,1942,8/27/2016,135,41439,1273,6,5,7,1942,0,0,0,L,0,12T41,MANCHESTER AV,DENKER AV,327,E,N,A,-,N,,,,,,,,,,N,3,0,1,2,A,-,11,21954,A,F,G,B,E,A,-,-,C,A,0,Y,,,,Y,,N,60,0,1,0,0,1,0,0,0,0,-,-,LOS ANGELES,LOS ANGELES,-118.3035738,33.95999424
8126651,2016,9/21/2016,1942,8/1/2016,1720,39062,1333,1,5,7,1942,0,0,0,M,0,1T11,MAPLE AV,30TH PL,0,,Y,A,-,N,,,,,,,,,,N,4,0,1,2,D,-,0,,,N,G,B,B,A,H,-,A,A,0,Y,,,,Y,,-,-,0,0,1,0,1,0,0,0,0,-,-,LOS ANGELES,LOS ANGELES,-118.2674401,34.02034002