CASE_ID,ACCIDENT_YEAR,PROC_DATE,JURIS,COLLISION_DATE,COLLISION_TIME,OFFICER_ID,REPORTING_DISTRICT,DAY_OF_WEEK,CHP_SHIFT,POPULATION,CNTY_CITY_LOC,SPECIAL_COND,BEAT_TYPE,CHP_BEAT_TYPE,CITY_DIVISION_LAPD,CHP_BEAT_CLASS,BEAT_NUMBER,PRIMARY_RD,SECONDARY_RD,DISTANCE,DIRECTION,INTERSECTION,WEATHER_1,WEATHER_2,STATE_HWY_IND,CALTRANS_COUNTY,CALTRANS_DISTRICT,STATE_ROUTE,ROUTE_SUFFIX,POSTMILE_PREFIX,POSTMILE,LOCATION_TYPE,RAMP_INTERSECTION,SIDE_OF_HWY,TOW_AWAY,COLLISION_SEVERITY,NUMBER_KILLED,NUMBER_INJURED,PARTY_COUNT,PRIMARY_COLL_FACTOR,PCF_CODE_OF_VIOL,PCF_VIOL_CATEGORY,PCF_VIOLATION,PCF_VIOL_SUBSECTION,HIT_AND_RUN,TYPE_OF_COLLISION,MVIW,PED_ACTION,ROAD_SURFACE,ROAD_COND_1,ROAD_COND_2,LIGHTING,CONTROL_DEVICE,CHP_ROAD_TYPE,PEDESTRIAN_ACCIDENT,BICYCLE_ACCIDENT,MOTORCYCLE_ACCIDENT,TRUCK_ACCIDENT,NOT_PRIVATE_PROPERTY,ALCOHOL_INVOLVED,STWD_VEHTYPE_AT_FAULT,CHP_VEHTYPE_AT_FAULT,COUNT_SEVERE_INJ,COUNT_VISIBLE_INJ,COUNT_COMPLAINT_PAIN,COUNT_PED_KILLED,COUNT_PED_INJURED,COUNT_BICYCLIST_KILLED,COUNT_BICYCLIST_INJURED,COUNT_MC_KILLED,COUNT_MC_INJURED,PRIMARY_RAMP,SECONDARY_RAMP,COUNTY,CITY,LONGITUDE,LATITUDE
8120847,2016,11/10/2016,1942,7/9/2016,1640,39761,142,6,5,7,1942,0,0,0,A,0,11T32,HILL ST,4TH ST,185,N,N,A,-,N,,,,,,,,,,N,3,0,1,2,A,-,7,21658,A,N,B,G,A,A,H,-,A,D,0,,Y,,,Y,,-,-,0,1,0,0,0,0,1,0,0,-,-,LOS ANGELES,LOS ANGELES,-118.2500762,34.05064306
8120835,2016,9/15/2016,1942,7/25/2016,825,39010,158,1,5,7,1942,0,0,0,A,0,11TL21,6TH ST,CENTRAL AV,17,E,N,A,-,N,,,,,,,,,,N,3,0,1,2,A,-,12,21453,A,N,D,G,A,A,H,-,A,A,0,,Y,,,Y,,L,4,0,1,0,0,0,0,1,0,0,-,-,LOS ANGELES,LOS ANGELES,-118.2399528,34.03900485
8120823,2016,9/15/2016,1942,7/31/2016,2055,35330,1414,7,5,7,1942,0,0,0,N,0,14A13,LINCOLN BL,CALIFORNIA AV,0,,N,A,-,N,,,,,,,,,,N,3,0,1,2,A,-,10,21950,A,F,G,B,B,A,H,-,C,D,0,Y,Y,,,Y,Y,L,4,0,1,0,0,1,0,0,0,0,-,-,LOS ANGELES,LOS ANGELES,-118.46105,33.99805005
8120804,2016,9/15/2016,1942,7/27/2016,1710,40936,185,3,5,7,1942,0,0,0,A,0,1A12,PICO BL,SANTEE ST,60,E,N,A,-,N,,,,,,,,,,N,4,0,1,2,A,-,17,22517,,N,A,G,A,A,H,-,A,D,0,,Y,,,Y,,A,1,0,0,1,0,0,0,1,0,0,-,-,LOS ANGELES,LOS ANGELES,-118.25811,34.0350534
8120776,2016,9/16/2016,1942,6/30/2016,1900,38233,119,4,5,7,1942,0,0,0,A,0,2T15W3,E CESAR E CHAVEZ,N VIGNES ST,0,W,N,A,-,N,,,,,,,,,,N,3,0,1,2,A,-,3,22350,,N,B,G,A,A,H,-,A,A,0,,Y,,,Y,,A,1,0,1,0,0,0,0,1,0,0,-,-,LOS ANGELES,LOS ANGELES,-118.23183,34.05659006
8120772,2016,9/16/2016,1942,6/5/2016,1615,33648,9999,7,5,7,1942,0,0,0,,0,14A45,MINDANAO WY,LINCOLN BL,80,W,N,A,-,N,,,,,,,,,,N,3,0,1,2,A,-,11,21954,A,N,A,B,D,A,H,-,A,A,0,Y,,,,Y,,N,60,0,1,0,0,1,0,0,0,0,-,-,LOS ANGELES,LOS ANGELES,-118.4392206,33.98040827
8120756,2016,11/14/2016,1942,6/22/2016,1220,38982,159,3,5,7,1942,0,0,0,A,0,1X32,PALMETTO ST,MOLINO ST,28,W,N,A,-,N,,,,,,,,,,N,4,0,1,2,A,-,3,22350,,N,G,B,E,A,D,-,A,D,0,Y,,,,Y,,-,-,0,0,1,0,1,0,0,0,0,-,-,LOS ANGELES,LOS ANGELES,-118.2338016,34.04032123
8120752,2016,9/16/2016,1942,6/17/2016,2115,31542,142,5,5,7,1942,0,0,0,A,0,4T43,W 4TH ST,FIGUEROA ST,0,,N,A,-,N,,,,,,,,,,N,4,0,1,2,A,-,9,21802,A,N,D,G,A,A,H,-,C,A,0,,Y,,,Y,,L,4,0,0,1,0,0,0,1,0,0,-,-,LOS ANGELES,LOS ANGELES,-118.25597,34.05354006
8120748,2016,11/14/2016,1942,6/19/2016,1350,39072,147,7,5,7,1942,0,0,0,N,0,1A84,5TH ST,SAN PEDRO ST,100,S,N,A,-,N,,,,,,,,,,N,4,0,1,2,A,-,11,21955,,N,B,G,A,A,-,-,A,A,0,,Y,,,Y,,L,4,0,0,1,0,0,0,1,0,0,-,-,LOS ANGELES,LOS ANGELES,-118.2436339,34.04406241
8120740,2016,11/14/2016,1942,6/20/2016,1030,39233,195,1,5,7,1942,0,0,0,A,0,1A61W2,WASHINGTON BL,MAIN ST,80,E,N,A,-,N,,,,,,,,,,N,4,0,1,2,A,-,9,21804,A,N,D,G,A,A,H,-,A,D,0,,Y,,,Y,,-,-,0,0,1,0,0,0,1,0,0,-,-,LOS ANGELES,LOS ANGELES,-118.264431,34.03085153
8120732,2016,9/16/2016,1942,6/16/2016,900,41326,185,4,5,7,1942,0,0,0,A,0,1A35,E 9TH ST,SANTEE ST,4,E,N,A,-,N,,,,,,,,,,N,4,0,1,2,A,-,10,21950,A,N,G,B,B,A,H,-,A,A,0,Y,,,,Y,,A,1,0,0,1,0,1,0,0,0,0,-,-,LOS ANGELES,LOS ANGELES,-118.2533212,34.04006181
8120724,2016,9/16/2016,1942,6/16/2016,1100,35769,111,4,5,7,1942,0,0,0,A,0,1A1,ALAMEDA ST,ALPINE ST,0,,Y,A,-,N,,,,,,,,,,N,3,0,1,2,A,-,12,21453,A,N,D,G,A,A,H,-,A,A,0,,Y,,,Y,,L,4,0,1,0,0,0,0,1,0,0,-,-,LOS ANGELES,LOS ANGELES,-118.23632,34.06163006
8120718,2016,9/19/2016,1942,7/20/2016,1035,40099,157,3,5,7,1942,0,0,0,A,0,2T15,SAN PEDRO ST,6TH ST,315,S,N,A,-,N,,,,,,,,,,Y,3,0,3,3,A,-,1,23152,A,N,G,B,F,A,H,-,A,D,0,Y,,,,Y,,A,1,0,1,2,0,2,0,0,0,0,-,-,LOS ANGELES,LOS ANGELES,-118.2458857,34.04156795
8120717,2016,9/19/2016,1942,7/2/2016,310,42286,185,6,5,7,1942,0,0,0,A,0,6A15,S HILL ST,W 11TH ST,50,N,N,A,-,N,,,,,,,,,,N,4,0,1,2,A,-,11,21954,A,N,G,B,D,A,H,-,C,D,0,Y,,,,Y,Y,N,60,0,0,1,0,1,0,0,0,0,-,-,LOS ANGELES,LOS ANGELES,-118.2597175,34.04026729
8120710,2016,9/19/2016,1942,7/21/2016,1040,42336,111,4,5,7,1942,0,0,0,A,0,1A1,COLLEGE ST,YALE ST,0,,Y,A,-,N,,,,,,,,,,N,3,0,1,2,A,-,10,21950,A,N,G,B,B,A,D,-,A,D,0,Y,,,,Y,,-,,0,1,0,0,1,0,0,0,0,-,-,LOS ANGELES,LOS ANGELES,-118.2399701,34.06486008
8120701,2016,11/9/2016,1942,7/17/2016,215,42332,1242,7,5,7,1942,0,0,0,L,0,,7TH AV,64TH ST,0,S,N,A,-,N,,,,,,,,,,N,4,0,1,3,A,-,21,22106,,F,B,C,E,A,H,-,C,D,0,Y,,,,Y,,-,99,0,0,1,0,1,0,0,0,0,-,-,LOS ANGELES,LOS ANGELES,,
8120697,2016,11/9/2016,1942,7/13/2016,1925,37928,1256,3,5,7,1942,0,0,0,L,0,12A67,FLORENCE AV,BROADWAY AV,48,E,N,A,-,N,,,,,,,,,,N,4,0,1,2,A,-,3,22350,,F,E,-,F,A,H,-,A,A,0,Y,,,,Y,,A,1,0,0,1,0,1,0,0,0,0,-,-,LOS ANGELES,LOS ANGELES,-118.278172,33.97466
8120693,2016,9/19/2016,1942,7/8/2016,1930,42018,721,5,5,7,1942,0,0,0,G,0,7A21,GEORGE BURNS RD,3RD ST,15,E,N,A,-,N,,,,,,,,,,N,4,0,1,2,A,-,10,21950,A,N,G,B,B,A,H,-,B,A,0,Y,,,,Y,,A,7,0,0,1,0,1,0,0,0,0,-,-,LOS ANGELES,LOS ANGELES,-118.38167,34.07361
8120690,2016,9/19/2016,1942,7/16/2016,1545,39233,157,6,5,7,1942,0,0,0,A,0,1A85,SAN PEDRO ST,6TH ST,150,N,N,A,-,N,,,,,,,,,,N,3,0,1,2,A,-,11,21954,A,N,G,B,D,A,H,-,A,D,0,Y,,,,Y,,N,60,0,1,0,0,1,0,0,0,0,-,-,LOS ANGELES,LOS ANGELES,-118.2450118,34.04261073
8120686,2016,9/19/2016,1942,7/17/2016,1900,39062,111,7,5,7,1942,0,0,0,A,0,1T11,ALPINE ST,BROADWAY,0,,Y,A,-,N,,,,,,,,,,Y,4,0,1,2,A,-,10,21950,A,N,G,B,B,A,H,-,A,A,0,Y,,,,Y,,A,7,0,0,1,0,1,0,0,0,0,-,-,LOS ANGELES,LOS ANGELES,-118.23834,34.06236001
8120677,2016,9/19/2016,1942,7/25/2016,1810,42060,667,1,5,7,1942,0,0,0,F,0,6A48,SANTA MONICA BL,GORDON ST,0,,Y,A,-,N,,,,,,,,,,N,3,0,1,2,A,-,5,21650,1,N,H,G,A,A,H,-,A,D,0,,Y,,,Y,,L,4,0,1,0,0,0,0,1,0,0,-,-,LOS ANGELES,LOS ANGELES,-118.32009,34.09075006
8120674,2016,9/19/2016,1942,7/7/2016,645,34251,2069,4,5,7,1942,0,0,0,,0,6T7,PICO BL,HOOVER ST,121,W,N,B,-,N,,,,,,,,,,N,4,0,1,2,A,-,3,22350,,F,D,G,A,A,H,-,A,D,0,,Y,,,Y,,-,99,0,0,1,0,0,0,1,0,0,-,-,LOS ANGELES,LOS ANGELES,-118.2846085,34.04729
8120670,2016,9/19/2016,1942,7/6/2016,2050,34332,111,3,5,7,1942,0,0,0,A,0,2T15,CESAR E CHAVEZ AV,UNION STATION DWY,0,,Y,A,-,N,,,,,,,,,,N,3,0,1,2,A,-,5,21650,,N,D,G,A,A,H,-,C,A,0,,Y,,,Y,Y,L,4,0,1,0,0,0,0,1,0,0,-,-,LOS ANGELES,LOS ANGELES,,
8120669,2016,9/19/2016,1942,7/30/2016,230,37836,663,6,5,7,1942,0,0,0,,0,6XL69,SANTA MONICA BL,LAS PALMAS AV,0,,Y,A,-,N,,,,,,,,,,N,4,0,1,2,A,-,10,21950,A,N,A,B,B,A,H,-,C,A,0,Y,,,,Y,Y,A,1,0,0,1,0,1,0,0,0,0,-,-,LOS ANGELES,LOS ANGELES,-118.3362701,34.09072005
8120662,2016,9/27/2016,1942,7/8/2016,650,39993,2088,5,5,7,1942,0,0,0,,0,6TL7,VENICE BL,VERMONT AV,60,W,N,A,-,N,,,,,,,,,,N,3,0,1,2,A,-,0,21760,,N,H,G,A,A,H,-,A,D,0,,Y,,,Y,,A,7,0,1,0,0,0,0,1,0,0,-,-,LOS ANGELES,LOS ANGELES,-118.2917976,34.0442557
8120653,2016,9/19/2016,1942,7/29/2016,145,42283,LOSAN,5,5,7,1942,0,0,0,,0,6A31,SUNSET BL,CURSON AV,180,W,N,A,-,N,,,,,,,,,,Y,3,0,1,2,A,-,11,21954,A,N,G,B,D,A,H,-,C,D,0,Y,,,,Y,,N,60,0,1,0,0,1,0,0,0,0,-,-,LOS ANGELES,LOS ANGELES,-118.3556234,34.0980469
8120649,2016,9/19/2016,1942,7/17/2016,1400,38731,657,7,5,7,1942,0,0,0,F,0,2A17,ROMAINE ST,WILTON PL,200,E,N,A,-,N,,,,,,,,,,N,4,0,1,2,A,-,11,21954,A,N,G,B,E,A,H,-,A,D,0,Y,,,,Y,,N,60,0,0,1,0,1,0,0,0,0,-,-,LOS ANGELES,LOS ANGELES,-118.3129109,34.08849067
8120645,2016,9/19/2016,1942,7/26/2016,715,42295,678,2,5,7,1942,0,0,0,F,0,6A31,WESTERN AV,ROMAINE ST,0,,Y,A,-,N,,,,,,,,,,N,2,0,1,2,A,-,10,21950,A,N,G,B,B,A,H,-,A,A,0,Y,,,,Y,,A,1,1,0,0,0,1,0,0,0,0,-,-,LOS ANGELES,LOS ANGELES,-118.3091601,34.08849001
8120637,2016,9/15/2016,1965,8/29/2016,2100,3894,0B1K,1,5,5,1965,0,0,0,,0,B001,SANTA MONICA BL,3RD ST,120,W,N,A,-,N,,,,,,,,,,N,4,0,1,2,A,-,6,21750,,N,G,B,E,A,H,-,C,A,0,Y,,,,Y,,-,,0,0,1,0,1,0,0,0,0,-,-,LOS ANGELES,SANTA MONICA,-118.496415,34.01542354
8120622,2016,11/9/2016,1942,8/26/2016,1250,42068,144,5,5,7,1942,0,0,0,A,0,1A84,SPRING ST,5TH ST,200,N,N,A,-,N,,,,,,,,,,N,4,0,1,2,A,-,8,22107,,N,-,C,A,A,H,-,A,-,0,,Y,,,Y,,A,8,0,0,1,0,0,0,1,0,0,-,-,LOS ANGELES,LOS ANGELES,-118.2492349,34.04782897
8120621,2016,9/15/2016,1965,8/28/2016,50,3869,0B4C,7,5,5,1965,0,0,0,,0,4,ADELAIDE DR,4TH ST,0,,Y,A,-,N,,,,,,,,,,Y,2,0,2,3,A,-,3,22350,,N,E,E,F,A,H,-,C,A,0,Y,,,,Y,,A,1,1,1,0,0,1,0,0,0,0,-,-,LOS ANGELES,SANTA MONICA,-118.51242,34.03018002
8120597,2016,9/15/2016,1965,8/23/2016,830,3456,0B2B,2,5,5,1965,0,0,0,,0,B002,14TH ST,PINE ST,64,S,N,A,-,N,,,,,,,,,,N,3,0,1,2,A,-,21,22106,,F,G,B,D,A,H,-,A,A,0,Y,,,,Y,,A,1,0,1,0,0,1,0,0,0,0,-,-,LOS ANGELES,SANTA MONICA,-118.4715786,34.01175272
8120590,2016,9/15/2016,1965,8/28/2016,2255,3867,0B1L,7,5,5,1965,0,0,0,,0,A001,OCEAN AV,ARIZONA AV,21,N,N,A,-,N,,,,,,,,,,N,3,0,1,2,A,-,11,21950,B,N,D,B,B,A,H,-,C,A,0,Y,,,,Y,,N,60,0,1,0,0,1,0,0,0,0,-,-,LOS ANGELES,SANTA MONICA,-118.4997043,34.01547427
8120585,2016,9/15/2016,1942,8/20/2016,1120,42294,882,6,5,7,1942,0,0,0,H,0,8A12,SAWTELLE BL,OLYMPIC BL,250,S,N,-,-,N,,,,,,,,,,N,3,0,1,2,A,-,0,21760,C,N,B,G,A,A,H,-,A,D,0,,Y,,,Y,,A,1,0,1,0,0,0,0,1,0,0,-,-,LOS ANGELES,LOS ANGELES,-118.4407447,34.03761418
8120582,2016,9/15/2016,1942,8/26/2016,1705,38171,195,5,5,7,1942,0,0,0,A,0,11T32,14TH ST,BROADWAY,0,,Y,A,-,N,,,,,,,,,,N,4,0,1,2,A,-,10,21950,A,N,G,B,B,A,H,-,A,-,0,Y,,,,Y,,A,1,0,0,1,0,1,0,0,0,0,-,-,LOS ANGELES,LOS ANGELES,-118.2624601,34.03553011
8120573,2016,9/15/2016,1942,8/22/2016,1715,31255,785,1,5,7,1942,0,0,0,G,0,8TL26,WASHINGTON BL,WEST BL,75,W,N,A,-,N,,,,,,,,,,Y,2,0,2,3,A,-,4,21703,,N,C,C,A,A,H,-,A,D,0,,Y,,,Y,,A,1,1,1,0,0,0,0,1,0,0,-,-,LOS ANGELES,LOS ANGELES,-118.3380871,34.03984
8120540,2016,9/14/2016,1942,8/9/2016,1230,40690,1494,2,5,7,1942,0,0,0,N,0,14T47,AIRPORT BL,CENTURY BL,160,N,N,A,-,N,,,,,,,,,,N,4,0,1,2,A,-,9,21801,A,N,H,G,A,A,H,-,C,D,0,,Y,,,Y,,L,4,0,0,1,0,0,0,1,0,0,-,-,LOS ANGELES,LOS ANGELES,-118.3860331,33.94601863
8120537,2016,9/16/2016,1942,6/13/2016,955,38050,162,1,5,7,1942,0,0,0,A,0,1TL11,FIGUEROA ST,7TH ST,0,,Y,B,-,N,,,,,,,,,,N,3,0,2,2,A,-,12,21453,A,N,D,G,A,A,H,-,A,A,0,,Y,,,Y,,A,1,0,1,1,0,0,0,1,0,0,-,-,LOS ANGELES,LOS ANGELES,-118.2599101,34.04942011
8120525,2016,9/20/2016,1942,8/10/2016,1510,41514,RD06,3,5,7,1942,0,0,0,,0,6X28,FRANKLIN AV,WHITLEY AV,0,,Y,A,-,N,,,,,,,,,,N,4,0,1,2,D,-,0,,,N,G,B,B,A,H,-,A,A,0,Y,,,,Y,,-,-,0,0,1,0,1,0,0,0,0,-,-,LOS ANGELES,LOS ANGELES,-118.33335,34.10521005
8120515,2016,9/14/2016,1942,8/10/2016,635,42206,,3,5,7,1942,0,0,0,,0,20A45,NORMANDIE AV,WILSHIRE BL,0,,Y,A,-,N,,,,,,,,,,N,3,0,1,2,A,-,10,21950,A,N,H,B,B,A,H,-,A,A,0,Y,Y,,,Y,,L,4,0,1,0,0,1,0,0,0,0,-,-,LOS ANGELES,LOS ANGELES,-118.3003901,34.06174
8120505,2016,9/15/2016,1900,6/17/2016,1900,507891,1515,5,5,5,1954,0,0,0,,0,151T2,ROSEMEAD BL,CARRON DR,50,S,N,A,-,N,,,,,,,,,,N,4,0,1,2,A,-,3,22350,,N,A,G,A,A,H,-,A,A,0,,Y,,,Y,,A,1,0,0,1,0,0,0,1,0,0,-,-,LOS ANGELES,PICO RIVERA,-118.095701,33.98509573
8120500,2016,9/14/2016,1942,8/15/2016,905,32921,737,1,5,7,1942,0,0,0,,0,8MQ72,4TH ST,LA BREA,0,,Y,A,-,N,,,,,,,,,,N,4,0,1,2,A,-,10,21950,A,N,G,B,B,A,H,-,A,A,0,Y,,,,Y,,A,1,0,0,1,0,1,0,0,0,0,-,-,LOS ANGELES,LOS ANGELES,-118.3440501,34.06689006
8120492,2016,9/14/2016,1942,8/20/2016,1725,42156,LOSAN,6,5,7,1942,0,0,0,,0,7A58,HUDSON AV,WILSHIRE BL,0,,Y,A,-,N,,,,,,,,,,N,4,0,1,2,A,-,9,21804,A,N,D,G,A,A,H,-,A,A,0,,Y,,,Y,,L,4,0,0,1,0,0,0,1,0,0,-,-,LOS ANGELES,LOS ANGELES,-118.33326,34.06202002
8120491,2016,9/14/2016,1942,8/1/2016,2025,41045,656,1,5,7,1942,0,0,0,F,0,6A15,COLE AV,ROMAINE ST,0,,Y,A,-,N,,,,,,,,,,N,3,0,1,2,A,-,10,21950,A,N,G,B,B,A,H,-,B,D,0,Y,,,,Y,,A,1,0,1,0,0,1,0,0,0,0,-,-,LOS ANGELES,LOS ANGELES,-118.32988,34.08891006
8120484,2016,9/14/2016,1942,8/23/2016,825,36847,762,2,5,7,1942,0,0,0,G,0,7A53,CRESCENT HEIGHTS BL,AIRDROME ST,0,,Y,A,-,N,,,,,,,,,,N,3,0,1,2,A,-,12,22450,A,N,G,B,B,A,H,-,A,A,0,Y,,,,Y,,A,1,0,1,0,0,1,0,0,0,0,-,-,LOS ANGELES,LOS ANGELES,-118.37374,34.04663007
8120395,2016,9/14/2016,1942,8/22/2016,2225,37575,706,1,5,7,1942,0,0,0,G,0,6T7,MELROSE AV,MANSFIELD AV,4,E,N,A,-,N,,,,,,,,,,N,3,0,1,2,D,-,0,,,N,H,G,A,A,H,-,C,D,0,,Y,,,Y,,-,-,0,1,0,0,0,0,1,0,0,-,-,LOS ANGELES,LOS ANGELES,-118.3406368,34.08347
8120379,2016,9/14/2016,1942,8/21/2016,1535,41574,824,7,5,7,1942,0,0,0,H,0,14856,SUNSET BL,RUSTIC LN,235,E,N,A,-,N,,,,,,,,,,N,3,0,1,2,A,-,11,21954,A,N,G,B,D,A,H,-,A,A,0,Y,,,,Y,,N,60,0,1,0,0,1,0,0,0,0,-,-,LOS ANGELES,LOS ANGELES,-118.5111605,34.04885395
8120349,2016,11/19/2016,1942,8/25/2016,1625,39061,667,4,5,7,1942,0,0,0,F,0,6TL2,SUNSET BL,BRONSON AV,0,,Y,A,-,N,,,,,,,,,,N,3,0,1,2,A,-,8,22107,,F,D,G,A,A,H,-,A,A,0,,Y,,,Y,,-,99,0,1,0,0,0,0,1,0,0,-,-,LOS ANGELES,LOS ANGELES,-118.31799,34.09804006
8120347,2016,9/14/2016,1942,8/12/2016,2120,31745,1435,5,5,7,1942,0,0,0,N,0,14A28,VENICE BL,GRAND VIEW BL,180,E,N,A,-,N,,,,,,,,,,N,3,0,1,2,A,-,9,21804,A,N,D,G,A,A,H,-,C,D,0,,Y,,,Y,Y,A,1,0,1,0,0,0,0,1,0,0,-,-,LOS ANGELES,LOS ANGELES,-118.4308293,34.00521702
8120345,2016,9/13/2016,1942,8/3/2016,1530,42065,C6,3,5,7,1942,0,0,0,,0,6A79,SUNSET BL,LA BREA AV,50,E,N,A,-,N,,,,,,,,,,N,4,0,1,2,A,-,11,21954,A,N,G,B,D,A,-,-,A,D,0,Y,,,,Y,,N,60,0,0,1,0,1,0,0,0,0,-,-,LOS ANGELES,LOS ANGELES,-118.4229149,34.07975793
8120343,2016,9/14/2016,1942,8/22/2016,1215,42166,1465,1,5,7,1942,0,0,0,N,0,14A67,MESMER AV,JEFFERSON BL,0,,Y,A,-,N,,,,,,,,,,N,3,0,1,2,A,-,11,21456,B,N,G,B,B,A,H,-,A,A,0,Y,,,,Y,,N,60,0,1,0,0,1,0,0,0,0,-,-,LOS ANGELES,LOS ANGELES,-118.4012401,33.98637003
8120331,2016,9/14/2016,1942,8/19/2016,1540,41179,882,5,5,7,1942,0,0,0,H,0,8TL28,SAWTELLE BL,OLYMPIC BL,27,E,N,A,-,N,,,,,,,,,,Y,3,0,1,2,A,-,11,21955,,N,G,B,D,A,H,-,A,A,0,Y,,,,Y,,A,1,0,1,0,0,1,0,0,0,0,-,-,LOS ANGELES,LOS ANGELES,-118.4411597,34.03811892
8120285,2016,9/16/2016,1942,6/26/2016,2210,40235,788,7,5,7,1942,0,0,0,,0,7A69,6TH AV,17TH ST,220,N,N,A,-,N,,,,,,,,,,Y,3,0,2,2,A,-,1,23152,A,N,D,B,E,A,H,-,C,D,0,Y,,,,Y,Y,D,22,0,2,0,0,1,0,0,0,0,-,-,LOS ANGELES,LOS ANGELES,,
8120078,2016,9/14/2016,1942,7/3/2016,1530,41072,555,7,5,7,1942,0,0,0,E,0,18T23,SANTA CRUZ ST,PACIFIC AV,3,S,N,A,-,N,,,,,,,,,,N,4,0,1,2,A,-,10,21950,C,F,G,B,B,A,H,-,A,-,0,Y,,,,Y,,-,99,0,0,1,0,1,0,0,0,0,-,-,LOS ANGELES,LOS ANGELES,-118.28788,33.74422
8120066,2016,9/14/2016,1942,7/29/2016,2140,40003,526,5,5,7,1942,0,0,0,E,0,3TL5,ANAHEIM ST,MARINE AV,0,,Y,A,-,N,,,,,,,,,,N,4,0,1,2,A,-,10,21950,A,N,A,B,B,A,H,-,C,D,0,Y,,,,Y,,A,1,0,0,1,0,1,0,0,0,0,-,-,LOS ANGELES,LOS ANGELES,-118.2637701,33.77991006
8120065,2016,10/6/2016,1942,7/1/2016,1545,42357,376,5,5,7,1942,0,0,0,C,0,3A74,BRIGHTON AV,MARTIN LUTHER KING JR BL,4,S,N,A,-,N,,,,,,,,,,N,4,0,1,2,A,-,9,21804,A,N,G,G,A,A,H,-,A,A,0,,Y,,,Y,,A,7,0,0,1,0,0,0,1,0,0,-,-,LOS ANGELES,LOS ANGELES,-118.30125,34.01084903
8120038,2016,9/14/2016,1942,7/12/2016,1650,40063,329,2,5,7,1942,0,0,0,C,0,3A12,FIGUEROA ST,JEFFERSON BL,100,N,N,A,-,N,,,,,,,,,,N,3,0,1,2,A,-,9,21804,A,N,D,G,A,A,H,-,A,D,0,,Y,,,Y,,A,1,0,1,0,0,0,0,1,0,0,-,-,LOS ANGELES,LOS ANGELES,-118.2798429,34.02219103
8120021,2016,2/28/2017,1942,7/5/2016,1630,41411,318,2,5,7,1942,0,0,0,C,0,3A12,HOOVER ST,RT 10,0,,Y,A,-,Y,LA,7,10,-,-,14.37,R,3,E,N,4,0,1,2,A,-,10,21950,A,N,G,B,B,A,H,-,A,A,0,Y,,,,Y,,A,1,0,0,1,0,1,0,0,0,0,-,-,LOS ANGELES,LOS ANGELES,-118.2819335,34.03746551
8120010,2016,9/14/2016,1942,7/1/2016,1840,41957,374,5,5,7,1942,0,0,0,C,0,1840,RODEO RD,3RD AV,30,W,N,A,-,N,,,,,,,,,,N,4,0,1,2,A,-,9,21801,A,N,A,G,A,A,H,-,A,D,0,,Y,,,Y,,A,1,0,0,1,0,0,0,1,0,0,-,-,LOS ANGELES,LOS ANGELES,-118.3207388,34.01826
8120006,2016,9/14/2016,1942,7/4/2016,1430,41858,359,1,5,7,1942,0,0,0,C,0,3X75,MARTIN LUTHER KING BL,FIGUEROA ST,10,E,N,A,-,N,,,,,,,,,,N,4,0,1,2,A,-,4,21703,,N,C,G,A,A,H,-,A,A,0,,Y,,,Y,,A,1,0,0,1,0,0,0,1,0,0,-,-,LOS ANGELES,LOS ANGELES,-118.2827071,34.01112911
8120002,2016,9/14/2016,1942,7/3/2016,2130,41933,375,7,5,7,1942,0,0,0,C,0,3A41W3,MARTIN LUTHER KING JR BL,GRAMERCY PL,0,,Y,A,-,N,,,,,,,,,,N,4,0,1,2,A,-,10,21950,A,N,G,B,B,A,H,-,C,A,0,Y,,,,Y,,A,1,0,0,1,0,1,0,0,0,0,-,-,LOS ANGELES,LOS ANGELES,-118.3138501,34.01084012
8119905,2016,9/16/2016,1942,7/20/2016,1120,42115,1851,3,5,7,1942,0,0,0,R,0,18A97,ROSECRANS AV,VERMONT AV,200,E,N,A,-,N,,,,,,,,,,N,3,0,1,2,A,-,3,22350,,N,D,G,A,A,H,-,A,D,0,,Y,,,Y,,L,4,0,1,0,0,0,0,1,0,0,-,-,LOS ANGELES,LOS ANGELES,-118.2909322,33.90189723
8119497,2016,9/13/2016,1900,8/31/2016,1327,529398,2844,3,5,5,1915,0,0,0,,0,283T3,GREENLEAF BL,CALIFORNIA AV,0,,Y,A,-,N,,,,,,,,,,Y,2,0,5,6,A,-,5,21460,A,N,D,C,B,A,H,-,A,D,0,Y,,,,Y,,A,1,2,0,3,0,1,0,0,0,0,-,-,LOS ANGELES,COMPTON,-118.2109801,33.88125012
8119493,2016,9/13/2016,1900,8/17/2016,1645,517780,2844,3,5,5,1915,0,0,0,,0,283T1,BURRIS AV,GREEN LEAF BL,27,W,N,A,-,N,,,,,,,,,,N,4,0,1,2,A,-,17,21208,A,F,A,G,A,A,H,-,A,A,0,,Y,,,Y,,L,4,0,0,1,0,0,0,1,0,0,-,-,LOS ANGELES,COMPTON,-118.2100344,33.88133395