CASE_ID,ACCIDENT_YEAR,PROC_DATE,JURIS,COLLISION_DATE,COLLISION_TIME,OFFICER_ID,REPORTING_DISTRICT,DAY_OF_WEEK,CHP_SHIFT,POPULATION,CNTY_CITY_LOC,SPECIAL_COND,BEAT_TYPE,CHP_BEAT_TYPE,CITY_DIVISION_LAPD,CHP_BEAT_CLASS,BEAT_NUMBER,PRIMARY_RD,SECONDARY_RD,DISTANCE,DIRECTION,INTERSECTION,WEATHER_1,WEATHER_2,STATE_HWY_IND,CALTRANS_COUNTY,CALTRANS_DISTRICT,STATE_ROUTE,ROUTE_SUFFIX,POSTMILE_PREFIX,POSTMILE,LOCATION_TYPE,RAMP_INTERSECTION,SIDE_OF_HWY,TOW_AWAY,COLLISION_SEVERITY,NUMBER_KILLED,NUMBER_INJURED,PARTY_COUNT,PRIMARY_COLL_FACTOR,PCF_CODE_OF_VIOL,PCF_VIOL_CATEGORY,PCF_VIOLATION,PCF_VIOL_SUBSECTION,HIT_AND_RUN,TYPE_OF_COLLISION,MVIW,PED_ACTION,ROAD_SURFACE,ROAD_COND_1,ROAD_COND_2,LIGHTING,CONTROL_DEVICE,CHP_ROAD_TYPE,PEDESTRIAN_ACCIDENT,BICYCLE_ACCIDENT,MOTORCYCLE_ACCIDENT,TRUCK_ACCIDENT,NOT_PRIVATE_PROPERTY,ALCOHOL_INVOLVED,STWD_VEHTYPE_AT_FAULT,CHP_VEHTYPE_AT_FAULT,COUNT_SEVERE_INJ,COUNT_VISIBLE_INJ,COUNT_COMPLAINT_PAIN,COUNT_PED_KILLED,COUNT_PED_INJURED,COUNT_BICYCLIST_KILLED,COUNT_BICYCLIST_INJURED,COUNT_MC_KILLED,COUNT_MC_INJURED,PRIMARY_RAMP,SECONDARY_RAMP,COUNTY,CITY,LONGITUDE,LATITUDE
8096206,2016,9/27/2016,1969,7/2/2016,1616,10203,PATRO,6,5,5,1969,0,0,0,,0,2,TWEEDY BL,ELIZABETH AV,15,E,N,A,-,N,,,,,,,,,,N,3,0,1,2,A,-,10,21950,A,F,G,B,B,A,H,-,A,D,0,Y,,,,Y,,-,,0,1,0,0,1,0,0,0,0,-,-,LOS ANGELES,SOUTH GATE,-118.2097009,33.94465573
8096202,2016,8/5/2016,1969,7/5/2016,1035,10200,PATRO,2,5,5,1969,0,0,0,,0,2,LONG BEACH BL,LAUREL PL,0,,Y,A,-,N,,,,,,,,,,N,4,0,1,2,A,-,17,21208,B,N,G,G,A,A,H,-,A,D,0,,Y,,,Y,,L,4,0,0,1,0,0,0,1,0,0,-,-,LOS ANGELES,SOUTH GATE,-118.22096,33.95674004
8096134,2016,8/12/2016,1942,7/22/2016,1850,25495,783,5,5,7,1942,0,0,0,G,0,7T23,HAUSER BL,APPLE ST,5,S,N,A,-,N,,,,,,,,,,Y,4,0,1,2,A,-,10,21950,A,N,-,B,B,A,H,-,A,A,0,Y,,,,Y,,D,22,0,0,1,0,1,0,0,0,0,-,-,LOS ANGELES,LOS ANGELES,-118.3620543,34.03427676
8096128,2016,8/10/2016,1942,7/23/2016,2336,25495,734,6,5,7,1942,0,0,0,G,0,7TL23,3RD ST,BURNSIDE AV,140,E,N,A,-,N,,,,,,,,,,N,3,0,1,2,A,-,3,22350,,N,C,G,A,A,H,-,C,D,0,,Y,,,Y,,A,1,0,1,0,0,0,0,1,0,0,-,-,LOS ANGELES,LOS ANGELES,-118.3547355,34.07059397
8096127,2016,8/8/2016,1942,7/22/2016,650,39065,649,5,5,7,1942,0,0,0,F,0,7T23,HOLLYWOOD BL,NORMANDIE AV,0,,Y,A,-,N,,,,,,,,,,N,3,0,1,2,A,-,9,21801,A,N,A,B,B,A,H,-,A,D,0,Y,,,Y,Y,,F,21,0,1,0,0,1,0,0,0,0,-,-,LOS ANGELES,LOS ANGELES,-118.3005601,34.10175009
8096126,2016,8/8/2016,1942,7/22/2016,2305,25495,734,5,5,7,1942,0,0,0,G,0,7T23,3RD ST,GILMORE LN,80,W,N,A,-,N,,,,,,,,,,N,4,0,3,3,A,-,3,22350,,N,C,C,D,A,H,-,C,A,0,Y,,,,Y,Y,A,1,0,0,3,0,1,0,0,0,0,-,-,LOS ANGELES,LOS ANGELES,-118.3597403,34.07130517
8096120,2016,8/8/2016,1942,7/25/2016,720,40157,745,1,5,7,1942,0,0,0,G,0,6TL7,COCHRAN AV,WILSHIRE BL,7,N,N,A,-,N,,,,,,,,,,N,3,0,1,2,A,-,9,21801,A,N,H,G,A,A,H,-,A,A,0,,Y,,,Y,,A,1,0,1,0,0,0,0,1,0,0,-,-,LOS ANGELES,LOS ANGELES,-118.3472005,34.06229919
8096107,2016,8/5/2016,1942,7/26/2016,1730,38380,2016,2,5,7,1942,0,0,0,,0,20TL58,2ND ST,ALEXANDRIA AV,0,,Y,A,-,N,,,,,,,,,,N,3,0,1,2,A,-,10,21950,A,N,G,B,B,A,H,-,A,A,0,Y,,,,Y,,A,8,0,1,0,0,1,0,0,0,0,-,-,LOS ANGELES,LOS ANGELES,-118.2984201,34.0712001
8095980,2016,8/5/2016,1942,7/8/2016,1430,42344,969,5,5,7,1942,0,0,0,I,0,9A37,COLDWATER CYN,MAGNOLIA BL,300,N,N,A,-,N,,,,,,,,,,N,3,0,1,2,B,-,22,,,N,G,B,F,A,H,-,A,D,0,Y,,,,Y,,D,22,0,1,0,0,1,0,0,0,0,-,-,LOS ANGELES,LOS ANGELES,-118.4138,34.16569285
8095879,2016,8/4/2016,1942,7/6/2016,1030,30452,905,3,5,7,1942,0,0,0,I,0,9TL53,VISTA DEL MONTE AV,VALERIO ST,0,,Y,A,-,N,,,,,,,,,,N,3,0,1,2,A,-,11,21950,B,N,G,B,B,A,H,-,A,D,0,Y,,,,Y,,N,60,0,1,0,0,1,0,0,0,0,-,-,LOS ANGELES,LOS ANGELES,-118.4500601,34.20482009
8095874,2016,8/4/2016,1942,7/9/2016,700,40928,914,6,5,7,1942,0,0,0,I,0,10T37,VAN NUYS BL,VOSE ST,0,,Y,A,-,N,,,,,,,,,,N,4,0,1,2,A,-,10,21950,A,N,G,B,B,A,H,-,A,A,0,Y,,,,Y,,A,1,0,0,1,0,1,0,0,0,0,-,-,LOS ANGELES,LOS ANGELES,-118.4487901,34.19845008
8095865,2016,8/8/2016,1942,7/12/2016,1430,38285,914,2,5,7,1942,0,0,0,I,0,16TL28,SEPULVEDA BL,HATTERAS ST,145,S,N,A,-,N,,,,,,,,,,N,4,0,1,2,A,-,0,56151,,N,D,G,A,A,H,-,A,D,0,,Y,,,Y,,L,4,0,0,1,0,0,0,1,0,0,-,-,LOS ANGELES,LOS ANGELES,-118.4661594,34.17533227
8095855,2016,8/8/2016,1942,7/18/2016,1735,39271,2136,1,5,7,1942,0,0,0,,0,21X44,HART ST,MILWOOD AV,0,,Y,A,-,N,,,,,,,,,,N,4,0,1,2,A,-,10,21950,A,F,G,B,B,A,H,-,A,A,0,Y,,,,Y,,-,99,0,0,1,0,1,0,0,0,0,-,-,LOS ANGELES,LOS ANGELES,-118.5942601,34.19739001
8095850,2016,8/8/2016,1942,7/2/2016,1405,26947,1586,6,5,7,1942,0,0,0,O,0,35M25,LANKERSHIM BL,CAMP DE CAHUENGA,108,E,N,A,-,N,,,,,,,,,,N,3,0,1,1,A,-,12,21453,A,N,E,-,A,A,H,-,A,A,0,,Y,,,Y,,L,4,0,1,0,0,0,0,1,0,0,-,-,LOS ANGELES,LOS ANGELES,,
8095784,2016,8/5/2016,1955,7/14/2016,1900,42251,67,4,5,6,1955,0,0,0,,0,1,TEMPLE AV,UNIVERSITY DR,0,,Y,A,-,N,,,,,,,,,,N,4,0,1,2,A,-,12,21453,A,N,D,G,A,A,H,-,A,A,0,,Y,,,Y,,L,4,0,0,1,0,0,0,1,0,0,-,-,LOS ANGELES,POMONA,-117.82067,34.05056009
8095742,2016,1/23/2017,1900,7/23/2016,1246,529688,1015,6,5,3,1995,0,0,0,,0,101T4,RT 1,WEBB WY,65,E,N,A,-,Y,LA,7,1,-,-,47.43,H,-,S,Y,3,0,1,2,A,-,8,22107,,N,B,G,A,A,H,-,A,A,0,,Y,,,Y,,A,1,0,1,0,0,0,0,1,0,0,-,-,LOS ANGELES,MALIBU,-118.6909808,34.03463172
8095718,2016,3/16/2017,1942,6/21/2016,1735,40421,1343,2,5,7,1942,0,0,0,M,0,13X28,MARTIN LUTHER KING JR,AVALON,50,E,N,A,-,N,,,,,,,,,,N,3,0,1,2,A,-,8,22107,,F,-,G,A,-,H,-,A,A,0,,Y,,,Y,,-,99,0,1,0,0,0,0,1,0,0,-,-,LOS ANGELES,LOS ANGELES,-118.2650953,34.01106
8095685,2016,8/3/2016,1942,5/31/2016,1725,36911,525,2,5,7,1942,0,0,0,E,0,25QL89,NEPTUNE AV,D ST,46,N,N,A,-,N,,,,,,,,,,Y,3,0,1,2,A,-,3,22350,A,F,A,G,A,A,H,-,A,D,0,,Y,,,Y,,A,1,0,1,0,0,0,0,1,0,0,-,-,LOS ANGELES,LOS ANGELES,-118.2685211,33.77392582
8095528,2016,8/4/2016,1941,7/21/2016,1836,10033,,4,5,7,1941,0,0,0,,0,,10TH ST,OHIO AV,0,,Y,A,-,N,,,,,,,,,,N,3,0,1,2,A,-,11,21954,A,N,G,B,B,A,H,-,A,A,0,Y,,,,Y,,N,,0,1,0,0,1,0,0,0,0,-,-,LOS ANGELES,LONG BEACH,-118.1600601,33.77896005
8095526,2016,8/4/2016,1941,7/21/2016,2313,10551,,4,5,7,1941,0,0,0,,0,,APPLETON ST,JUNIPERO AV,4,W,N,A,-,N,,,,,,,,,,N,4,0,1,2,A,-,12,22450,A,N,D,G,A,A,H,-,C,D,0,,Y,,,Y,,A,,0,0,1,0,0,0,1,0,0,-,-,LOS ANGELES,LONG BEACH,-118.1656727,33.76749292
8095519,2016,8/2/2016,1941,7/18/2016,1900,10779,,1,5,7,1941,0,0,0,,0,,PINE AV,POLE #LA1657,20,N,N,A,-,N,,,,,,,,,,N,2,0,1,2,A,-,5,21202,A,N,A,G,A,A,H,-,A,D,0,,Y,,,Y,,L,,1,0,0,0,0,0,1,0,0,-,-,LOS ANGELES,LONG BEACH,,
8095510,2016,8/2/2016,1942,7/1/2016,825,38185,1067,5,5,7,1942,0,0,0,J,0,9TL57,WHITE OAK AV,MAGNOLIA BL,10,N,N,A,-,N,,,,,,,,,,N,4,0,1,2,A,-,10,21950,A,N,G,B,D,A,H,-,A,A,0,Y,,,,Y,,A,1,0,0,1,0,1,0,0,0,0,-,-,LOS ANGELES,LOS ANGELES,-118.5185606,34.16537743
8095495,2016,8/3/2016,1941,7/19/2016,730,5839,,2,5,7,1941,0,0,0,,0,,10TH ST,ROSE AV,0,,Y,A,-,N,,,,,,,,,,N,3,0,1,2,A,-,9,21801,A,N,D,G,A,A,H,-,A,D,0,,Y,,,Y,,A,,0,1,0,0,0,0,1,0,0,-,-,LOS ANGELES,LONG BEACH,-118.1698701,33.77896007
8095492,2016,8/3/2016,1941,7/18/2016,1858,10683,,1,5,7,1941,0,0,0,,0,,HYATT DR,PINE AV,0,,Y,A,-,N,,,,,,,,,,N,3,0,1,2,A,-,10,21950,A,N,G,B,B,A,H,-,A,A,0,Y,,,,Y,,A,,0,1,0,0,1,0,0,0,0,-,-,LOS ANGELES,LONG BEACH,,
8095470,2016,8/3/2016,1942,6/7/2016,1620,38603,963,2,5,7,1942,0,0,0,I,0,9A63,ADDISON ST,KESTER AV,2,E,N,A,-,N,,,,,,,,,,N,3,0,1,2,A,-,9,21804,A,N,D,G,A,A,H,-,A,D,0,,Y,,,Y,,L,4,0,1,0,0,0,0,1,0,0,-,-,LOS ANGELES,LOS ANGELES,-118.4574434,34.16121003
8095455,2016,8/5/2016,1942,7/5/2016,1310,34024,1077,2,5,7,1942,0,0,0,J,0,1023,LOUISE AV,VENTURA BL,300,S,N,A,-,N,,,,,,,,,,N,4,0,1,2,A,-,10,21952,,N,G,B,F,A,H,-,A,D,0,Y,,,,Y,,D,22,0,0,1,0,1,0,0,0,0,-,-,LOS ANGELES,LOS ANGELES,-118.5099903,34.16007503
8095453,2016,8/8/2016,1942,6/16/2016,1230,30947,984,4,5,7,1942,0,0,0,I,0,9A5,VENTURA BL,VAN NUYS BL,100,E,N,A,-,N,,,,,,,,,,N,3,0,1,2,D,-,0,,,N,B,G,A,A,H,-,A,D,0,,Y,,Y,Y,,-,-,0,1,0,0,0,0,1,0,0,-,-,LOS ANGELES,LOS ANGELES,-118.4483764,34.1508667
8095438,2016,9/27/2016,1942,7/1/2016,1150,38480,1075,5,5,7,1942,0,0,0,J,0,10A1,WHITE OAK AV,VENTURA BL,0,,Y,A,-,N,,,,,,,,,,N,2,0,1,2,A,-,8,22107,,N,G,B,B,A,H,-,A,A,0,Y,,,,Y,,A,1,1,0,0,0,1,0,0,0,0,-,-,LOS ANGELES,LOS ANGELES,-118.5185501,34.16242003
8095426,2016,8/2/2016,1942,7/19/2016,710,40054,938,2,5,7,1942,0,0,0,I,0,19T75,WOODMAN AV,BESSEMER ST,80,N,N,A,-,N,,,,,,,,,,N,3,0,1,2,B,-,22,,,N,D,G,A,A,H,-,A,D,0,,Y,,,Y,,A,1,0,1,0,0,0,0,1,0,0,-,-,LOS ANGELES,LOS ANGELES,-118.43125,34.18143943
8095425,2016,8/2/2016,1942,7/20/2016,2120,36542,933,3,5,7,1942,0,0,0,I,0,10T37W,SYLVAN AV,VAN NUYS BL,5,E,N,A,-,N,,,,,,,,,,N,4,0,1,2,A,-,11,21950,B,N,A,B,B,A,H,-,C,A,0,Y,,,,Y,,N,60,0,0,1,0,1,0,0,0,0,-,-,LOS ANGELES,LOS ANGELES,-118.4487435,34.18464022
8095423,2016,8/3/2016,1942,7/23/2016,1400,39216,1651,6,5,7,1942,0,0,0,P,0,16A23,LAUREL CANYON BL,MONTAGUE ST,150,S,N,B,F,N,,,,,,,,,,N,4,0,1,3,A,-,1,23153,A,N,B,B,E,A,G,-,A,-,0,Y,,,,Y,Y,A,1,0,0,1,0,1,0,0,0,0,-,-,LOS ANGELES,LOS ANGELES,-118.4160009,34.24357245
8095377,2016,8/3/2016,1942,7/3/2016,315,25495,774,7,5,7,1942,0,0,0,G,0,7T23,WASHINGTON BL,ORANGE DR,115,W,N,A,-,N,,,,,,,,,,N,4,0,1,2,A,-,10,21952,,N,G,B,F,A,H,-,C,D,0,Y,,,,Y,,D,22,0,0,1,0,1,0,0,0,0,-,-,LOS ANGELES,LOS ANGELES,-118.350064,34.04086071
8095288,2016,8/3/2016,1925,7/15/2016,1534,20871,166,5,5,6,1925,0,0,0,,0,1,BRAND BL,STOCKER ST,10,S,N,A,-,N,,,,,,,,,,N,2,0,1,2,A,-,11,21456,B,N,G,B,B,A,H,-,A,A,0,Y,,,,Y,,N,60,1,0,0,0,1,0,0,0,0,-,-,LOS ANGELES,GLENDALE,-118.25506,34.16364258
8095261,2016,8/1/2016,1942,6/28/2016,1240,41376,711,2,5,7,1942,0,0,0,G,0,7T38,ORLANDO AV,BEVERLY AV,0,,Y,A,-,N,,,,,,,,,,N,4,0,1,2,A,-,10,21950,A,N,G,B,B,A,H,-,A,A,0,Y,,,,Y,,A,1,0,0,1,0,1,0,0,0,0,-,-,LOS ANGELES,LOS ANGELES,-118.3731601,34.07605001
8095259,2016,8/1/2016,1942,6/30/2016,1930,37575,745,4,5,7,1942,0,0,0,G,0,14T47,RIDGELEY DR,WILSHIRE BL,0,,Y,A,-,N,,,,,,,,,,N,4,0,1,2,A,-,5,21650,,N,H,G,A,A,H,-,A,A,0,,Y,,,Y,,L,4,0,0,1,0,0,0,1,0,0,-,-,LOS ANGELES,LOS ANGELES,-118.3504601,34.06235001
8095254,2016,8/2/2016,1942,6/30/2016,1630,37724,1802,4,5,7,1942,0,0,0,R,0,5TL21,BROADWAY,89TH ST,10,N,N,A,-,N,,,,,,,,,,N,2,0,1,2,A,-,10,21950,A,F,G,B,B,A,H,-,A,A,0,Y,,,,Y,,-,99,1,0,0,0,1,0,0,0,0,-,-,LOS ANGELES,LOS ANGELES,,
8095232,2016,8/3/2016,1942,6/7/2016,1905,40972,1602,2,5,7,1942,0,0,0,P,0,15T45,DRONFIELD AV,FILMORE ST,10,S,N,A,-,N,,,,,,,,,,N,4,0,1,2,A,-,10,21950,A,N,G,B,B,A,H,-,A,D,0,Y,,,,Y,,A,7,0,0,1,0,1,0,0,0,0,-,-,LOS ANGELES,LOS ANGELES,-118.4082577,34.28140976
8095229,2016,8/11/2016,1942,6/13/2016,1510,39355,1655,1,5,7,1942,0,0,0,P,0,10TL34,WHEATLAND AV,VAIL DR,497,E,N,A,-,N,,,,,,,,,,N,2,0,1,2,C,-,18,,,N,C,B,F,A,H,-,A,D,0,Y,,,,Y,Y,-,-,1,0,0,0,1,0,0,0,0,-,-,LOS ANGELES,LOS ANGELES,-118.3580879,34.26328898
8095223,2016,8/29/2016,1942,6/26/2016,2100,32781,1505,7,5,7,1942,0,0,0,O,0,15A84,VALERIO ST,TUJUNGA AV,190,E,N,A,-,N,,,,,,,,,,N,3,0,1,2,A,-,5,21650,1,N,D,G,A,A,H,-,C,D,0,,Y,,,Y,,L,4,0,1,0,0,0,0,1,0,0,-,-,LOS ANGELES,LOS ANGELES,-118.3784028,34.20483
8095215,2016,8/3/2016,1925,6/5/2016,1215,20812,252,7,5,6,1925,0,0,0,,0,3,HARVARD ST,BELMONT,12,W,N,A,-,N,,,,,,,,,,N,3,0,1,2,A,-,17,21200,A,F,D,G,A,A,H,-,A,D,0,,Y,,,Y,,L,4,0,1,0,0,0,0,1,0,0,-,-,LOS ANGELES,GLENDALE,-118.2431096,34.14445
8095080,2016,8/4/2016,1955,7/9/2016,1614,41949,89,6,5,6,1955,0,0,0,,0,4,RESERVOIR AV,PHILADELPHIA ST,150,S,N,A,-,N,,,,,,,,,,N,3,0,1,2,A,-,5,21650,1,N,D,G,A,A,H,-,A,A,0,,Y,,,Y,,A,7,0,1,0,0,0,0,1,0,0,-,-,LOS ANGELES,POMONA,-117.7317517,34.03330914
8095076,2016,8/5/2016,1900,7/16/2016,1830,268131,334,6,5,4,1939,0,0,0,,0,35T1,169TH ST,HAWTHORNE BL,0,,Y,A,-,N,,,,,,,,,,N,3,0,1,2,A,-,12,22450,A,N,H,G,A,A,H,-,A,A,0,,Y,,,Y,,L,4,0,1,0,0,0,0,1,0,0,-,-,LOS ANGELES,LAWNDALE,-118.35271,33.87757011
8095070,2016,8/5/2016,1900,7/1/2016,1521,543240,2610,5,5,6,1950,0,0,0,,0,264T1,10TH ST EAST,AVE R,0,,Y,A,-,N,,,,,,,,,,Y,3,0,1,2,A,-,5,21650,1,N,D,G,A,A,H,-,A,A,0,,Y,,,Y,,L,4,0,1,0,0,0,0,1,0,0,-,-,LOS ANGELES,PALMDALE,-118.1117401,34.57262004
8095052,2016,8/5/2016,1900,7/26/2016,700,518218,331,2,5,4,1939,0,0,0,,0,35T1,MARINE AV,FREEMAN AV,125,W,N,A,-,N,,,,,,,,,,N,3,0,1,2,A,-,7,21658,A,N,B,G,A,A,H,-,A,D,0,,Y,,,Y,,L,4,0,1,0,0,0,0,1,0,0,-,-,LOS ANGELES,LAWNDALE,-118.3493411,33.89464
8095048,2016,8/4/2016,1955,7/13/2016,2230,30284,79,3,5,6,1955,0,0,0,,0,5,HAMILTON BL,FERNLEAF AV,0,,Y,A,-,N,,,,,,,,,,N,3,0,1,2,A,-,8,22107,,N,B,G,A,A,H,-,C,A,0,,Y,,,Y,,A,1,0,1,0,0,0,0,1,0,0,-,-,LOS ANGELES,POMONA,-117.7628101,34.04567006
8094959,2016,9/27/2016,1900,7/10/2016,2100,532447,333,7,5,4,1939,0,0,0,,0,35A,170TH ST,FIRMONA AV,328,W,N,A,-,N,,,,,,,,,,N,4,0,1,2,A,-,0,21954,,N,H,B,E,A,H,-,C,D,0,Y,,,,Y,,N,60,0,0,1,0,1,0,0,0,0,-,-,LOS ANGELES,LAWNDALE,-118.3587585,33.87661078
8094798,2016,8/3/2016,1900,7/7/2016,2124,514615,525,4,5,4,1971,0,0,0,,0,58T1EM,SANTA ANITA AV,FREER AV,21,S,N,A,-,N,,,,,,,,,,Y,4,0,2,4,A,-,8,22107,,N,A,E,F,A,H,-,C,A,0,Y,,,,Y,,A,1,0,0,2,0,1,0,0,0,0,-,-,LOS ANGELES,TEMPLE CITY,-118.0292641,34.10038263
8094790,2016,8/3/2016,1900,7/6/2016,800,478087,530,3,5,5,1959,0,0,0,,0,53T1AM,MISSION DR,VALLEY BL,0,,Y,A,-,N,,,,,,,,,,N,3,0,1,2,A,-,10,21950,A,N,H,G,A,A,H,-,A,A,0,,Y,,,Y,,A,1,0,1,0,0,0,0,1,0,0,-,-,LOS ANGELES,ROSEMEAD,-118.0653301,34.08112001
8094786,2016,8/3/2016,1900,7/23/2016,1528,520726,531,6,5,5,1959,0,0,0,,0,53T1PM,MUSCATEL AV,MARSHALL ST,3,E,N,A,-,N,,,,,,,,,,N,4,0,1,2,A,-,10,21950,A,N,G,B,B,A,H,-,A,A,0,Y,,,,Y,,A,7,0,0,1,0,1,0,0,0,0,-,-,LOS ANGELES,ROSEMEAD,-118.07745,34.07559
8094784,2016,2/11/2017,1942,7/24/2016,2015,42420,1454,7,5,7,1942,0,0,0,N,0,14A11,MAXELLA AV,GLENCOE AV,3,W,N,A,-,N,,,,,,,,,,N,4,0,1,2,A,-,10,21950,A,F,G,B,B,A,H,-,B,A,0,Y,,,,Y,,-,99,0,0,1,0,1,0,0,0,0,-,-,LOS ANGELES,LOS ANGELES,-118.4403185,33.98721577
8094772,2016,8/3/2016,1942,7/19/2016,1420,39103,164,2,5,7,1942,0,0,0,A,0,1X32,LOS ANGELES ST,8TH ST,150,S,N,A,-,N,,,,,,,,,,N,2,0,1,2,A,-,5,21650,1,N,D,G,A,A,H,-,A,A,0,,Y,,,Y,,L,4,1,0,0,0,0,0,1,0,0,-,-,LOS ANGELES,LOS ANGELES,,
8094770,2016,8/4/2016,1942,7/22/2016,2025,40476,2058,5,5,7,1942,0,0,0,,0,20A26,7TH ST,WESTMORELAND,5,W,N,A,-,N,,,,,,,,,,N,3,0,1,2,A,-,12,21453,A,F,H,G,A,A,H,-,C,A,0,,Y,,,Y,,-,99,0,1,0,0,0,0,1,0,0,-,-,LOS ANGELES,LOS ANGELES,-118.2890965,34.05975978
8094756,2016,8/3/2016,1942,7/12/2016,1810,34458,415,2,5,7,1942,0,0,0,D,0,4T4,DALY ST,BROADWAY,10,N,N,A,-,N,,,,,,,,,,N,4,0,1,2,A,-,3,22350,,F,B,G,A,A,H,-,A,D,0,,Y,,,Y,,-,99,0,0,1,0,0,0,1,0,0,-,-,LOS ANGELES,LOS ANGELES,-118.2156108,34.07366741
8094693,2016,2/27/2017,1900,7/13/2016,1606,512437,531,3,5,5,1959,0,0,0,,0,53T1PM,ROSEMEAD BL,GUESS ST,20,E,N,A,-,Y,LA,7,164,-,-,6.075,I,5,S,N,4,0,1,2,A,-,10,21950,A,F,G,B,D,A,H,-,A,D,0,Y,,,,Y,,A,1,0,0,1,0,1,0,0,0,0,-,-,LOS ANGELES,ROSEMEAD,-118.0732212,34.07876887
8094500,2016,8/5/2016,1900,6/29/2016,2040,532734,972,3,5,4,1979,0,0,0,,0,93T1,MELROSE AV,LA CIENEGA BL,12,E,N,A,-,N,,,,,,,,,,N,4,0,1,2,A,-,10,21950,A,N,G,B,B,A,H,-,C,A,0,Y,,,,Y,,A,1,0,0,1,0,1,0,0,0,0,-,-,LOS ANGELES,WEST HOLLYWOOD,-118.3764857,34.0819564
8094494,2016,8/2/2016,1900,6/12/2016,1800,531409,977,7,5,4,1979,0,0,0,,0,930,SANTA MONICA BL,WEST KNOLL DR,200,W,N,A,-,N,,,,,,,,,,N,4,0,1,2,D,-,0,,,N,G,B,C,A,H,-,A,-,0,Y,,,,Y,Y,-,-,0,0,1,0,1,0,0,0,0,-,-,LOS ANGELES,WEST HOLLYWOOD,-118.3776239,34.08884241
8094484,2016,8/5/2016,1900,6/30/2016,930,443069,976,4,5,4,1979,0,0,0,,0,92T1,SANTA MONICA BL,FLORES,7,W,N,A,-,N,,,,,,,,,,N,4,0,1,2,A,-,12,21453,A,N,D,G,A,A,H,-,A,D,0,,Y,,,Y,,A,1,0,0,1,0,0,0,1,0,0,-,-,LOS ANGELES,WEST HOLLYWOOD,-118.3715331,34.09068
8094466,2016,8/2/2016,1942,7/21/2016,1930,40003,329,4,5,7,1942,0,0,0,C,0,3T5,FLOWER ST,33RD ST,0,,Y,A,-,N,,,,,,,,,,N,4,0,1,2,A,-,3,22350,A,F,D,G,A,A,H,-,A,A,0,,Y,,,Y,,-,99,0,0,1,0,0,0,1,0,0,-,-,LOS ANGELES,LOS ANGELES,-118.27801,34.02246009
8094462,2016,8/2/2016,1901,7/10/2016,2044,268,10,7,5,5,1901,0,0,0,,0,2,VALLEY BL,3RD ST,0,,Y,A,-,N,,,,,,,,,,N,3,0,1,2,A,-,10,21950,A,N,G,B,B,A,H,-,E,A,0,Y,,,,Y,,A,8,0,1,0,0,1,0,0,0,0,-,-,LOS ANGELES,ALHAMBRA,-118.12553,34.07842011
8094461,2016,8/2/2016,1976,7/6/2016,2331,418,,3,5,5,1976,0,0,0,,0,3,PAINTER AV,HELEN ST,90,N,N,A,-,N,,,,,,,,,,Y,3,0,2,2,A,-,11,21954,A,N,G,B,D,A,H,-,C,D,0,Y,,,,Y,,N,60,0,2,0,0,1,0,0,0,0,-,-,LOS ANGELES,WHITTIER,-118.0326747,33.97016674
8094458,2016,8/2/2016,1928,7/21/2016,1700,376,532,4,5,5,1928,0,0,0,,0,501,INGLEWOOD AV,BROADWAY,12,N,N,A,-,N,,,,,,,,,,Y,3,0,4,5,A,-,12,21453,A,N,G,B,B,A,H,-,A,A,0,Y,,,,Y,,A,1,0,4,0,0,4,0,0,0,0,-,-,LOS ANGELES,HAWTHORNE,-118.3613,33.92004291
8094422,2016,8/2/2016,1901,7/6/2016,1519,249,13,3,5,5,1901,0,0,0,,0,2,VALLEY BL,9TH ST,0,W,N,A,-,N,,,,,,,,,,N,4,0,1,2,A,-,17,21663,,N,D,G,A,A,H,-,A,A,0,,Y,,,Y,,L,4,0,0,1,0,0,0,1,0,0,-,-,LOS ANGELES,ALHAMBRA,-118.13311,34.07799009
8094410,2016,8/2/2016,1900,7/6/2016,104,526486,986,3,5,4,1979,0,0,0,,0,91T3,SUNSET BL,LA CIENEGA BL,387,E,N,A,-,N,,,,,,,,,,N,4,0,1,2,A,-,11,21954,A,M,G,B,D,A,H,-,C,D,0,Y,,,,Y,,N,60,0,0,1,0,1,0,0,0,0,-,-,LOS ANGELES,WEST HOLLYWOOD,-118.3751654,34.09467041
8094406,2016,8/2/2016,1901,7/18/2016,1057,180,11,1,5,5,1901,0,0,0,,0,2,CHAPEL AV,LOS HIGOS ST,69,N,N,A,-,N,,,,,,,,,,N,3,0,1,2,A,-,11,21954,A,N,G,B,D,A,H,-,A,A,0,Y,,,,Y,,N,60,0,1,0,0,1,0,0,0,0,-,-,LOS ANGELES,ALHAMBRA,-118.1197795,34.0858892
8094369,2016,8/2/2016,1901,7/16/2016,1334,235,13,6,5,5,1901,0,0,0,,0,61C1,GARFIELD AV,LOS HIGOS ST,3,S,N,A,-,N,,,,,,,,,,N,4,0,1,2,A,-,10,21950,A,N,-,B,B,A,H,-,A,A,0,Y,,,,Y,,A,7,0,0,1,0,1,0,0,0,0,-,-,LOS ANGELES,ALHAMBRA,-118.12306,34.08568177
8094293,2016,8/3/2016,1942,7/19/2016,2320,30513,2026,2,5,7,1942,0,0,0,,0,8T35,VERMONT AV,5TH ST,0,,Y,A,-,N,,,,,,,,,,N,3,0,1,2,A,-,8,22107,,N,H,G,A,A,H,-,C,A,0,,Y,,,Y,Y,A,1,0,1,0,0,0,0,1,0,0,-,-,LOS ANGELES,LOS ANGELES,,