CASE_ID,ACCIDENT_YEAR,PROC_DATE,JURIS,COLLISION_DATE,COLLISION_TIME,OFFICER_ID,REPORTING_DISTRICT,DAY_OF_WEEK,CHP_SHIFT,POPULATION,CNTY_CITY_LOC,SPECIAL_COND,BEAT_TYPE,CHP_BEAT_TYPE,CITY_DIVISION_LAPD,CHP_BEAT_CLASS,BEAT_NUMBER,PRIMARY_RD,SECONDARY_RD,DISTANCE,DIRECTION,INTERSECTION,WEATHER_1,WEATHER_2,STATE_HWY_IND,CALTRANS_COUNTY,CALTRANS_DISTRICT,STATE_ROUTE,ROUTE_SUFFIX,POSTMILE_PREFIX,POSTMILE,LOCATION_TYPE,RAMP_INTERSECTION,SIDE_OF_HWY,TOW_AWAY,COLLISION_SEVERITY,NUMBER_KILLED,NUMBER_INJURED,PARTY_COUNT,PRIMARY_COLL_FACTOR,PCF_CODE_OF_VIOL,PCF_VIOL_CATEGORY,PCF_VIOLATION,PCF_VIOL_SUBSECTION,HIT_AND_RUN,TYPE_OF_COLLISION,MVIW,PED_ACTION,ROAD_SURFACE,ROAD_COND_1,ROAD_COND_2,LIGHTING,CONTROL_DEVICE,CHP_ROAD_TYPE,PEDESTRIAN_ACCIDENT,BICYCLE_ACCIDENT,MOTORCYCLE_ACCIDENT,TRUCK_ACCIDENT,NOT_PRIVATE_PROPERTY,ALCOHOL_INVOLVED,STWD_VEHTYPE_AT_FAULT,CHP_VEHTYPE_AT_FAULT,COUNT_SEVERE_INJ,COUNT_VISIBLE_INJ,COUNT_COMPLAINT_PAIN,COUNT_PED_KILLED,COUNT_PED_INJURED,COUNT_BICYCLIST_KILLED,COUNT_BICYCLIST_INJURED,COUNT_MC_KILLED,COUNT_MC_INJURED,PRIMARY_RAMP,SECONDARY_RAMP,COUNTY,CITY,LONGITUDE,LATITUDE
8082733,2016,12/10/2016,1942,6/23/2016,1925,42221,1333,4,5,7,1942,0,0,0,M,0,13X94,30TH ST,SAN PEDRO ST,0,,Y,A,-,N,,,,,,,,,,N,4,0,1,2,A,-,5,21650,1,N,H,G,A,A,H,-,A,A,0,,Y,,,Y,,L,4,0,0,1,0,0,0,1,0,0,-,-,LOS ANGELES,LOS ANGELES,-118.2633501,34.0184101
8082730,2016,7/14/2016,1942,6/2/2016,1550,41970,525,4,5,7,1942,0,0,0,E,0,5X6,C ST,GULF ST,0,,Y,A,-,N,,,,,,,,,,N,3,0,1,2,C,-,18,,,N,B,B,D,A,H,-,A,A,0,Y,,,,Y,,-,-,0,1,0,0,1,0,0,0,0,-,-,LOS ANGELES,LOS ANGELES,-118.2723301,33.77215005
8082720,2016,7/13/2016,1942,6/24/2016,1750,37966,749,5,5,7,1942,0,0,0,G,0,6TL2,WILSHIRE BL,MUIRFIELD AV,0,,Y,A,-,N,,,,,,,,,,,4,0,1,2,A,-,9,21804,A,N,H,G,A,A,H,-,A,A,0,,Y,,,Y,,L,4,0,0,1,0,0,0,1,0,0,-,-,LOS ANGELES,LOS ANGELES,-118.32943,34.06195011
8082700,2016,7/13/2016,1942,6/22/2016,1945,40235,763,3,5,7,1942,0,0,0,G,0,7A69W3,S ORANGE GROVE AV,S PICKFORD,200,S,N,A,-,N,,,,,,,,,,N,4,0,1,2,A,-,21,22106,,N,G,B,F,A,H,-,A,D,0,Y,,,,Y,,A,7,0,0,1,0,1,0,0,0,0,-,-,LOS ANGELES,LOS ANGELES,-118.3667462,34.0468633
8082699,2016,7/13/2016,1942,6/16/2016,1400,42281,889,4,5,7,1942,0,0,0,H,0,8A12,18TH ST,ROBERTSON BL,9,E,N,A,-,N,,,,,,,,,,N,3,0,2,3,A,-,10,21950,A,N,G,B,B,A,H,-,A,A,0,Y,,,,Y,,A,1,0,1,1,0,2,0,0,0,0,-,-,LOS ANGELES,LOS ANGELES,-118.3860625,34.04680082
8082693,2016,7/13/2016,1942,6/28/2016,1750,38799,1457,2,5,7,1942,0,0,0,N,0,14A67,CULVER BL,INGLEWOOD BL,10,W,N,A,-,N,,,,,,,,,,N,3,0,1,2,A,-,9,21801,A,N,D,G,A,A,H,-,A,A,0,,Y,,,Y,,A,7,0,1,0,0,0,0,1,0,0,-,-,LOS ANGELES,LOS ANGELES,-118.41808,33.99503
8082686,2016,7/13/2016,1942,6/25/2016,1520,38991,1413,6,5,7,1942,0,0,0,N,0,14A67,ABBOT KINNEY BL,ARAGON CT,5,S,N,A,-,N,,,,,,,,,,N,3,0,1,2,A,-,5,21752,D,N,B,G,A,A,H,-,A,D,0,,Y,,,Y,,L,4,0,1,0,0,0,0,1,0,0,-,-,LOS ANGELES,LOS ANGELES,-118.4690842,33.99143606
8082683,2016,7/13/2016,1942,6/14/2016,1600,41376,776,2,5,7,1942,0,0,0,G,0,8TL28,VENICE BL,RIMPAU BL,0,,Y,A,-,N,,,,,,,,,,N,4,0,2,3,A,-,9,21801,A,N,D,C,A,A,H,-,A,A,0,,Y,,,Y,,-,-,0,0,2,0,0,0,1,0,0,-,-,LOS ANGELES,LOS ANGELES,-118.3405701,34.04672005
8082679,2016,7/13/2016,1942,6/16/2016,1145,37966,727,4,5,7,1942,0,0,0,G,0,6TL2,LA BREA AV,3RD ST,268,S,N,A,-,N,,,,,,,,,,N,4,0,1,2,A,-,11,21954,A,N,G,B,E,A,H,-,A,D,0,Y,,,,Y,,N,60,0,0,1,0,1,0,0,0,0,-,-,LOS ANGELES,LOS ANGELES,-118.3440339,34.06817498
8082678,2016,7/22/2016,1942,6/25/2016,1641,42261,2053,6,5,7,1942,0,0,0,,0,20A34,HOBART BL,OLYMPIC BL,30,N,N,A,-,N,,,,,,,,,,N,4,0,1,3,A,-,21,22106,,N,G,B,F,A,H,-,A,D,0,Y,,,,Y,,A,7,0,0,1,0,1,0,0,0,0,-,-,LOS ANGELES,LOS ANGELES,-118.30523,34.05268228
8082660,2016,7/14/2016,1942,6/21/2016,955,3325,726,2,5,7,1942,0,0,0,G,0,14MQ75,LA BREA AV,3RD ST,75,N,N,A,-,N,,,,,,,,,,N,4,0,1,2,A,-,3,22350,,N,G,B,E,A,H,-,A,D,0,Y,,,,Y,,A,1,0,0,1,0,1,0,0,0,0,-,-,LOS ANGELES,LOS ANGELES,-118.34403,34.0691157
8082658,2016,7/18/2016,1942,6/18/2016,2300,40330,2031,6,5,7,1942,0,0,0,,0,20A53,WILSHIRE BL,NORTON AV,0,,Y,A,-,N,,,,,,,,,,N,3,0,1,2,A,-,11,21955,,N,G,B,D,A,-,-,C,D,0,Y,,,,Y,,A,1,0,1,0,0,1,0,0,0,0,-,-,LOS ANGELES,LOS ANGELES,-118.3167201,34.06169003
8082651,2016,7/13/2016,1942,6/22/2016,1900,41741,882,3,5,7,1942,0,0,0,H,0,8A95,SAWTELLE AV,MISSISSIPPI AV,0,,Y,A,-,N,,,,,,,,,,N,4,0,1,2,A,-,10,21950,A,N,G,B,B,A,H,-,A,A,0,Y,,,,Y,,A,1,0,0,1,0,1,0,0,0,0,-,-,LOS ANGELES,LOS ANGELES,-118.44247,34.03959007
8082649,2016,7/14/2016,1942,6/29/2016,1000,33057,2029,3,5,7,1942,0,0,0,,0,20A13,6TH ST,COMMONWEALTH AV,0,,Y,A,-,N,,,,,,,,,,N,4,0,1,2,A,-,5,21650,1,N,D,G,A,A,H,-,A,A,0,,Y,,,Y,,L,4,0,0,1,0,0,0,1,0,0,-,-,LOS ANGELES,LOS ANGELES,-118.2856701,34.0637101
8082641,2016,7/14/2016,1942,6/28/2016,2035,39624,2079,2,5,7,1942,0,0,0,,0,8T35,PICO BL,MAGNOLIA AV,0,,Y,A,-,N,,,,,,,,,,N,4,0,1,2,A,-,5,21650,1,N,H,G,A,A,H,-,A,A,0,,Y,,,Y,,L,4,0,0,1,0,0,0,1,0,0,-,-,LOS ANGELES,LOS ANGELES,-118.2864701,34.04729006
8082624,2016,7/15/2016,1942,5/25/2016,1100,32758,599,3,5,7,1942,0,0,0,E,0,5A55,NAVY WY,TERMINAL WY,1033,S,N,A,-,N,,,,,,,,,,N,3,0,1,2,A,-,21,22106,,N,E,B,F,A,H,-,A,D,0,Y,,,,Y,,-,,0,1,0,0,1,0,0,0,0,-,-,LOS ANGELES,LOS ANGELES,-118.247946,33.74958219
8082587,2016,7/27/2016,1942,5/26/2016,1135,31476,138,4,5,7,1942,0,0,0,A,0,4TL43,3RD ST,SAN PEDRO ST,184,E,N,A,-,N,,,,,,,,,,N,4,0,1,2,A,-,9,21804,A,N,A,G,A,A,H,-,A,D,0,,Y,,,Y,,A,1,0,0,1,0,0,0,1,0,0,-,-,LOS ANGELES,LOS ANGELES,-118.2419758,34.04708152
8082508,2016,7/13/2016,1942,6/28/2016,901,38721,774,2,5,7,1942,0,0,0,G,0,7JL23,WASHINGTON BL,ORANGE DR,0,W,N,A,-,N,,,,,,,,,,N,2,0,1,2,A,-,11,21954,A,N,G,B,D,A,H,-,A,D,0,Y,,,,Y,,N,60,1,0,0,0,1,0,0,0,0,-,-,LOS ANGELES,LOS ANGELES,-118.3496901,34.04081001
8082454,2016,8/29/2016,1972,5/15/2016,1201,15555,,7,5,6,1972,0,0,0,,0,,PACIFIC COAST HWY,AIRPORT DR,400,W,N,A,-,N,,,,,,,,,,N,3,0,1,2,A,-,9,21804,A,N,G,B,B,A,H,-,A,A,0,Y,,,,Y,,D,,0,1,0,0,1,0,0,0,0,-,-,LOS ANGELES,TORRANCE,-118.3303506,33.79005364
8082445,2016,8/29/2016,1972,5/31/2016,1856,19086,,2,5,6,1972,0,0,0,,0,,HAWTHORNE,CARSON,635,S,N,A,-,N,,,,,,,,,,N,3,0,1,2,A,-,9,21804,B,N,D,G,A,A,H,-,A,D,0,,Y,,,Y,,L,,0,1,0,0,0,0,1,0,0,-,-,LOS ANGELES,TORRANCE,-118.3524284,33.82973553
8082321,2016,8/3/2016,1942,6/24/2016,615,39096,1636,5,5,7,1942,0,0,0,P,0,15TL47,FOOTHILL BL,SUNLAND BL,320,N,N,A,-,N,,,,,,,,,,Y,3,0,2,3,A,-,3,22350,,N,C,E,E,A,H,-,A,D,0,Y,,,,Y,,A,7,0,1,1,0,1,0,0,0,0,-,-,LOS ANGELES,LOS ANGELES,-118.3233254,34.2602164
8082287,2016,7/19/2016,1972,6/21/2016,2147,20783,,2,5,6,1972,0,0,0,,0,,171ST ST,YUKON,250,E,N,A,-,N,,,,,,,,,,N,3,0,2,3,A,-,1,23152,A,N,G,B,D,A,H,-,C,D,0,Y,,,,Y,Y,A,,0,1,1,0,2,0,0,0,0,-,-,LOS ANGELES,TORRANCE,-118.334348,33.87519
8082259,2016,2/18/2017,1972,6/6/2016,1536,19086,,1,5,6,1972,0,0,0,,0,,HAWTHORNE,EMERALD,0,,Y,A,-,Y,LA,7,107,-,-,2.514,I,5,N,N,4,0,1,2,A,-,10,21950,A,N,G,B,B,A,H,-,A,A,0,Y,,,,Y,,A,,0,0,1,0,1,0,0,0,0,-,-,LOS ANGELES,TORRANCE,-118.3536232,33.84137083
8082256,2016,7/14/2016,1913,6/1/2016,1312,3679,64,3,5,4,1913,0,0,0,,0,4,FOOTHILL BL,CLAREMONT BL,463,E,N,A,-,N,,,,,,,,,,N,3,0,1,2,A,-,3,22350,,N,C,G,A,A,H,-,A,D,0,,Y,,,Y,,L,4,0,1,0,0,0,0,1,0,0,-,-,LOS ANGELES,CLAREMONT,-117.7014857,34.10678093
8082251,2016,7/15/2016,1972,6/2/2016,1903,19999,,4,5,6,1972,0,0,0,,0,,NEWTON ST,TANDEM WY,0,,Y,A,-,N,,,,,,,,,,N,4,0,1,2,A,-,10,21950,A,N,A,B,B,A,H,-,B,A,0,Y,,,,Y,,A,,0,0,1,0,1,0,0,0,0,-,-,LOS ANGELES,TORRANCE,-118.3419801,33.7970601
8081881,2016,7/19/2016,1900,6/17/2016,1800,507891,1510,5,5,5,1954,0,0,0,,0,151T2,ORANGE ST,OLYMPIC BL,21,N,N,A,-,N,,,,,,,,,,N,4,0,1,2,A,-,9,21804,A,N,D,G,A,A,H,-,A,D,0,,Y,,,Y,,L,4,0,0,1,0,0,0,1,0,0,-,-,LOS ANGELES,PICO RIVERA,-118.34381,34.05724
8081862,2016,8/29/2016,1923,6/23/2016,1204,472,318,4,5,3,1923,0,0,0,,0,3M5,SEPULVEDA BL,HUGHES WY,517,S,N,A,-,N,,,,,,,,,,N,4,0,1,2,A,-,5,21202,A,N,H,G,A,A,H,-,A,D,0,,Y,,,Y,,L,4,0,0,1,0,0,0,1,0,0,-,-,LOS ANGELES,EL SEGUNDO,-118.39608,33.90649287
8081807,2016,7/15/2016,1956,7/1/2016,1538,1257,42,5,5,5,1956,0,0,0,,0,4,ARTESIA BL,AVIATION WY,0,,Y,A,-,N,,,,,,,,,,Y,3,0,1,2,A,-,10,21950,A,N,B,B,B,A,H,-,A,A,0,Y,,,,Y,,A,1,0,1,0,0,1,0,0,0,0,-,-,LOS ANGELES,REDONDO BEACH,-118.3799901,33.8729001
8081803,2016,7/15/2016,1956,7/1/2016,1803,1279,653,5,5,5,1956,0,0,0,,0,6L35,VOORHEES AV,PHELAN LN,166,E,N,A,-,N,,,,,,,,,,N,4,0,1,2,A,-,12,22450,A,N,D,G,A,A,H,-,A,A,0,,Y,,,Y,,L,4,0,0,1,0,0,0,1,0,0,-,-,LOS ANGELES,REDONDO BEACH,-118.3659141,33.87661
8081799,2016,3/3/2017,1956,7/5/2016,2212,1254,15,2,5,5,1956,0,0,0,,0,2,RT 1,GUADALUPE ST,150,N,N,A,-,Y,LA,7,1,-,-,19.3,H,-,N,Y,2,0,1,2,A,-,11,21954,A,N,G,B,D,A,H,-,C,D,0,Y,,,,Y,,N,60,1,0,0,0,1,0,0,0,0,-,-,LOS ANGELES,REDONDO BEACH,-118.3851805,33.8350527
8081736,2016,7/15/2016,1956,7/1/2016,1910,1312,25,5,5,5,1956,0,0,0,,0,2,N HELBERTA AV,DIAMOND ST,325,N,N,A,-,N,,,,,,,,,,N,4,0,1,2,A,-,11,21954,A,N,G,B,E,A,H,-,A,D,0,Y,,,,Y,,N,60,0,0,1,0,1,0,0,0,0,-,-,LOS ANGELES,REDONDO BEACH,-118.3849834,33.84799108
8081576,2016,7/8/2016,1900,5/12/2016,2040,488357,1618,4,5,5,1977,0,0,0,,0,164T1P,GRACE AV,E 220TH ST,0,,Y,A,-,N,,,,,,,,,,N,4,0,1,2,A,-,9,21802,A,N,D,G,A,A,H,-,C,D,0,,Y,,,Y,,A,1,0,0,1,0,0,0,1,0,0,-,-,LOS ANGELES,CARSON,-118.2679901,33.8278301
8081560,2016,7/8/2016,1900,5/20/2016,1054,459123,1618,5,5,5,1977,0,0,0,,0,166T,CATSKILL AV,222ND ST,220,S,N,A,-,N,,,,,,,,,,N,3,0,1,2,A,-,11,21954,A,N,G,B,D,A,H,-,A,D,0,Y,,,,Y,,N,60,0,1,0,0,1,0,0,0,0,-,-,LOS ANGELES,CARSON,-118.27143,33.82506664
8081556,2016,7/8/2016,1900,5/17/2016,740,532438,1617,2,5,5,1977,0,0,0,,0,168T,220TH ST,FIGUEROA ST,400,E,N,B,-,N,,,,,,,,,,,3,0,1,2,A,-,11,21954,A,N,G,B,D,A,H,-,A,D,0,Y,,,,Y,,N,60,0,1,0,0,1,0,0,0,0,-,-,LOS ANGELES,CARSON,-118.2846757,33.82801777
8081431,2016,8/16/2016,1920,7/12/2016,600,10216,,2,5,6,1920,0,0,0,,0,4,RIO SAN GABRIEL BIKE PATH,FLORENCE AV BRIDGE,0,,N,B,-,N,,,,,,,,,,N,3,0,2,2,D,-,0,,,N,A,G,A,A,H,-,A,D,0,,Y,,,Y,,-,-,0,2,0,0,0,0,2,0,0,-,-,LOS ANGELES,DOWNEY,,
8081391,2016,8/16/2016,1925,7/27/2016,1434,21092,172,3,5,6,1925,0,0,0,,0,1,PALM DR,PACIFIC AV,527,W,N,A,-,N,,,,,,,,,,N,3,0,1,2,A,-,11,21954,A,N,G,B,E,A,D,-,A,D,0,Y,,,,Y,,N,60,0,1,0,0,1,0,0,0,0,-,-,LOS ANGELES,GLENDALE,-118.26464,34.1618
8081376,2016,8/15/2016,1900,7/19/2016,2145,530382,2811,2,5,5,1915,0,0,0,,0,281T1,WILMINGTON AV,POPLAR ST,2,S,N,A,-,N,,,,,,,,,,Y,2,0,1,4,D,-,0,,,N,A,B,B,A,H,-,C,A,0,Y,,,,Y,,-,-,1,0,0,0,1,0,0,0,0,-,-,LOS ANGELES,COMPTON,-118.2379296,33.90000453
8081354,2016,9/27/2016,1938,7/5/2016,1207,184,216,2,5,4,1938,0,0,0,,0,2,RT 66,BIXBY DR,163,E,N,A,-,N,,,,,,,,,,N,4,0,1,2,A,-,10,21952,,N,G,B,D,A,H,-,A,A,0,Y,,,,Y,,-,,0,0,1,0,1,0,0,0,0,-,-,LOS ANGELES,LA VERNE,,
8081343,2016,8/12/2016,1902,8/1/2016,914,668,1,1,5,5,1902,0,0,0,,0,1,SANTA ANITA CANYON RD,MILE MARKER 1.41,143,N,N,A,-,N,,,,,,,,,,N,3,0,1,2,A,-,3,22350,,N,D,G,A,A,H,-,A,D,0,,Y,,,Y,,L,4,0,1,0,0,0,0,1,0,0,-,-,LOS ANGELES,ARCADIA,,
8081313,2016,8/11/2016,1938,7/10/2016,1946,1080,225,7,5,4,1938,0,0,0,,0,1,VIA DE MANSION,HERITAGE LN,49,E,N,A,-,N,,,,,,,,,,N,4,0,1,2,A,-,0,21954,,N,G,B,D,A,H,-,B,D,0,Y,,,,Y,,N,60,0,0,1,0,1,0,0,0,0,-,-,LOS ANGELES,LA VERNE,-117.7745906,34.12736827
8081307,2016,8/15/2016,1931,7/27/2016,1743,5285,1931,3,5,5,1931,0,0,0,,0,1,RANDOLPH ST,PACIFIC BL,1,W,N,A,-,N,,,,,,,,,,N,4,0,1,2,D,-,0,,,N,H,B,B,A,H,-,A,A,0,Y,,,,Y,Y,-,-,0,0,1,0,1,0,0,0,0,-,-,LOS ANGELES,HUNTINGTON PARK,-118.2252033,33.98557027
8081303,2016,8/15/2016,1931,7/24/2016,1144,5307,1931,7,5,5,1931,0,0,0,,0,3,SATURN AV,TEMPLETON ST,6,W,N,A,-,N,,,,,,,,,,N,4,0,1,2,A,-,10,21950,A,N,G,B,B,A,H,-,A,A,0,Y,,,,Y,,A,1,0,0,1,0,1,0,0,0,0,-,-,LOS ANGELES,HUNTINGTON PARK,-118.2200598,33.97690984
8081281,2016,8/10/2016,1953,7/21/2016,757,7724,LACOU,4,5,6,1953,0,0,0,,0,2,LAKE AV,MOUNTAIN ST,0,,Y,A,-,N,,,,,,,,,,N,4,0,1,2,A,-,10,21950,A,N,G,B,B,A,H,-,A,A,0,Y,,,,Y,,A,1,0,0,1,0,1,0,0,0,0,-,-,LOS ANGELES,PASADENA,-118.1325001,34.1615701
8081235,2016,8/12/2016,1905,6/29/2016,1157,1133,325,3,5,4,1905,0,0,0,,0,63,E ALOSTA AV,CITRUS AV,0,,Y,A,-,N,,,,,,,,,,N,3,0,1,2,A,-,10,21950,A,N,D,B,B,A,H,-,A,A,0,Y,,,,Y,,N,60,0,1,0,0,1,0,0,0,0,-,-,LOS ANGELES,AZUSA,-117.8901,34.12885002
8080943,2016,8/3/2016,1900,6/18/2016,1020,523558,1614,6,5,5,1977,0,0,0,,0,168,AVALON BL,189TH ST,133,N,N,A,-,N,,,,,,,,,,N,3,0,1,2,A,-,5,21650,1,N,D,G,A,A,H,-,A,D,0,,Y,,,Y,,L,4,0,1,0,0,0,0,1,0,0,-,-,LOS ANGELES,CARSON,,
8080935,2016,8/11/2016,1900,6/30/2016,1412,552620,1618,4,5,5,1977,0,0,0,,0,167T1,MAIN ST,JAY ST,0,,Y,A,-,N,,,,,,,,,,N,3,0,1,2,A,-,10,21950,A,M,G,B,B,A,H,-,A,D,0,Y,,,,Y,,-,99,0,1,0,0,1,0,0,0,0,-,-,LOS ANGELES,CARSON,-118.2765701,33.82603008
8080913,2016,8/2/2016,1900,7/17/2016,650,540658,1122,7,5,6,1992,0,0,0,,0,112T2,FERN AV,JACKMAN ST,7,S,N,A,-,N,,,,,,,,,,N,4,0,1,2,A,-,10,21950,A,N,G,B,B,A,H,-,B,-,0,Y,,,,Y,,A,8,0,0,1,0,1,0,0,0,0,-,-,LOS ANGELES,LANCASTER,-118.1451172,34.70110095
8080905,2016,8/2/2016,1900,7/25/2016,1733,546182,1131,1,5,6,1992,0,0,0,,0,112T2,CHALLENGER WY,AVENUE I,7,N,N,A,-,N,,,,,,,,,,N,3,0,1,2,A,-,11,21456,B,N,H,G,A,A,H,-,A,A,0,,Y,,,Y,,L,4,0,1,0,0,0,0,1,0,0,-,-,LOS ANGELES,LANCASTER,,
8080904,2016,8/3/2016,1942,6/30/2016,550,37398,1353,4,5,7,1942,0,0,0,M,0,1TL2Y,VERNON AV,AVALON BL,97,W,N,A,-,N,,,,,,,,,,N,2,0,1,2,A,-,11,21950,B,F,G,B,D,A,H,-,A,A,0,Y,,,,Y,,N,60,1,0,0,0,1,0,0,0,0,-,-,LOS ANGELES,LOS ANGELES,-118.2655894,34.00387
8080896,2016,8/3/2016,1942,6/27/2016,1830,39595,1371,1,5,7,1942,0,0,0,M,0,13X42,55TH ST,BROADWAY,15,E,N,A,-,N,,,,,,,,,,N,4,0,1,2,A,-,11,21954,A,F,E,G,A,A,H,-,A,D,0,,Y,,,Y,,L,4,0,0,1,0,0,0,1,0,0,-,-,LOS ANGELES,LOS ANGELES,-118.2782606,33.99239
8080888,2016,8/11/2016,1929,6/25/2016,1348,200,SW,6,5,3,1929,0,0,0,,0,1,11TH ST,HERMOSA AV,186,W,N,A,-,N,,,,,,,,,,N,4,0,1,2,A,-,9,21801,A,M,G,B,E,A,H,-,A,A,0,Y,,,,Y,,A,1,0,0,1,0,1,0,0,0,0,-,-,LOS ANGELES,HERMOSA BEACH,-118.4004865,33.86133755
8080536,2016,7/27/2016,1942,7/11/2016,1000,40971,1268,1,5,7,1942,0,0,0,L,0,12TL41,BROADWAY,MANCHESTER AV,6,N,N,A,-,N,,,,,,,,,,N,4,0,1,2,A,-,10,21950,A,F,G,B,B,A,H,-,A,A,0,Y,,,,Y,,-,99,0,0,1,0,1,0,0,0,0,-,-,LOS ANGELES,LOS ANGELES,-118.2782803,33.96009645
8080531,2016,7/27/2016,1951,7/19/2016,1354,737,1951,2,5,3,1951,0,0,0,,0,,VIA DEL MONTE,VIA PINALE,1057,W,N,A,-,N,,,,,,,,,,N,3,0,1,2,A,-,8,22103,,N,B,G,A,A,H,-,A,D,0,,Y,,,Y,,A,7,0,1,0,0,0,0,1,0,0,-,-,LOS ANGELES,PALOS VERDES EST,-118.3947545,33.79848089
8080500,2016,7/27/2016,1942,6/11/2016,2025,41439,1841,6,5,7,1942,0,0,0,R,0,12T41,VERMONT AV,105TH ST,92,S,N,B,-,N,,,,,,,,,,N,2,0,1,2,A,-,11,21956,A,N,G,B,D,A,H,-,C,A,0,Y,,,,Y,,N,60,1,0,0,0,1,0,0,0,0,-,-,LOS ANGELES,LOS ANGELES,,
8080493,2016,7/27/2016,1942,6/21/2016,1335,42374,1844,2,5,7,1942,0,0,0,R,0,5A55,AVALON BL,109TH ST,44,S,N,A,-,N,,,,,,,,,,N,2,0,1,2,A,-,11,21956,A,N,G,B,D,A,H,-,A,D,0,Y,,,,Y,,A,8,1,0,0,0,1,0,0,0,0,-,-,LOS ANGELES,LOS ANGELES,-118.26519,33.93727933
8080492,2016,7/27/2016,1942,6/5/2016,1620,39177,1259,7,5,7,1942,0,0,0,L,0,12TL43,79TH ST,CENTRAL AV,120,W,N,A,-,N,,,,,,,,,,N,4,0,1,2,A,-,11,21953,,N,A,B,C,A,H,-,A,D,0,Y,,,,Y,,N,60,0,0,1,0,1,0,0,0,0,-,-,LOS ANGELES,LOS ANGELES,-118.2568248,33.96746603
8080491,2016,7/27/2016,1942,6/7/2016,1240,41300,1268,2,5,7,1942,0,0,0,L,0,3XL95,E MANCHESTER AV,WALL ST,30,W,N,A,-,N,,,,,,,,,,N,3,0,1,2,A,-,9,21804,A,F,G,B,A,A,-,-,A,A,0,,Y,,,Y,,L,4,0,1,0,0,0,0,1,0,0,-,-,LOS ANGELES,LOS ANGELES,-118.2717887,33.9601
8080482,2016,7/27/2016,1942,6/15/2016,1635,41207,1205,3,5,7,1942,0,0,0,L,0,12X55,DENKER,49TH ST,30,S,N,A,-,N,,,,,,,,,,N,4,0,1,2,A,-,0,22517,A,N,H,G,A,A,H,-,A,A,0,,Y,,,Y,,A,7,0,0,1,0,0,0,1,0,0,-,-,LOS ANGELES,LOS ANGELES,-118.30457,33.99904772
8080468,2016,7/28/2016,1942,5/31/2016,1330,38328,1844,2,5,7,1942,0,0,0,R,0,1844,AVALON,113TH ST,0,,Y,A,-,N,,,,,,,,,,N,4,0,1,2,D,-,0,,,N,G,B,D,A,H,-,A,A,0,Y,,,,Y,,-,-,0,0,1,0,1,0,0,0,0,-,-,LOS ANGELES,LOS ANGELES,-118.2651901,33.93197002
8080399,2016,2/23/2017,1942,7/6/2016,825,40869,308,3,5,7,1942,0,0,0,C,0,3TL5,HOOVER AV,RT 10,0,,Y,-,-,Y,LA,7,10,-,-,14.129,R,4,E,N,2,0,1,3,A,-,3,22350,,N,-,-,-,-,-,-,-,-,0,Y,,,,Y,,D,22,1,0,0,0,1,0,0,0,0,-,-,LOS ANGELES,LOS ANGELES,-118.2861361,34.03680645
8080349,2016,7/26/2016,1900,7/6/2016,1235,505177,461,3,5,4,1936,0,0,0,,0,46T2,IMPERIAL HWY,VALLEY VIEW AV,2,W,N,A,-,N,,,,,,,,,,N,4,0,1,2,A,-,11,21456,,N,H,G,A,A,H,-,A,A,0,,Y,,,Y,,L,4,0,0,1,0,0,0,1,0,0,-,-,LOS ANGELES,LA MIRADA,-118.0293866,33.91703
8080327,2016,7/26/2016,1942,5/25/2016,100,35555,1239,3,5,7,1942,0,0,0,L,0,12X66,FIGUEROA,58TH PL,0,,Y,A,-,N,,,,,,,,,,N,4,0,1,2,A,-,6,21755,,F,B,G,A,A,H,-,C,A,0,,Y,,,Y,,-,99,0,0,1,0,0,0,1,0,0,-,-,LOS ANGELES,LOS ANGELES,-118.2826801,33.98969005
8080324,2016,7/26/2016,1942,5/25/2016,715,37786,1203,3,5,7,1942,0,0,0,L,0,,51ST ST,WESTERN AV,0,,Y,A,-,N,,,,,,,,,,N,3,0,1,2,A,-,9,21801,,N,A,G,A,A,H,-,A,A,0,,Y,,,Y,,A,1,0,1,0,0,0,0,1,0,0,-,-,LOS ANGELES,LOS ANGELES,-118.3089501,33.9969201
8080322,2016,7/26/2016,1942,5/30/2016,1600,37961,1249,1,5,7,1942,0,0,0,L,0,12A73,FIGUEROA ST,FLORENCE AV,100,N,N,A,-,N,,,,,,,,,,N,4,0,1,2,A,-,9,21804,A,F,D,G,A,A,H,-,A,D,0,,Y,,,Y,,-,99,0,0,1,0,0,0,1,0,0,-,-,LOS ANGELES,LOS ANGELES,-118.2827,33.97493425
8079876,2016,8/1/2016,1941,6/30/2016,1850,10538,,4,5,7,1941,0,0,0,,0,,THOMPSON ST,PARAMOUNT BL,0,,Y,A,-,N,,,,,,,,,,N,4,0,1,2,-,-,-,,,N,G,B,D,A,H,-,A,D,0,Y,,,,Y,,-,-,0,0,1,0,1,0,0,0,0,-,-,LOS ANGELES,LONG BEACH,-118.16009,33.8810101
8079875,2016,7/13/2016,1941,6/22/2016,1015,5998,,3,5,7,1941,0,0,0,,0,,DAIRY AV,MARKET ST,6,N,N,A,-,N,,,,,,,,,,N,4,0,1,2,A,-,8,22107,,N,G,B,B,A,H,-,A,A,0,Y,,,,Y,,A,,0,0,1,0,1,0,0,0,0,-,-,LOS ANGELES,LONG BEACH,-118.1948015,33.85430483