CASE_ID,ACCIDENT_YEAR,PROC_DATE,JURIS,COLLISION_DATE,COLLISION_TIME,OFFICER_ID,REPORTING_DISTRICT,DAY_OF_WEEK,CHP_SHIFT,POPULATION,CNTY_CITY_LOC,SPECIAL_COND,BEAT_TYPE,CHP_BEAT_TYPE,CITY_DIVISION_LAPD,CHP_BEAT_CLASS,BEAT_NUMBER,PRIMARY_RD,SECONDARY_RD,DISTANCE,DIRECTION,INTERSECTION,WEATHER_1,WEATHER_2,STATE_HWY_IND,CALTRANS_COUNTY,CALTRANS_DISTRICT,STATE_ROUTE,ROUTE_SUFFIX,POSTMILE_PREFIX,POSTMILE,LOCATION_TYPE,RAMP_INTERSECTION,SIDE_OF_HWY,TOW_AWAY,COLLISION_SEVERITY,NUMBER_KILLED,NUMBER_INJURED,PARTY_COUNT,PRIMARY_COLL_FACTOR,PCF_CODE_OF_VIOL,PCF_VIOL_CATEGORY,PCF_VIOLATION,PCF_VIOL_SUBSECTION,HIT_AND_RUN,TYPE_OF_COLLISION,MVIW,PED_ACTION,ROAD_SURFACE,ROAD_COND_1,ROAD_COND_2,LIGHTING,CONTROL_DEVICE,CHP_ROAD_TYPE,PEDESTRIAN_ACCIDENT,BICYCLE_ACCIDENT,MOTORCYCLE_ACCIDENT,TRUCK_ACCIDENT,NOT_PRIVATE_PROPERTY,ALCOHOL_INVOLVED,STWD_VEHTYPE_AT_FAULT,CHP_VEHTYPE_AT_FAULT,COUNT_SEVERE_INJ,COUNT_VISIBLE_INJ,COUNT_COMPLAINT_PAIN,COUNT_PED_KILLED,COUNT_PED_INJURED,COUNT_BICYCLIST_KILLED,COUNT_BICYCLIST_INJURED,COUNT_MC_KILLED,COUNT_MC_INJURED,PRIMARY_RAMP,SECONDARY_RAMP,COUNTY,CITY,LONGITUDE,LATITUDE
8076726,2016,7/13/2016,1942,5/22/2016,1925,37472,RD548,7,5,7,1942,0,0,0,,0,15A67,CHANDLER BL,LANKERSHIM BL,0,,Y,A,-,N,,,,,,,,,,N,3,0,1,2,A,-,11,21950,B,N,G,B,B,A,H,-,A,A,0,Y,,,,Y,,N,60,0,1,0,0,1,0,0,0,0,-,-,LOS ANGELES,LOS ANGELES,-118.3770701,34.16890011
8076725,2016,7/13/2016,1906,5/6/2016,2104,4408,,5,5,5,1906,0,0,0,,0,1,FRANCISQUITO AV,RAMONA BL,1,S,N,A,-,N,,,,,,,,,,N,4,0,1,2,A,-,9,21800,B,F,D,G,A,A,H,-,C,A,0,,Y,,,Y,,-,,0,0,1,0,0,0,1,0,0,-,-,LOS ANGELES,BALDWIN PARK,-117.9891679,34.07972789
8076618,2016,7/7/2016,1906,6/15/2016,1929,2891,1906,3,5,5,1906,0,0,0,,0,3,PUENTE AV,MERCED AV,0,,Y,A,-,N,,,,,,,,,,N,4,0,1,2,A,-,11,21456,B,N,G,B,B,A,H,-,A,A,0,Y,,,,Y,,-,-,0,0,1,0,1,0,0,0,0,-,-,LOS ANGELES,BALDWIN PARK,-117.9603301,34.07178011
8076451,2016,7/11/2016,1955,6/13/2016,1810,42270,10,1,5,6,1955,0,0,0,,0,3,SAN ANTONIO AV,ALVARADO ST,0,,Y,A,-,N,,,,,,,,,,N,3,0,1,2,A,-,8,22107,,F,D,G,A,A,H,-,A,A,0,,Y,,,Y,,A,1,0,1,0,0,0,0,1,0,0,-,-,LOS ANGELES,POMONA,-117.73666,34.0677801
8076450,2016,7/11/2016,1955,6/25/2016,908,40921,81,6,5,6,1955,0,0,0,,0,5,WHITE AV,MAYFAIR AV,65,S,N,A,-,N,,,,,,,,,,N,3,0,1,2,A,-,5,21650,1,N,D,G,A,A,-,-,A,A,0,,Y,,,Y,,L,4,0,1,0,0,0,0,1,0,0,-,-,LOS ANGELES,POMONA,-117.7582036,34.03869191
8076394,2016,7/7/2016,1955,5/13/2016,2054,42270,60,5,5,6,1955,0,0,0,,0,1,POMONA BL,VALLEY BL,212,E,N,A,-,N,,,,,,,,,,N,2,0,1,2,A,-,11,21954,A,N,G,B,D,A,H,-,D,A,0,Y,,,,Y,,N,60,1,0,0,0,1,0,0,0,0,-,-,LOS ANGELES,POMONA,-117.8157315,34.04376835
8076161,2016,7/11/2016,1942,6/1/2016,1440,34599,2129,3,5,7,1942,0,0,0,,0,21TL62,ROSCOE BL,WINNETKA AV,200,W,N,A,-,N,,,,,,,,,,N,3,0,1,2,A,-,8,22107,,N,D,G,A,A,H,-,A,A,0,,Y,,,Y,,D,22,0,1,0,0,0,0,1,0,0,-,-,LOS ANGELES,LOS ANGELES,-118.5717102,34.22024
8075981,2016,7/13/2016,1976,6/14/2016,724,379,,2,5,5,1976,0,0,0,,0,2,SANTA FE SPRINGS RD,SLAUSON AV,2,S,N,A,-,N,,,,,,,,,,,4,0,1,2,A,-,5,21650,,N,H,G,A,A,H,-,A,B,0,,Y,,,Y,,L,4,0,0,1,0,0,0,1,0,0,-,-,LOS ANGELES,WHITTIER,-118.0507144,33.95898593
8075973,2016,7/13/2016,1976,6/21/2016,1811,485,,2,5,5,1976,0,0,0,,0,,MAGNOLIA AV,CAMILLA ST,13,N,N,A,-,N,,,,,,,,,,,3,0,1,2,A,-,5,21650,,N,H,G,A,A,H,-,A,A,0,,Y,,,Y,,L,4,0,1,0,0,0,0,1,0,0,-,-,LOS ANGELES,WHITTIER,-118.05026,33.98455565
8075965,2016,8/1/2016,1955,6/28/2016,1000,30354,57,2,5,6,1955,0,0,0,,0,1,VALLEY BL,RIDGEWAY ST,300,E,N,A,-,N,,,,,,,,,,N,3,0,1,2,D,-,0,,,M,G,B,E,A,H,-,A,A,0,Y,,,,Y,,-,-,0,1,0,0,1,0,0,0,0,-,-,LOS ANGELES,POMONA,-117.7946027,34.06127945
8075938,2016,7/13/2016,1948,6/10/2016,1641,445,1948,5,5,5,1948,0,0,0,,0,3,YNEZ AV,GARVEY AV,9,S,N,A,-,N,,,,,,,,,,N,4,0,1,2,A,-,11,21950,B,N,G,B,B,A,H,-,A,A,0,Y,,,,Y,,N,60,0,0,1,0,1,0,0,0,0,-,-,LOS ANGELES,MONTEREY PARK,-118.12914,34.06253
8075929,2016,7/13/2016,1900,6/15/2016,1916,535430,2321,3,5,5,1919,0,0,0,,0,230E,SOUTH ST,GRIDLEY RD,490,E,N,A,-,N,,,,,,,,,,N,3,0,1,2,A,-,8,22107,,N,D,G,A,A,H,-,A,A,0,,Y,,,Y,,A,1,0,1,0,0,0,0,1,0,0,-,-,LOS ANGELES,CERRITOS,-118.0893596,33.85849563
8075884,2016,7/12/2016,1900,6/3/2016,1200,523432,2316,5,5,5,1919,0,0,0,,0,230TP,SHOEMAKER AV,DROXFORD ST,0,,Y,A,-,N,,,,,,,,,,N,4,0,1,2,A,-,10,21950,A,N,G,B,B,A,H,-,A,A,0,Y,,,,Y,,A,1,0,0,1,0,1,0,0,0,0,-,-,LOS ANGELES,CERRITOS,-118.05494,33.86115009
8075850,2016,7/18/2016,1906,5/26/2016,1651,1791,1906,4,5,5,1906,0,0,0,,0,3,FRANCISQUITO AV,BIG DALTON AV,0,,Y,A,-,N,,,,,,,,,,N,3,0,1,2,A,-,5,21650,,N,D,G,A,A,H,-,A,A,0,,Y,,,Y,,L,4,0,1,0,0,0,0,1,0,0,-,-,LOS ANGELES,BALDWIN PARK,-117.97064,34.06601002
8075844,2016,7/13/2016,1906,6/3/2016,1648,2872,1906,5,5,5,1906,0,0,0,,0,3,VINELAND AV,PACIFIC AV,5,S,N,A,-,N,,,,,,,,,,N,3,0,1,2,A,-,5,21202,A,N,A,G,A,A,H,-,A,A,0,,Y,,,Y,,L,4,0,1,0,0,0,0,1,0,0,-,-,LOS ANGELES,BALDWIN PARK,-117.9571208,34.08274968
8075677,2016,7/12/2016,1941,6/26/2016,1327,6196,,7,5,7,1941,0,0,0,,0,,CERRITOS AV,3RD ST,0,,Y,A,-,N,,,,,,,,,,N,4,0,1,2,A,-,12,22450,A,N,G,B,D,A,H,-,A,A,0,Y,,,,Y,,A,,0,0,1,0,1,0,0,0,0,-,-,LOS ANGELES,LONG BEACH,-118.17831,33.77041009
8075665,2016,7/12/2016,1941,6/21/2016,2048,5540,,2,5,7,1941,0,0,0,,0,,LAKEWOOD,CARSON,0,N,N,A,-,N,,,,,,,,,,N,3,0,1,2,A,-,11,21956,A,F,H,B,E,A,H,-,C,D,0,Y,,,,Y,Y,N,,0,1,0,0,1,0,0,0,0,-,-,LOS ANGELES,LONG BEACH,-118.1426401,33.83241003
8075655,2016,8/2/2016,1942,6/26/2016,1950,36801,937,7,5,7,1942,0,0,0,I,0,9T53,HAZELTINE AV,SYLVAN ST,150,N,N,A,-,N,,,,,,,,,,N,3,0,1,2,A,-,0,21760,,F,B,G,A,A,H,-,C,D,0,,Y,,,Y,Y,-,99,0,1,0,0,0,0,1,0,0,-,-,LOS ANGELES,LOS ANGELES,-118.43997,34.18507144
8075646,2016,7/12/2016,1942,6/17/2016,1950,37575,1412,5,5,7,1942,0,0,0,N,0,14T47,MAIN ST,ROSE AV,250,N,N,A,-,N,,,,,,,,,,N,3,0,1,2,A,-,7,21658,A,N,C,C,A,A,H,-,B,D,0,,Y,,,Y,,A,1,0,1,0,0,0,0,1,0,0,-,-,LOS ANGELES,LOS ANGELES,-118.47814,33.99593
8075616,2016,2/18/2017,1942,6/22/2016,2300,36801,1716,3,5,7,1942,0,0,0,Q,0,16T23,BALBOA BL,RT 118,0,,Y,A,-,Y,LA,7,118,-,R,8.056,R,4,W,N,3,0,1,2,A,-,10,21950,A,F,G,B,C,A,H,-,C,A,0,Y,,,,Y,Y,-,99,0,1,0,0,1,0,0,0,0,-,WF,LOS ANGELES,LOS ANGELES,-118.497798,34.27746264
8075598,2016,7/12/2016,1941,6/22/2016,1415,10546,,3,5,7,1941,0,0,0,,0,,1ST ST,LONG BEACH BL,165,E,N,A,-,N,,,,,,,,,,N,4,0,1,2,A,-,10,21952,,M,G,G,A,A,H,-,A,D,0,,Y,,,Y,,D,,0,0,1,0,0,0,1,0,0,-,-,LOS ANGELES,LONG BEACH,-118.1889383,33.76809729
8075439,2016,8/1/2016,1942,7/22/2016,2100,41729,513,5,5,7,1942,0,0,0,E,0,3TL5,LOMITA BL,BELLE PORTE AV,0,,Y,A,-,N,,,,,,,,,,Y,2,0,1,2,A,-,10,21950,A,F,G,B,B,A,H,-,C,A,0,Y,,,,Y,,A,1,1,0,0,0,1,0,0,0,0,-,-,LOS ANGELES,LOS ANGELES,-118.3011601,33.79780005
8075431,2016,8/2/2016,1942,7/13/2016,850,26281,721,3,5,7,1942,0,0,0,G,0,7MQ58,BEVERLY BL,LA CIENEGA BL,0,,Y,A,-,N,,,,,,,,,,Y,4,0,1,2,A,-,5,21650,1,N,H,G,A,A,H,-,A,A,0,,Y,,,Y,,L,4,0,0,1,0,0,0,1,0,0,-,-,LOS ANGELES,LOS ANGELES,-118.37661,34.07606005
8075423,2016,8/2/2016,1942,7/17/2016,1845,40695,785,7,5,7,1942,0,0,0,G,0,14A28,WASHINGTON,LA BREA,0,,Y,A,-,N,,,,,,,,,,N,4,0,1,2,C,-,18,,,N,B,G,A,A,H,-,A,A,0,,Y,,,Y,,-,-,0,0,1,0,0,0,1,0,0,-,-,LOS ANGELES,LOS ANGELES,-118.3475201,34.0404001
8075417,2016,8/2/2016,1942,7/17/2016,1800,42024,782,7,5,7,1942,0,0,0,G,0,7A82,LA CIENEGA BL,18TH ST,240,S,N,A,-,N,,,,,,,,,,N,4,0,1,2,A,-,0,23123,A,N,H,G,A,A,H,-,-,D,0,,Y,,,Y,,A,1,0,0,1,0,0,0,1,0,0,-,-,LOS ANGELES,LOS ANGELES,-118.376732,34.04386109
8075416,2016,8/2/2016,1942,7/7/2016,1415,31255,721,4,5,7,1942,0,0,0,G,0,6TL4,3RD ST,SAN VICENTE BL,0,,Y,A,-,N,,,,,,,,,,N,4,0,1,2,D,-,0,,,N,G,B,B,A,H,-,A,A,0,Y,,,,Y,,-,-,0,0,1,0,1,0,0,0,0,-,-,LOS ANGELES,LOS ANGELES,-118.37786,34.07354006
8075414,2016,8/2/2016,1942,7/20/2016,2215,41054,678,3,5,7,1942,0,0,0,F,0,8T35,NORMANDIE AV,SANTA MONICA BL,0,,Y,A,-,N,,,,,,,,,,N,4,0,1,2,D,-,0,,,N,G,B,B,A,H,-,C,A,0,Y,,,,Y,,-,-,0,0,1,0,1,0,0,0,0,-,-,LOS ANGELES,LOS ANGELES,-118.3004901,34.09083008
8075409,2016,8/2/2016,1942,7/9/2016,1412,41179,646,6,5,7,1942,0,0,0,F,0,20TL56,DELONGPRE AV,CHEROKEE AV,4,W,N,A,-,N,,,,,,,,,,N,3,0,1,2,A,-,12,22450,A,F,D,B,B,A,H,-,A,A,0,Y,,,,Y,,-,99,0,1,0,0,1,0,0,0,0,-,-,LOS ANGELES,LOS ANGELES,-118.3352732,34.09616012
8075377,2016,8/1/2016,1942,7/2/2016,2300,40184,1684,6,5,7,1942,0,0,0,P,0,16A81,LANKERSHIM BL,TUXFORD ST,100,W,N,A,-,N,,,,,,,,,,Y,2,0,1,2,A,-,11,21955,,N,A,B,D,A,H,-,C,A,0,Y,,,,Y,Y,N,60,1,0,0,0,1,0,0,0,0,-,-,LOS ANGELES,LOS ANGELES,-118.3878,34.22248
8075376,2016,8/1/2016,1942,7/20/2016,955,40165,1504,3,5,7,1942,0,0,0,O,0,21T67,LANKERSHIM BL,COHASSET ST,0,,Y,A,-,N,,,,,,,,,,N,3,0,1,2,A,-,11,21456,A,N,G,B,B,A,H,-,A,A,0,Y,,Y,,Y,,N,60,0,1,0,0,1,0,0,0,0,-,-,LOS ANGELES,LOS ANGELES,-118.38778,34.20665009
8075369,2016,8/15/2016,1942,7/16/2016,1700,42074,1035,6,5,7,1942,0,0,0,J,0,10A26,DARBY AV,VANOWEN ST,45,S,N,A,-,N,,,,,,,,,,N,4,0,1,2,A,-,0,20015,,F,B,G,A,A,H,-,A,D,0,,Y,,,Y,,-,-,0,0,1,0,0,0,1,0,0,-,-,LOS ANGELES,LOS ANGELES,-118.53353,34.19371656
8075367,2016,8/1/2016,1942,7/20/2016,1140,40193,969,3,5,7,1942,0,0,0,I,0,21T67,RIVERSIDE DR,WHITSETT AV,775,W,N,A,-,N,,,,,,,,,,N,4,0,1,2,A,-,3,22350,,F,G,B,E,A,H,-,A,D,0,Y,,,,Y,,-,99,0,0,1,0,1,0,0,0,0,-,-,LOS ANGELES,LOS ANGELES,-118.407817,34.15761
8075362,2016,8/1/2016,1942,7/13/2016,2020,30395,1548,3,5,7,1942,0,0,0,O,0,15L90,LANKERSHIM BL,MAGNOLIA BL,250,N,N,A,-,N,,,,,,,,,,N,3,0,1,2,A,-,0,20015,,F,G,G,A,A,G,-,A,D,0,,Y,,,Y,,-,-,0,1,0,0,0,0,1,0,0,-,-,LOS ANGELES,LOS ANGELES,-118.3750059,34.1655186
8075213,2016,8/1/2016,1941,7/12/2016,1825,5755,571,2,5,7,1941,0,0,0,,0,10,2ND ST,COVINA AV,0,,Y,A,-,N,,,,,,,,,,N,3,0,1,2,A,-,9,21801,A,N,D,G,A,A,H,-,A,A,0,,Y,,,Y,,A,1,0,1,0,0,0,0,1,0,0,-,-,LOS ANGELES,LONG BEACH,-118.1339401,33.75982005
8075178,2016,8/15/2016,1941,7/19/2016,750,10008,,2,5,7,1941,0,0,0,,0,,LONG BEACH BL,3RD ST,0,,Y,A,-,N,,,,,,,,,,N,4,0,1,2,A,-,17,21657,,N,A,G,A,A,H,-,A,A,0,,Y,,,Y,,L,,0,0,1,0,0,0,1,0,0,-,-,LOS ANGELES,LONG BEACH,-118.1894701,33.77051011
8075175,2016,8/1/2016,1941,7/17/2016,847,10042,,7,5,7,1941,0,0,0,,0,,2ND ST,MARINA DR,5,W,N,A,-,N,,,,,,,,,,N,3,0,1,2,D,-,0,,,N,D,G,A,A,H,-,A,A,0,,Y,,,Y,,-,-,0,1,0,0,0,0,1,0,0,-,-,LOS ANGELES,LONG BEACH,-118.1132556,33.75762577
8075173,2016,7/29/2016,1941,7/19/2016,2033,10779,,2,5,7,1941,0,0,0,,0,,CHESTNUT AV,12TH ST,0,,Y,A,-,N,,,,,,,,,,Y,3,0,1,3,A,-,0,20001,A,F,D,G,A,A,H,-,C,D,0,,Y,,,Y,,A,,0,1,0,0,0,0,1,0,0,-,-,LOS ANGELES,LONG BEACH,-118.19637,33.78141003
8075171,2016,8/1/2016,1941,7/16/2016,2107,6116,,6,5,7,1941,0,0,0,,0,,WILLOW ST,BELMONT AV,150,E,N,A,-,N,,,,,,,,,,N,3,0,1,2,A,-,11,21954,A,N,G,B,D,A,H,-,C,D,0,Y,,,,Y,Y,N,,0,1,0,0,1,0,0,0,0,-,-,LOS ANGELES,LONG BEACH,-118.1439373,33.80342
8075169,2016,8/1/2016,1941,7/17/2016,1723,10558,,7,5,7,1941,0,0,0,,0,,2ND ST,SAINT JOSEPH AV,12,W,N,A,-,N,,,,,,,,,,N,4,0,1,2,A,-,10,21950,A,N,G,B,B,A,H,-,A,A,0,Y,,,,Y,,A,,0,0,1,0,1,0,0,0,0,-,-,LOS ANGELES,LONG BEACH,-118.1373751,33.76129496
8075111,2016,7/13/2016,1942,6/13/2016,1150,36755,933,1,5,7,1942,0,0,0,I,0,10T38,VAN NUYS BL,DELANO ST,0,,Y,A,-,N,,,,,,,,,,Y,2,0,3,3,A,-,12,21453,A,N,D,B,B,A,H,-,A,A,0,Y,,,,Y,,A,1,1,2,0,0,1,0,0,0,0,-,-,LOS ANGELES,LOS ANGELES,-118.44874,34.18264011
8075096,2016,7/7/2016,1942,6/3/2016,2100,39830,1622,5,5,7,1942,0,0,0,P,0,16A23,SAN FERNANDO RD,VAN NUYS BL,3,S,N,A,-,N,,,,,,,,,,N,3,0,1,2,A,-,0,21930,A,N,G,B,B,A,H,-,C,A,0,Y,,,,Y,,A,1,0,1,0,0,1,0,0,0,0,-,-,LOS ANGELES,LOS ANGELES,-118.4221034,34.26609383
8075093,2016,7/7/2016,1942,6/1/2016,2130,35346,1651,3,5,7,1942,0,0,0,P,0,16T25,LAUREL CANYON BL,MONTAGUE ST,450,N,N,A,-,N,,,,,,,,,,N,4,0,1,2,A,-,11,21955,,N,G,B,D,A,H,-,C,-,0,Y,,,,Y,,N,60,0,0,1,0,1,0,0,0,0,-,-,LOS ANGELES,LOS ANGELES,-118.4173153,34.24480388
8075092,2016,7/7/2016,1942,6/17/2016,950,38647,1664,5,5,7,1942,0,0,0,P,0,16A23,PENDLETON ST,PENDLETON ST 11201,0,,-,A,-,N,,,,,,,,,,N,4,0,1,2,D,-,0,,,N,G,B,F,A,H,-,A,D,0,Y,,,,Y,,-,-,0,0,1,0,1,0,0,0,0,-,-,LOS ANGELES,LOS ANGELES,,
8075090,2016,7/7/2016,1942,6/6/2016,1545,41747,1039,1,5,7,1942,0,0,0,J,0,10A17,WOODLEY AV,HAYNES ST,0,,Y,A,-,N,,,,,,,,,,N,4,0,1,2,A,-,5,21650,1,N,H,G,A,A,H,-,A,A,0,,Y,,,Y,,L,4,0,0,1,0,0,0,1,0,0,-,-,LOS ANGELES,LOS ANGELES,-118.4836501,34.18915007
8075084,2016,7/7/2016,1942,6/2/2016,1500,40735,1061,4,5,7,1942,0,0,0,J,0,9TL54,CORBIN AV,VENTURA BL,3,S,N,A,-,N,,,,,,,,,,N,4,0,1,2,A,-,11,21106,B,N,H,G,A,A,H,-,A,A,0,,Y,,,Y,,L,4,0,0,1,0,0,0,1,0,0,-,-,LOS ANGELES,LOS ANGELES,-118.56223,34.17259177
8074960,2016,9/2/2017,1942,6/10/2016,130,37705,1341,5,5,7,1942,0,0,0,M,0,2T15,BROADWAY PL,MARTIN LUTHER KING BL,35,S,N,A,-,N,,,,,,,,,,N,4,0,1,2,A,-,11,21954,A,N,G,B,D,A,H,-,C,D,0,Y,,,,Y,,A,1,0,0,1,0,1,0,0,0,0,-,-,LOS ANGELES,LOS ANGELES,-118.2774613,34.01104402
8074956,2016,7/6/2016,1942,6/11/2016,705,37952,1128,6,5,7,1942,0,0,0,K,0,4TL4,FIGUEROA ST,MERIDIAN ST,98,N,N,B,-,N,,,,,,,,,,N,4,0,1,2,A,-,3,22350,,F,E,I,F,B,H,-,A,D,0,Y,,,,Y,,-,99,0,0,1,0,1,0,0,0,0,-,-,LOS ANGELES,LOS ANGELES,-118.1838374,34.12040038
8074953,2016,2/18/2017,1942,6/9/2016,1730,34458,1189,4,5,7,1942,0,0,0,K,0,2TL28,FIGUEROA ST,RT 110,5,S,N,A,-,Y,LA,7,110,-,-,26.03,R,2,S,N,3,0,1,2,A,-,8,22107,,N,D,G,A,A,H,-,A,D,0,,Y,,,Y,,A,7,0,1,0,0,0,0,1,0,0,-,-,LOS ANGELES,LOS ANGELES,-118.2198688,34.0845784
8074949,2016,7/6/2016,1942,6/9/2016,1042,38171,185,4,5,7,1942,0,0,0,A,0,11TL25,12TH ST,LOS ANGELES ST,0,,Y,A,-,N,,,,,,,,,,N,4,0,1,2,A,-,10,21950,A,N,G,B,B,A,H,-,A,A,0,Y,,,,Y,,A,8,0,0,1,0,1,0,0,0,0,-,-,LOS ANGELES,LOS ANGELES,-118.2583401,34.03693001
8074940,2016,7/6/2016,1900,6/18/2016,1640,489533,455,6,5,6,1949,0,0,0,,0,45T1,ALONDRA BL,MAIDSTONE AV,159,E,N,A,-,N,,,,,,,,,,N,4,0,1,2,A,-,5,21650,1,N,D,G,A,A,H,-,A,D,0,,Y,,,Y,,L,4,0,0,1,0,0,0,1,0,0,-,-,LOS ANGELES,NORWALK,-118.0863573,33.88767804
8074936,2016,7/6/2016,1900,6/17/2016,1925,489533,458,5,5,6,1949,0,0,0,,0,45T1,PIONEER BL,166TH ST,13,N,N,A,-,N,,,,,,,,,,N,4,0,1,2,A,-,10,21950,A,N,G,B,B,A,H,-,B,A,0,Y,,,,Y,,A,8,0,0,1,0,1,0,0,0,0,-,-,LOS ANGELES,NORWALK,-118.0824219,33.88041561
8074872,2016,7/6/2016,1900,6/2/2016,1745,353077,633,4,5,6,1985,0,0,0,,0,63TI,JAKES WY,ELEANOR AV,120,W,N,A,-,N,,,,,,,,,,N,3,0,1,2,A,-,11,21954,A,N,G,B,D,A,H,-,A,D,0,Y,,,,Y,,N,60,0,1,0,0,1,0,0,0,0,-,-,LOS ANGELES,SANTA CLARITA,-118.4440072,34.41357
8074864,2016,8/1/2016,1900,6/25/2016,2027,546182,1126,6,5,6,1992,0,0,0,,0,111TI,AVENUE K,12TH ST,37,E,N,A,-,N,,,,,,,,,,N,3,0,1,2,A,-,5,21650,A,N,H,G,A,A,H,-,C,A,0,,Y,,,Y,,L,4,0,1,0,0,0,0,1,0,0,-,-,LOS ANGELES,LANCASTER,-118.1522372,34.6749
8074851,2016,7/6/2016,1900,6/25/2016,842,525744,1126,6,5,6,1992,0,0,0,,0,111TI,AVENUE K,17TH ST WEST,160,W,N,-,-,N,,,,,,,,,,N,4,0,1,2,A,-,0,21760,B,M,B,G,A,-,-,-,-,D,0,,Y,,,Y,,A,1,0,0,1,0,0,0,1,0,0,-,-,LOS ANGELES,LANCASTER,-118.161791,34.67498672
8074679,2016,7/5/2016,1942,6/2/2016,930,35769,111,4,5,7,1942,0,0,0,A,0,1A29,N SPRING,ORD ST,5,S,N,A,-,N,,,,,,,,,,N,4,0,1,2,A,-,10,21950,A,N,G,B,B,A,H,-,A,D,0,Y,,,,Y,,A,1,0,0,1,0,1,0,0,0,0,-,-,LOS ANGELES,LOS ANGELES,-118.2379141,34.05984672
8074674,2016,7/6/2016,1942,6/2/2016,613,37991,135,4,5,7,1942,0,0,0,A,0,11A25,S MAIN ST,3RD ST,200,N,N,A,-,N,,,,,,,,,,N,3,0,1,2,A,-,9,21804,,F,B,G,A,A,D,E,A,-,0,,Y,,,Y,,L,4,0,1,0,0,0,0,1,0,0,-,-,LOS ANGELES,LOS ANGELES,-118.2454827,34.04995749
8074671,2016,7/14/2016,1942,6/17/2016,1115,40275,1307,5,5,7,1942,0,0,0,M,0,1T11,OLYMPIC BL,CENTRAL AV,300,W,N,A,-,N,,,,,,,,,,N,3,0,1,2,A,-,11,21954,A,N,G,B,D,A,H,-,A,D,0,Y,,,,Y,,N,60,0,1,0,0,1,0,0,0,0,-,-,LOS ANGELES,LOS ANGELES,-118.2448486,34.03262996
8074666,2016,7/6/2016,1942,6/16/2016,1515,42350,1303,4,5,7,1942,0,0,0,M,0,13X21,STANFORD ST,12TH ST,55,S,N,A,-,N,,,,,,,,,,N,4,0,1,2,A,-,8,22107,,N,D,G,A,A,H,-,A,A,0,,Y,,,Y,,L,4,0,0,1,0,0,0,1,0,0,-,-,LOS ANGELES,LOS ANGELES,-118.2500134,34.03197077
8074660,2016,7/6/2016,1900,6/19/2016,2328,517137,972,7,5,4,1979,0,0,0,,0,91T2,SAN VICENTE BL,SANTA MONICA BL,9,S,N,A,-,N,,,,,,,,,,N,3,0,1,2,A,-,11,21456,B,N,D,B,B,A,H,-,C,A,0,Y,,,,Y,Y,N,60,0,1,0,0,1,0,0,0,0,-,-,LOS ANGELES,WEST HOLLYWOOD,-118.384104,34.08490583
8074656,2016,8/29/2016,1900,6/6/2016,2236,517137,977,1,5,4,1979,0,0,0,,0,91T2,SANTA MONICA BL,DOHENY DR,236,E,N,A,-,N,,,,,,,,,,N,4,0,1,2,A,-,11,21954,A,M,B,B,E,A,H,-,C,D,0,Y,,,,Y,,N,60,0,0,1,0,1,0,0,0,0,-,-,LOS ANGELES,WEST HOLLYWOOD,-118.3891366,34.08153564
8074653,2016,7/6/2016,1900,6/12/2016,2254,517137,977,7,5,4,1979,0,0,0,,0,91T2,SAN VICENTE BL,SANTA MONICA BL,278,N,N,A,-,N,,,,,,,,,,Y,2,0,1,2,A,-,11,21955,,N,G,B,D,A,H,-,C,D,0,Y,,,,Y,Y,N,60,1,0,0,0,1,0,0,0,0,-,-,LOS ANGELES,WEST HOLLYWOOD,-118.3845601,34.08559396
8074652,2016,8/29/2016,1900,6/12/2016,130,532236,977,7,5,4,1979,0,0,0,,0,91T1,SANTA MONICA BL,WESTMOUNT DR,48,E,N,A,-,N,,,,,,,,,,Y,3,0,1,2,A,-,10,21950,A,N,G,B,B,A,H,-,C,D,0,Y,,,,Y,Y,A,7,0,1,0,0,1,0,0,0,0,-,-,LOS ANGELES,WEST HOLLYWOOD,-118.3789272,34.08813163
8074595,2016,7/6/2016,1942,6/16/2016,1435,41179,2071,4,5,7,1942,0,0,0,,0,8TL28,PICO BL,WESTERN AV,5,W,N,A,-,N,,,,,,,,,,N,4,0,1,2,A,-,10,21950,A,N,D,B,B,A,H,-,A,A,0,Y,,,,Y,,A,8,0,0,1,0,1,0,0,0,0,-,-,LOS ANGELES,LOS ANGELES,-118.3090565,34.0472
8074593,2016,8/29/2016,1942,6/18/2016,1520,42268,2079,6,5,7,1942,0,0,0,,0,7A21,MENLO AV,VENICE BL,0,,Y,A,-,N,,,,,,,,,,N,3,0,1,2,A,-,9,21802,A,N,D,G,A,A,-,-,A,A,0,,Y,,,Y,,A,1,0,1,0,0,0,0,1,0,0,-,-,LOS ANGELES,LOS ANGELES,-118.29043,34.04426001
8074585,2016,7/6/2016,1942,6/24/2016,408,25495,2079,5,5,7,1942,0,0,0,,0,7TL23,VERMONT AV,PICO BL,0,,Y,A,-,N,,,,,,,,,,Y,3,0,1,2,A,-,12,21453,A,N,D,G,A,A,H,-,C,A,0,,Y,,,Y,,L,4,0,1,0,0,0,0,1,0,0,-,-,LOS ANGELES,LOS ANGELES,-118.2916001,34.04726001