CASE_ID,ACCIDENT_YEAR,PROC_DATE,JURIS,COLLISION_DATE,COLLISION_TIME,OFFICER_ID,REPORTING_DISTRICT,DAY_OF_WEEK,CHP_SHIFT,POPULATION,CNTY_CITY_LOC,SPECIAL_COND,BEAT_TYPE,CHP_BEAT_TYPE,CITY_DIVISION_LAPD,CHP_BEAT_CLASS,BEAT_NUMBER,PRIMARY_RD,SECONDARY_RD,DISTANCE,DIRECTION,INTERSECTION,WEATHER_1,WEATHER_2,STATE_HWY_IND,CALTRANS_COUNTY,CALTRANS_DISTRICT,STATE_ROUTE,ROUTE_SUFFIX,POSTMILE_PREFIX,POSTMILE,LOCATION_TYPE,RAMP_INTERSECTION,SIDE_OF_HWY,TOW_AWAY,COLLISION_SEVERITY,NUMBER_KILLED,NUMBER_INJURED,PARTY_COUNT,PRIMARY_COLL_FACTOR,PCF_CODE_OF_VIOL,PCF_VIOL_CATEGORY,PCF_VIOLATION,PCF_VIOL_SUBSECTION,HIT_AND_RUN,TYPE_OF_COLLISION,MVIW,PED_ACTION,ROAD_SURFACE,ROAD_COND_1,ROAD_COND_2,LIGHTING,CONTROL_DEVICE,CHP_ROAD_TYPE,PEDESTRIAN_ACCIDENT,BICYCLE_ACCIDENT,MOTORCYCLE_ACCIDENT,TRUCK_ACCIDENT,NOT_PRIVATE_PROPERTY,ALCOHOL_INVOLVED,STWD_VEHTYPE_AT_FAULT,CHP_VEHTYPE_AT_FAULT,COUNT_SEVERE_INJ,COUNT_VISIBLE_INJ,COUNT_COMPLAINT_PAIN,COUNT_PED_KILLED,COUNT_PED_INJURED,COUNT_BICYCLIST_KILLED,COUNT_BICYCLIST_INJURED,COUNT_MC_KILLED,COUNT_MC_INJURED,PRIMARY_RAMP,SECONDARY_RAMP,COUNTY,CITY,LONGITUDE,LATITUDE
8066393,2016,6/22/2016,1955,5/26/2016,753,42251,95,4,5,6,1955,0,0,0,,0,4,GAREY AV,GRAND AV,10,S,N,A,-,N,,,,,,,,,,N,3,0,1,2,A,-,10,21950,A,N,G,B,B,A,H,-,A,A,0,Y,,,,Y,,A,1,0,1,0,0,1,0,0,0,0,-,-,LOS ANGELES,POMONA,-117.7498489,34.04779261
8066383,2016,6/22/2016,1955,6/1/2016,458,40347,7,3,5,6,1955,0,0,0,,0,3,TOWNE AV,HOLT AV,8,N,N,B,-,N,,,,,,,,,,N,3,0,1,2,A,-,11,21954,A,N,A,B,D,A,H,-,C,A,0,Y,,,,Y,,N,60,0,1,0,0,1,0,0,0,0,-,-,LOS ANGELES,POMONA,-117.7415808,34.06260192
8066355,2016,6/22/2016,1923,6/7/2016,1744,467,205,2,5,3,1923,0,0,0,,0,3M3,MARIPOSA AV,LOMITA ST,0,,Y,A,-,N,,,,,,,,,,N,3,0,1,2,A,-,11,21954,A,N,C,B,-,A,H,-,A,-,0,Y,,,,Y,,N,60,0,1,0,0,1,0,0,0,0,-,-,LOS ANGELES,EL SEGUNDO,-118.4077901,33.92360002
8066352,2016,6/22/2016,1902,6/16/2016,2105,714,20,4,5,5,1902,0,0,0,,0,4,LA CADENA AV,DUARTE RD,6,N,N,A,-,N,,,,,,,,,,N,3,0,1,2,A,-,8,22107,,N,G,B,B,A,H,-,C,D,0,Y,,,,Y,,A,1,0,1,0,0,1,0,0,0,0,-,-,LOS ANGELES,ARCADIA,-118.0494704,34.12687645
8066344,2016,6/22/2016,1902,6/14/2016,1925,636,7,2,5,5,1902,0,0,0,,0,1,FOOTHILL BL,DEXTER AV,0,,Y,A,-,N,,,,,,,,,,N,4,0,1,2,A,-,11,21954,A,N,G,B,D,A,D,-,B,D,0,Y,,,,Y,,N,60,0,0,1,0,1,0,0,0,0,-,-,LOS ANGELES,ARCADIA,-118.06237,34.15054004
8066342,2016,6/22/2016,1944,5/29/2016,955,349,SOUTH,7,5,4,1944,0,0,0,,0,2,INGLESIDE DR,6TH ST,0,,Y,A,-,N,,,,,,,,,,N,2,0,1,2,A,-,11,21956,,N,G,B,D,A,H,-,A,D,0,Y,,,,Y,,N,60,1,0,0,0,1,0,0,0,0,-,-,LOS ANGELES,MANHATTAN BEACH,-118.40555,33.88205004
8066308,2016,6/22/2016,1923,5/27/2016,1958,433,113,5,5,3,1923,0,0,0,,0,3L1M,MAIN ST,GRAND AV,0,,Y,A,-,N,,,,,,,,,,N,4,0,1,2,A,-,12,21453,A,N,D,G,A,A,H,-,B,A,0,,Y,,,Y,,L,4,0,0,1,0,0,0,1,0,0,-,-,LOS ANGELES,EL SEGUNDO,-118.41596,33.9190001
8066049,2016,6/22/2016,1900,5/11/2016,809,529380,1430,3,5,4,1937,0,0,0,,0,143T1,AMAR RD,ARDILLA AV,8,,N,A,-,N,,,,,,,,,,N,4,0,1,2,A,-,9,21804,A,N,D,G,A,A,H,-,A,A,0,,Y,,,Y,,L,4,0,0,1,0,0,0,1,0,0,-,-,LOS ANGELES,LA PUENTE,-117.9747701,34.0535801
8065960,2016,6/22/2016,1969,5/16/2016,1937,10114,PATRO,1,5,5,1969,0,0,0,,0,2,MADISON AV,TWEEDY BL,0,,Y,A,-,N,,,,,,,,,,N,4,0,1,2,A,-,5,21650,1,N,D,G,A,A,H,-,B,D,0,,Y,,,Y,,L,4,0,0,1,0,0,0,1,0,0,-,-,LOS ANGELES,SOUTH GATE,-118.2148701,33.94522003
8065798,2016,6/21/2016,1901,6/3/2016,2145,263,18,5,5,5,1901,0,0,0,,0,4,RAMONA RD,MARGUERITA AV,140,W,N,A,-,N,,,,,,,,,,N,3,0,1,2,A,-,8,22107,,N,G,B,E,A,-,-,C,D,0,Y,,,,Y,,A,7,0,1,0,0,1,0,0,0,0,-,-,LOS ANGELES,ALHAMBRA,-118.13823,34.07177
8065794,2016,6/21/2016,1901,6/7/2016,1629,239,11,2,5,5,1901,0,0,0,,0,2,VALLEY BL,GARFIELD AV,123,E,N,A,-,N,,,,,,,,,,N,4,0,1,2,A,-,11,21954,A,N,G,B,D,A,H,-,A,A,0,Y,,,,Y,,N,60,0,0,1,0,1,0,0,0,0,-,-,LOS ANGELES,ALHAMBRA,-118.122605,34.07865286
8065667,2016,6/21/2016,1900,5/25/2016,730,253807,2611,3,5,6,1950,0,0,0,,0,261T1,AVE P-8,TOYON WY,0,,Y,A,-,N,,,,,,,,,,N,4,0,1,2,A,-,9,21802,A,N,D,G,A,A,H,-,A,A,0,,Y,,,Y,,A,1,0,0,1,0,0,0,1,0,0,-,-,LOS ANGELES,PALMDALE,,
8065527,2016,6/21/2016,1900,5/20/2016,446,537500,2611,5,5,6,1950,0,0,0,,0,263T1,AVENUE P,15TH ST EAST,219,W,N,A,-,N,,,,,,,,,,N,2,0,1,2,A,-,11,21956,A,N,B,B,E,A,H,-,D,D,0,Y,,,,Y,,N,60,1,0,0,0,1,0,0,0,0,-,-,LOS ANGELES,PALMDALE,-118.1039052,34.60215803
8065250,2016,6/18/2016,1942,4/25/2016,740,38471,1966,1,5,7,1942,0,0,0,,0,19TL75,MOONBEAM AV,LIGGETT ST,65,,N,A,-,N,,,,,,,,,,N,4,0,1,2,A,-,11,21950,B,N,G,B,D,A,H,-,A,A,0,Y,,,,Y,,N,60,0,0,1,0,1,0,0,0,0,-,-,LOS ANGELES,LOS ANGELES,-118.4450501,34.23989004
8065230,2016,6/18/2016,1976,4/6/2016,1625,393,1976,3,5,5,1976,0,0,0,,0,2,MILTON AV,HADLEY ST,175,N,N,A,-,N,,,,,,,,,,N,3,0,1,4,A,-,9,21804,A,M,H,G,A,A,H,-,A,D,0,,Y,,,Y,Y,L,4,0,1,0,0,0,0,1,0,0,-,-,LOS ANGELES,WHITTIER,-118.03971,33.98319983
8065171,2016,6/20/2016,1942,5/27/2016,1450,41574,1454,5,5,7,1942,0,0,0,N,0,14X74,80TH ST,LOYOLA BL,50,E,N,A,-,N,,,,,,,,,,N,3,0,1,2,A,-,17,22517,,N,H,G,A,A,H,-,A,A,0,,Y,,,Y,,-,,0,1,0,0,0,0,1,0,0,-,-,LOS ANGELES,LOS ANGELES,-118.4165554,33.9659
8065159,2016,6/20/2016,1947,5/9/2016,1905,1389,,1,5,5,1947,0,0,0,,0,00B,N 18TH ST,W BEVERLY BL W,0,,Y,A,-,N,,,,,,,,,,Y,3,0,1,2,A,-,0,21451,I,N,D,G,A,A,H,-,B,A,0,,Y,,,Y,,-,-,0,1,0,0,0,0,1,0,0,-,-,LOS ANGELES,MONTEBELLO,-118.1181701,34.01969002
8064957,2016,6/20/2016,1942,5/26/2016,1710,34599,1781,4,5,7,1942,0,0,0,Q,0,21TL62,PARTHENIA ST,INDEPENDENCE AV,0,,Y,A,-,N,,,,,,,,,,N,3,0,1,2,A,-,11,21456,B,N,G,B,B,A,A,-,A,A,0,Y,,,,Y,,N,60,0,1,0,0,1,0,0,0,0,-,-,LOS ANGELES,LOS ANGELES,-118.5907101,34.22820005
8064956,2016,6/17/2016,1941,5/11/2016,540,10073,,3,5,7,1941,0,0,0,,0,,OCEAN BL,ALAMITOS AV,115,E,N,A,-,N,,,,,,,,,,N,4,0,1,2,A,-,9,21800,A,N,G,B,A,A,H,-,C,D,0,,Y,,,Y,,D,,0,0,1,0,0,0,1,0,0,-,-,LOS ANGELES,LONG BEACH,-118.1827368,33.76641516
8064952,2016,6/17/2016,1941,5/31/2016,2051,6222,,2,5,7,1941,0,0,0,,0,,PACIFIC AV,POLE#FA1206,4,S,N,A,-,N,,,,,,,,,,N,4,0,1,2,A,-,8,22107,,N,G,G,A,A,H,-,C,D,0,,Y,,,Y,Y,A,,0,0,1,0,0,0,1,0,0,-,-,LOS ANGELES,LONG BEACH,,
8064926,2016,6/16/2016,1941,6/2/2016,1737,10789,,4,5,7,1941,0,0,0,,0,,ANAHEIM,PINE AV,0,,Y,A,-,N,,,,,,,,,,N,3,0,1,2,A,-,10,21950,A,N,G,B,B,A,H,-,A,A,0,Y,,,,Y,,A,,0,1,0,0,1,0,0,0,0,-,-,LOS ANGELES,LONG BEACH,-118.1923901,33.78260009
8064920,2016,6/17/2016,1942,5/15/2016,2340,41105,1668,7,5,7,1942,0,0,0,P,0,16A59,FOOTHILL BL,VALMONT ST,0,,-,A,-,N,,,,,,,,,,N,2,0,1,2,A,-,8,22107,,N,D,G,A,A,H,-,C,A,0,,Y,,,Y,,A,1,1,0,0,0,0,0,1,0,0,-,-,LOS ANGELES,LOS ANGELES,-118.29472,34.25233007
8064908,2016,6/17/2016,1942,5/22/2016,1633,41368,2189,7,5,7,1942,0,0,0,,0,17X54,VENTURA BL,WINNETKA AV,200,W,N,A,-,N,,,,,,,,,,N,4,0,1,2,A,-,-,,,N,D,G,A,A,H,-,A,D,0,,Y,,,Y,,L,4,0,0,1,0,0,0,1,0,0,-,-,LOS ANGELES,LOS ANGELES,-118.5715535,34.17075767
8064900,2016,6/17/2016,1942,5/25/2016,900,39217,1722,3,5,7,1942,0,0,0,Q,0,9TL55,DEVONSHIRE ST,HILLVIEW AV,0,,Y,A,-,N,,,,,,,,,,N,3,0,1,2,A,-,9,21804,A,N,D,C,A,A,H,-,A,A,0,,Y,,,Y,,L,4,0,1,0,0,0,0,1,0,0,-,-,LOS ANGELES,LOS ANGELES,-118.6028301,34.25724007
8064892,2016,8/29/2016,1942,5/26/2016,800,33598,1767,4,5,7,1942,0,0,0,Q,0,1741,RESEDA BL,LASSEN ST,0,,Y,A,-,N,,,,,,,,,,Y,4,0,2,2,A,-,8,22107,,N,A,C,A,A,H,-,A,A,0,,Y,,,Y,,A,1,0,0,2,0,0,0,1,0,0,-,-,LOS ANGELES,LOS ANGELES,-118.53609,34.24999008
8064884,2016,6/17/2016,1942,5/27/2016,2230,38995,1749,5,5,7,1942,0,0,0,Q,0,17T16,HASKELL AV,DEVONSHIRE ST,10,N,N,A,-,N,,,,,,,,,,N,4,0,1,2,A,-,5,21650,1,N,D,G,A,A,H,-,C,A,0,,Y,,,Y,,L,4,0,0,1,0,0,0,1,0,0,-,-,LOS ANGELES,LOS ANGELES,-118.4761,34.25737743
8064882,2016,6/16/2016,1942,6/3/2016,2150,41198,914,5,5,7,1942,0,0,0,I,0,10T37,VANOWEN ST,VAN NUYS BL,200,E,N,A,-,N,,,,,,,,,,N,4,0,1,2,A,-,11,21954,A,F,D,B,D,A,H,-,C,A,0,Y,,,,Y,Y,N,60,0,0,1,0,1,0,0,0,0,-,-,LOS ANGELES,LOS ANGELES,-118.4480799,34.19391971
8064765,2016,8/31/2016,1941,6/1/2016,822,5839,,3,5,7,1941,0,0,0,,0,,GOLDEN SHORE,RT 710,0,,Y,B,-,N,,,,,,,,,,N,4,0,1,2,C,-,18,,,F,G,B,E,A,D,-,A,D,0,Y,,,,Y,,-,-,0,0,1,0,1,0,0,0,0,-,SF,LOS ANGELES,LONG BEACH,,
8064545,2016,6/21/2016,1942,5/25/2016,30,39566,901,3,5,7,1942,0,0,0,I,0,9A89,VALERIO ST,SEPULVEDA BL,0,,Y,A,-,N,,,,,,,,,,N,4,0,1,2,A,-,12,21453,A,N,D,G,A,A,H,-,C,A,0,,Y,,,Y,,L,4,0,0,1,0,0,0,1,0,0,-,-,LOS ANGELES,LOS ANGELES,-118.4662101,34.20484011
8064544,2016,6/21/2016,1918,5/27/2016,1820,1123,,5,5,4,1918,0,0,0,,0,2TL525,CENTINELA AV,WASHINGTON BL,105,S,N,B,-,N,,,,,,,,,,N,4,0,1,2,A,-,5,21650,,N,H,G,A,A,H,-,A,D,0,,Y,,,Y,,L,4,0,0,1,0,0,0,1,0,0,-,-,LOS ANGELES,CULVER CITY,-118.4282529,33.99674215
8064538,2016,6/20/2016,1942,5/14/2016,1730,35962,357,6,5,7,1942,0,0,0,,0,3A74,EXPOSITION BL,VERMONT AV,4,E,N,A,-,N,,,,,,,,,,N,3,0,1,2,A,-,9,21804,A,N,H,G,A,A,H,-,A,A,0,,Y,,,Y,,L,4,0,1,0,0,0,0,1,0,0,-,-,LOS ANGELES,LOS ANGELES,-118.2915168,34.0183498
8064531,2016,6/21/2016,1942,5/31/2016,2010,42202,409,2,5,7,1942,0,0,0,D,0,4A53,HUNTINGTON DR,MAIN ST,0,,Y,A,-,N,,,,,,,,,,N,2,0,1,2,A,-,12,21453,A,N,D,G,A,A,H,-,C,A,0,,Y,,,Y,,L,4,1,0,0,0,0,0,1,0,0,-,-,LOS ANGELES,LOS ANGELES,-118.1608201,34.09307009
8064518,2016,8/29/2016,1942,5/13/2016,1630,42038,325,5,5,7,1942,0,0,0,C,0,,VERMONT AV,28TH ST,0,,Y,A,-,N,,,,,,,,,,N,4,0,1,2,A,-,9,21801,A,N,D,G,A,A,-,-,A,D,0,,Y,,,Y,,A,1,0,0,1,0,0,0,1,0,0,-,-,LOS ANGELES,LOS ANGELES,,
8064508,2016,6/21/2016,1900,5/17/2016,1120,527690,,2,5,5,1943,0,0,0,,0,2115,IMPERIAL HWY,ATLANTIC AV,30,E,N,A,-,N,,,,,,,,,,N,3,0,1,2,A,-,5,21202,A,N,D,G,A,A,-,-,A,A,0,,Y,,,Y,,L,4,0,1,0,0,0,0,1,0,0,-,-,LOS ANGELES,LYNWOOD,-118.1835113,33.93073
8064492,2016,6/22/2016,1900,5/25/2016,1155,534589,2111,3,5,5,1943,0,0,0,,0,212K,IMPERIAL HWY,LONG BEACH BL,0,,Y,A,-,N,,,,,,,,,,N,2,0,1,2,A,-,10,21950,A,N,G,B,B,A,H,-,A,A,0,Y,,,,Y,,A,7,1,0,0,0,1,0,0,0,0,-,-,LOS ANGELES,LYNWOOD,-118.2116501,33.93050011
8064484,2016,6/22/2016,1900,5/26/2016,1615,441896,2117,4,5,5,1943,0,0,0,,0,212D,CORNISH AV,AGNES ST,30,S,N,A,-,N,,,,,,,,,,N,4,0,1,2,A,-,3,22350,,M,G,B,E,A,H,-,A,D,0,Y,,,,Y,,-,99,0,0,1,0,1,0,0,0,0,-,-,LOS ANGELES,LYNWOOD,-118.1985324,33.91619229
8064478,2016,6/21/2016,1918,5/13/2016,1845,1118,,5,5,4,1918,0,0,0,,0,2TL23,DUQUESNE AV,CULVER BL,245,S,N,A,-,N,,,,,,,,,,N,4,0,1,2,A,-,7,21658,A,N,H,E,A,A,H,-,A,D,0,,Y,,,Y,,L,4,0,0,1,0,0,0,1,0,0,-,-,LOS ANGELES,CULVER CITY,-118.396,34.0208554
8064474,2016,6/21/2016,1918,5/17/2016,1855,1139,1918,2,5,4,1918,0,0,0,,0,PATROL,WASHINGTON BL,OVERLAND AV,0,,Y,A,-,N,,,,,,,,,,N,3,0,1,2,A,-,8,22101,D,F,H,G,A,A,H,-,A,A,0,,Y,,,Y,,A,1,0,1,0,0,0,0,1,0,0,-,-,LOS ANGELES,CULVER CITY,-118.40549,34.01684002
8064469,2016,6/21/2016,1942,6/2/2016,2200,36926,1393,4,5,7,1942,0,0,0,M,0,2T15,64TH ST,MAIN ST,98,W,N,A,-,N,,,,,,,,,,N,2,0,1,2,A,-,11,21956,,F,A,B,D,A,H,-,C,D,0,Y,,,,Y,,N,60,1,0,0,0,1,0,0,0,0,-,-,LOS ANGELES,LOS ANGELES,-118.27393,33.98152
8064456,2016,8/29/2016,1920,5/16/2016,1120,12609,,1,5,6,1920,0,0,0,,0,,IMPERIAL HWY,PARAMOUNT BL,350,W,N,A,-,N,,,,,,,,,,N,4,0,1,2,A,-,9,21804,A,N,D,G,A,A,H,-,A,A,0,,Y,,,Y,,A,8,0,0,1,0,0,0,1,0,0,-,-,LOS ANGELES,DOWNEY,-118.1529826,33.92456015
8064433,2016,6/21/2016,1942,6/1/2016,1725,35688,362,3,5,7,1942,0,0,0,C,0,3TL57,MLK BL,COLISEUM ST,15,W,N,A,-,N,,,,,,,,,,N,3,0,1,2,A,-,12,21453,A,N,G,B,B,A,H,-,A,A,0,Y,,,,Y,,A,1,0,1,0,0,1,0,0,0,0,-,-,LOS ANGELES,LOS ANGELES,-118.3460097,34.01750453
8064405,2016,6/21/2016,1942,6/2/2016,1050,39217,1583,4,5,7,1942,0,0,0,O,0,9TL55,TUJUNGA AV,AQUA VISTA ST,0,,Y,A,-,N,,,,,,,,,,N,3,0,1,2,A,-,9,21804,A,F,D,G,A,A,H,-,A,D,0,,Y,,,Y,,L,4,0,1,0,0,0,0,1,0,0,-,-,LOS ANGELES,LOS ANGELES,-118.3789801,34.1449701
8064401,2016,6/21/2016,1942,6/2/2016,1955,38980,1044,4,5,7,1942,0,0,0,J,0,15T43,COLLINS ST,ETIWANDA AV,400,W,N,A,-,N,,,,,,,,,,N,3,0,1,2,A,-,3,22350,,F,G,B,D,A,H,-,C,D,0,Y,,,,Y,,-,99,0,1,0,0,1,0,0,0,0,-,-,LOS ANGELES,LOS ANGELES,-118.5321502,34.17491699
8064400,2016,6/21/2016,1942,6/4/2016,2245,36336,1787,6,5,7,1942,0,0,0,Q,0,17T17,NORDHOFF ST,RESEDA BL,450,E,N,A,-,N,,,,,,,,,,N,4,0,1,2,A,-,21,22106,,F,D,G,A,A,H,-,C,D,0,,Y,,,Y,,-,99,0,0,1,0,0,0,1,0,0,-,-,LOS ANGELES,LOS ANGELES,-118.5346038,34.23545
8064386,2016,6/21/2016,1942,4/20/2016,445,37191,1268,3,5,7,1942,0,0,0,L,0,12A73,MANCHESTER AV,BROADWAY,45,,N,A,-,N,,,,,,,,,,N,4,0,1,2,A,-,11,21954,A,F,G,B,F,A,H,-,C,D,0,Y,,,,Y,,N,60,0,0,1,0,1,0,0,0,0,-,-,LOS ANGELES,LOS ANGELES,-118.2782801,33.96008008
8064377,2016,6/21/2016,1918,5/12/2016,1056,1118,,4,5,4,1918,0,0,0,,0,2TL23,FARRAGUT DR,MENTONE AV,100,W,N,A,-,N,,,,,,,,,,N,3,0,1,2,A,-,5,21650,1,N,H,G,A,A,H,-,A,D,0,,Y,,,Y,,L,4,0,1,0,0,0,0,1,0,0,-,-,LOS ANGELES,CULVER CITY,-118.397908,34.01125056
8064373,2016,6/21/2016,1918,5/12/2016,1513,1118,,4,5,4,1918,0,0,0,,0,2TL23,HARGIS ST,WASHINGTON BL,102,N,N,A,-,N,,,,,,,,,,N,4,0,1,2,A,-,9,21804,A,N,H,G,A,A,H,-,A,D,0,,Y,,,Y,,L,4,0,0,1,0,0,0,1,0,0,-,-,LOS ANGELES,CULVER CITY,-118.3762662,34.03212543
8064342,2016,7/14/2016,1942,4/28/2016,1720,40169,373,4,5,7,1942,0,0,0,,0,3FB4,CRENSHAW,COLLISEUM ST,60,S,N,B,-,N,,,,,,,,,,N,3,0,1,2,A,-,9,21804,A,N,H,G,A,A,-,-,A,-,0,,Y,,,Y,,-,-,0,1,0,0,0,0,1,0,0,-,-,LOS ANGELES,LOS ANGELES,-118.3353222,34.01803557
8064334,2016,6/21/2016,1918,5/1/2016,1740,829,,7,5,4,1918,0,0,0,,0,PATROL,CENTINELA AV,WASHINGTON BL,336,N,N,A,-,N,,,,,,,,,,N,3,0,1,2,A,-,8,22107,,N,H,G,A,A,H,-,A,D,0,,Y,,,Y,Y,L,4,0,1,0,0,0,0,1,0,0,-,-,LOS ANGELES,CULVER CITY,-118.4290536,33.99774779
8064330,2016,6/21/2016,1918,5/2/2016,1539,1139,,1,5,4,1918,0,0,0,,0,,MATTESON AV,COLLEGE AV,0,,Y,A,-,N,,,,,,,,,,N,4,0,1,2,A,-,11,21950,B,N,G,B,B,A,H,-,A,A,0,Y,,,,Y,,N,60,0,0,1,0,1,0,0,0,0,-,-,LOS ANGELES,CULVER CITY,-118.41043,34.01408012
8064322,2016,6/21/2016,1918,5/5/2016,950,646,1918,4,5,4,1918,0,0,0,,0,2M4,WASHINGTON BL,LANDMARK ST,15,W,N,B,-,N,,,,,,,,,,N,3,0,1,2,A,-,10,21950,A,N,G,B,B,A,H,-,A,A,0,Y,,,,Y,,A,1,0,1,0,0,1,0,0,0,0,-,-,LOS ANGELES,CULVER CITY,-118.3881603,34.02720623
8064239,2016,6/28/2016,1942,5/18/2016,1520,25385,1829,3,5,7,1942,0,0,0,R,0,25MQ52,103RD ST,JUNIPER ST,84,W,N,A,-,N,,,,,,,,,,Y,2,0,3,3,A,-,3,22350,,N,E,I,F,A,H,-,A,D,0,Y,,,,Y,,D,22,1,0,2,0,2,0,0,0,0,-,-,LOS ANGELES,LOS ANGELES,-118.2330864,33.94312
8064207,2016,6/27/2016,1942,3/4/2016,1800,37880,1232,5,5,7,1942,0,0,0,L,0,12X58,60TH ST,CRENSHAW,0,,Y,A,-,N,,,,,,,,,,N,4,0,1,2,A,-,9,21453,,F,B,B,B,A,-,-,C,A,0,Y,,,,Y,,-,99,0,0,1,0,1,0,0,0,0,-,-,LOS ANGELES,LOS ANGELES,-118.3308701,33.98540006
8064191,2016,6/28/2016,1942,6/11/2016,2500,37952,246,6,5,7,1942,0,0,0,B,0,4TL4,ALVARADO ST,6TH ST,13,S,N,A,-,N,,,,,,,,,,N,2,0,1,2,A,-,12,21453,A,F,G,B,D,A,H,-,C,A,0,Y,,,,Y,,-,-,1,0,0,0,1,0,0,0,0,-,-,LOS ANGELES,LOS ANGELES,,
8064188,2016,6/21/2016,1942,6/3/2016,850,31814,392,5,5,7,1942,0,0,0,C,0,3TL57,VERNON,CRENSHAW,4,W,N,A,-,N,,,,,,,,,,N,3,0,1,2,A,-,11,21456,A,N,G,B,B,A,H,-,A,A,0,Y,,,Y,Y,,N,60,0,1,0,0,1,0,0,0,0,-,-,LOS ANGELES,LOS ANGELES,-118.3319726,34.00360669
8064075,2016,6/20/2016,1942,5/28/2016,2310,41320,1124,6,5,7,1942,0,0,0,K,0,11A17,ESTARA AV,DREW ST,3,N,N,A,-,N,,,,,,,,,,N,4,0,1,4,A,-,3,22350,A,N,C,B,E,A,H,-,C,D,0,Y,,,,Y,,A,1,0,0,1,0,1,0,0,0,0,-,-,LOS ANGELES,LOS ANGELES,-118.2431263,34.11994635
8064073,2016,6/18/2016,1942,5/23/2016,1910,41439,356,1,5,7,1942,0,0,0,C,0,18T23,36TH ST,DENKER AV,133,E,N,A,-,N,,,,,,,,,,N,4,0,2,2,A,-,5,21650,1,N,A,G,A,A,H,-,B,D,0,,Y,,,Y,,A,1,0,0,2,0,0,0,1,0,0,-,-,LOS ANGELES,LOS ANGELES,-118.3042719,34.02281
8064071,2016,6/20/2016,1942,5/29/2016,1355,42220,1177,7,5,7,1942,0,0,0,K,0,11A89,HURON ST,AVENUE 28,80,E,N,A,-,N,,,,,,,,,,N,4,0,1,2,A,-,5,21650,1,N,D,G,A,A,H,-,A,D,0,,Y,,,Y,,L,4,0,0,1,0,0,0,1,0,0,-,-,LOS ANGELES,LOS ANGELES,-118.2217666,34.08561913
8064069,2016,6/18/2016,1942,5/20/2016,1530,41858,375,5,5,7,1942,0,0,0,C,0,3A19,MARTIN LUTHER KING BL,WESTERN,40,W,N,A,-,N,,,,,,,,,,N,4,0,1,2,A,-,9,21804,A,F,G,B,-,A,H,-,A,D,0,Y,,,,Y,Y,-,99,0,0,1,0,1,0,0,0,0,-,-,LOS ANGELES,LOS ANGELES,-118.3090617,34.01085
8064065,2016,6/18/2016,1942,5/21/2016,1830,41457,358,6,5,7,1942,0,0,0,C,0,3A34,EXPOSITION BL,USC PARDEE WY,0,,Y,A,-,N,,,,,,,,,,N,4,0,1,2,A,-,9,21801,A,N,A,G,A,A,H,-,A,A,0,,Y,,,Y,,A,1,0,0,1,0,0,0,1,0,0,-,-,LOS ANGELES,LOS ANGELES,-118.28358,34.0183201
8064063,2016,6/20/2016,1942,5/25/2016,1900,42212,1162,3,5,7,1942,0,0,0,K,0,11A51,VIRGIL AV,SANTA MONICA,9,N,N,B,-,N,,,,,,,,,,N,3,0,1,2,B,-,22,,,N,G,B,B,A,H,-,A,A,0,Y,,,,Y,,-,,0,1,0,0,1,0,0,0,0,-,-,LOS ANGELES,LOS ANGELES,-118.2867334,34.09089407
8064061,2016,10/4/2017,1942,5/13/2016,2040,37944,585,5,5,7,1942,0,0,0,E,0,5A85,22ND ST,GAFFEY ST,0,,Y,A,-,N,,,,,,,,,,N,3,0,1,2,A,-,10,21950,C,F,G,B,D,A,H,-,C,A,0,Y,,,,Y,,-,99,0,1,0,0,1,0,0,0,0,-,-,LOS ANGELES,LOS ANGELES,-118.2924101,33.7242601
8064055,2016,6/20/2016,1942,5/21/2016,1855,42238,1184,6,5,7,1942,0,0,0,K,0,11A58,SUNSET BL,PORTIA ST,0,,Y,A,-,N,,,,,,,,,,N,3,0,1,2,A,-,10,21950,A,N,G,B,B,A,H,-,A,A,0,Y,,,,Y,,-,,0,1,0,0,1,0,0,0,0,-,-,LOS ANGELES,LOS ANGELES,-118.2543701,34.07546011
8064053,2016,6/18/2016,1942,5/15/2016,1515,40572,517,7,5,7,1942,0,0,0,E,0,5X26,M ST,LAKME AV,45,E,N,A,-,N,,,,,,,,,,N,4,0,1,2,A,-,11,21950,B,N,B,B,D,A,H,-,A,D,0,Y,,,,Y,,N,60,0,0,1,0,1,0,0,0,0,-,-,LOS ANGELES,LOS ANGELES,-118.2598823,33.78901416
8064047,2016,6/20/2016,1942,5/21/2016,2300,40514,1169,6,5,7,1942,0,0,0,K,0,13A93,S AVENUE 55,GLEN ELLEN PL,300,N,N,A,-,N,,,,,,,,,,N,4,0,1,2,D,-,0,,,F,B,B,E,A,H,-,C,B,0,Y,,,,Y,,-,-,0,0,1,0,1,0,0,0,0,-,-,LOS ANGELES,LOS ANGELES,-118.1944734,34.10448261
8064046,2016,6/18/2016,1942,5/29/2016,830,31324,156,7,5,7,1942,0,0,0,A,0,11TL32,5TH ST,SAN PEDRO ST,115,W,N,B,-,N,,,,,,,,,,N,4,0,1,2,A,-,9,21804,A,F,D,G,A,A,H,-,A,D,0,,Y,,,Y,,-,99,0,0,1,0,0,0,1,0,0,-,-,LOS ANGELES,LOS ANGELES,-118.2442554,34.04433954