CASE_ID,ACCIDENT_YEAR,PROC_DATE,JURIS,COLLISION_DATE,COLLISION_TIME,OFFICER_ID,REPORTING_DISTRICT,DAY_OF_WEEK,CHP_SHIFT,POPULATION,CNTY_CITY_LOC,SPECIAL_COND,BEAT_TYPE,CHP_BEAT_TYPE,CITY_DIVISION_LAPD,CHP_BEAT_CLASS,BEAT_NUMBER,PRIMARY_RD,SECONDARY_RD,DISTANCE,DIRECTION,INTERSECTION,WEATHER_1,WEATHER_2,STATE_HWY_IND,CALTRANS_COUNTY,CALTRANS_DISTRICT,STATE_ROUTE,ROUTE_SUFFIX,POSTMILE_PREFIX,POSTMILE,LOCATION_TYPE,RAMP_INTERSECTION,SIDE_OF_HWY,TOW_AWAY,COLLISION_SEVERITY,NUMBER_KILLED,NUMBER_INJURED,PARTY_COUNT,PRIMARY_COLL_FACTOR,PCF_CODE_OF_VIOL,PCF_VIOL_CATEGORY,PCF_VIOLATION,PCF_VIOL_SUBSECTION,HIT_AND_RUN,TYPE_OF_COLLISION,MVIW,PED_ACTION,ROAD_SURFACE,ROAD_COND_1,ROAD_COND_2,LIGHTING,CONTROL_DEVICE,CHP_ROAD_TYPE,PEDESTRIAN_ACCIDENT,BICYCLE_ACCIDENT,MOTORCYCLE_ACCIDENT,TRUCK_ACCIDENT,NOT_PRIVATE_PROPERTY,ALCOHOL_INVOLVED,STWD_VEHTYPE_AT_FAULT,CHP_VEHTYPE_AT_FAULT,COUNT_SEVERE_INJ,COUNT_VISIBLE_INJ,COUNT_COMPLAINT_PAIN,COUNT_PED_KILLED,COUNT_PED_INJURED,COUNT_BICYCLIST_KILLED,COUNT_BICYCLIST_INJURED,COUNT_MC_KILLED,COUNT_MC_INJURED,PRIMARY_RAMP,SECONDARY_RAMP,COUNTY,CITY,LONGITUDE,LATITUDE
8018661,2016,4/27/2016,1942,4/17/2016,1445,34426,281,7,5,7,1942,0,0,0,B,0,2T28,PICO BL,HOOVER ST,168,,N,A,-,N,,,,,,,,,,N,4,0,1,2,A,-,9,21804,A,F,G,B,F,A,H,-,A,D,0,Y,,,,Y,,-,99,0,0,1,0,1,0,0,0,0,-,-,LOS ANGELES,LOS ANGELES,-118.2842101,34.04728001
8018657,2016,4/27/2016,1942,4/11/2016,1745,39481,246,1,5,7,1942,0,0,0,B,0,2A47,ALVARADO ST,WILSHIRE BL,0,,Y,A,-,N,,,,,,,,,,N,4,0,1,2,A,-,10,21950,A,F,G,B,B,A,H,-,A,A,0,Y,,,,Y,,-,99,0,0,1,0,1,0,0,0,0,-,-,LOS ANGELES,LOS ANGELES,-118.2758701,34.05794002
8018652,2016,5/4/2016,1942,4/18/2016,2055,42188,2091,1,5,7,1942,0,0,0,,0,20A71,WASHINGTON BL,CIMARRON ST,30,W,N,A,-,N,,,,,,,,,,N,3,0,1,2,A,-,11,21955,,N,D,B,D,A,H,-,C,D,0,Y,,,,Y,,N,60,0,1,0,0,1,0,0,0,0,-,-,LOS ANGELES,LOS ANGELES,-118.3156388,34.03990827
8018629,2016,5/2/2016,1942,3/28/2016,800,31814,392,1,5,7,1942,0,0,0,C,0,3TL5,ARLINGTON AV,VERNON AV,5,S,N,A,-,N,,,,,,,,,,N,4,0,1,2,A,-,11,21106,B,N,G,G,A,A,H,-,A,D,0,,Y,,,Y,,L,4,0,0,1,0,0,0,1,0,0,-,-,LOS ANGELES,LOS ANGELES,-118.3182187,34.00368633
8018628,2016,4/28/2016,1942,4/6/2016,1510,40099,1303,3,5,7,1942,0,0,0,M,0,4TL4,11TH ST,STANFORD ST,95,E,N,A,-,N,,,,,,,,,,N,4,0,1,2,A,-,8,22102,,N,H,G,A,A,H,-,A,A,0,,Y,,,Y,,A,8,0,0,1,0,0,0,1,0,0,-,-,LOS ANGELES,LOS ANGELES,-118.2490531,34.03278866
8018627,2016,4/27/2016,1942,4/15/2016,2015,41385,151,5,5,7,1942,0,0,0,A,0,1A2,WILSHIRE BL,FRANSICO ST,5,W,N,A,-,N,,,,,,,,,,N,4,0,1,2,A,-,10,21950,A,N,G,B,B,A,H,-,C,A,0,Y,,,,Y,,A,1,0,0,1,0,1,0,0,0,0,-,-,LOS ANGELES,LOS ANGELES,-118.2604932,34.05087823
8018625,2016,5/2/2016,1942,3/28/2016,1605,36026,369,1,5,7,1942,0,0,0,C,0,25MQ54,CRENSHAW BL,COLLISEUM ST,300,N,N,A,-,N,,,,,,,,,,N,4,0,1,2,A,-,5,21650,1,N,D,G,A,A,H,-,A,A,0,,Y,,,Y,,L,4,0,0,1,0,0,0,1,0,0,-,-,LOS ANGELES,LOS ANGELES,-118.33533,34.0182
8018620,2016,4/27/2016,1942,4/4/2016,745,40008,1323,1,5,7,1942,0,0,0,M,0,13TL55,GRIFFITH AV,E 21ST ST,5,N,N,A,-,N,,,,,,,,,,N,3,0,1,2,A,-,10,21950,A,N,D,B,B,A,H,-,A,A,0,Y,,,,Y,,A,1,0,1,0,0,1,0,0,0,0,-,-,LOS ANGELES,LOS ANGELES,-118.2547826,34.02413223
8018619,2016,4/27/2016,1942,4/15/2016,1745,34426,182,5,5,7,1942,0,0,0,A,0,2T28,12TH ST,FLOWER ST,0,,Y,A,-,N,,,,,,,,,,N,3,0,1,2,A,-,12,21453,A,N,D,G,A,A,H,-,A,A,0,,Y,,,Y,,L,4,0,1,0,0,0,0,1,0,0,-,-,LOS ANGELES,LOS ANGELES,-118.2654701,34.04154003
8018616,2016,4/27/2016,1942,4/14/2016,1750,39150,663,4,5,7,1942,0,0,0,F,0,6A44,HIGHLAND AV,WILLOUGHBY AV,0,,Y,A,-,N,,,,,,,,,,N,3,0,1,2,A,-,0,21958,,N,G,B,B,A,H,-,A,A,0,Y,,,,Y,,N,60,0,1,0,0,1,0,0,0,0,-,-,LOS ANGELES,LOS ANGELES,-118.3386001,34.08708003
8018610,2016,5/2/2016,1942,3/25/2016,1600,40869,333,5,5,7,1942,0,0,0,C,0,3TL57,BUCKINGHAM AV,ADAMS BL,8,S,N,A,-,N,,,,,,,,,,N,3,0,1,2,A,-,5,21650,1,N,H,G,A,A,H,-,A,A,0,,Y,,,Y,,A,1,0,1,0,0,0,0,1,0,0,-,-,LOS ANGELES,LOS ANGELES,-118.34054,34.03254806
8018609,2016,5/2/2016,1942,3/31/2016,1925,41039,318,4,5,7,1942,0,0,0,C,0,3F51,24TH ST,HOOVER,30,W,N,A,-,N,,,,,,,,,,N,3,0,2,3,A,-,9,21804,A,N,D,B,F,A,H,-,B,D,0,Y,,,,Y,,-,,0,1,1,0,1,0,0,0,0,-,-,LOS ANGELES,LOS ANGELES,-118.2840888,34.03439
8018607,2016,4/27/2016,1942,4/14/2016,1355,39395,152,4,5,7,1942,0,0,0,O,0,1A1,WILSHIRE BL,FIGUEROA BL,0,,Y,A,-,N,,,,,,,,,,N,4,0,1,2,A,-,5,21650,,N,D,G,A,A,H,-,A,A,0,,Y,,,Y,,L,4,0,0,1,0,0,0,1,0,0,-,-,LOS ANGELES,LOS ANGELES,-118.2592701,34.05006009
8018606,2016,5/2/2016,1942,3/25/2016,1700,35688,357,5,5,7,1942,0,0,0,C,0,3T57,36TH PL,CATALINA ST,137,W,N,A,-,N,,,,,,,,,,N,3,0,1,2,A,-,11,21954,A,N,G,B,D,A,H,-,A,D,0,Y,,,,Y,,N,60,0,1,0,0,1,0,0,0,0,-,-,LOS ANGELES,LOS ANGELES,-118.2948399,34.02201079
8018604,2016,5/2/2016,1942,4/9/2016,1530,33648,1483,6,5,7,1942,0,0,0,N,0,14A13,LINCOLN BL,LA TIJERA,0,,Y,C,-,N,,,,,,,,,,N,3,0,2,3,A,-,10,21950,A,N,A,B,B,B,H,-,A,A,0,Y,,,,Y,,A,1,0,1,1,0,2,0,0,0,0,-,-,LOS ANGELES,LOS ANGELES,-118.4160601,33.95653011
8018603,2016,4/27/2016,1942,4/13/2016,1815,42101,142,3,5,7,1942,0,0,0,A,0,1A2,HILL ST,5TH ST,0,,Y,A,-,N,,,,,,,,,,N,3,0,1,2,A,-,9,21801,A,F,D,G,A,A,H,-,A,D,0,,Y,,,Y,,-,99,0,1,0,0,0,0,1,0,0,-,-,LOS ANGELES,LOS ANGELES,-118.2518001,34.04876009
8018602,2016,5/2/2016,1942,3/18/2016,640,27259,329,5,5,7,1942,0,0,0,C,0,18TL23,30TH ST,FLOWER ST,8,W,N,A,-,N,,,,,,,,,,N,4,0,1,2,A,-,11,21954,A,N,G,B,B,A,H,-,A,A,0,Y,,,,Y,,N,60,0,0,1,0,1,0,0,0,0,-,-,LOS ANGELES,LOS ANGELES,-118.2767737,34.02452962
8018601,2016,5/2/2016,1942,3/30/2016,2125,40053,328,3,5,7,1942,0,0,0,C,0,12T73,30TH ST,FIGUEROA ST,150,W,N,A,-,N,,,,,,,,,,N,3,0,1,2,A,-,9,21804,A,N,D,G,A,A,H,-,C,D,0,,Y,,,Y,,L,4,0,1,0,0,0,0,1,0,0,-,-,LOS ANGELES,LOS ANGELES,-118.2784376,34.02525105
8018597,2016,5/2/2016,1942,3/24/2016,1535,41039,359,4,5,7,1942,0,0,0,C,0,3A98,FLOWER ST,37TH PL,45,N,N,A,-,N,,,,,,,,,,N,3,0,1,2,A,-,5,21650,1,N,D,G,A,A,H,-,A,D,0,,Y,,,Y,,L,4,0,1,0,0,0,0,1,0,0,-,-,LOS ANGELES,LOS ANGELES,-118.2815532,34.01724556
8018596,2016,5/4/2016,1942,4/11/2016,1330,36255,,1,5,7,1942,0,0,0,,0,14A67,LA TIJERA BL,SEPULVEDA,0,,N,A,-,N,,,,,,,,,,N,4,0,1,2,A,-,21,22106,,N,G,B,F,A,H,-,A,D,0,Y,,,,Y,,-,-,0,0,1,0,1,0,0,0,0,-,-,LOS ANGELES,LOS ANGELES,-118.3962301,33.95724008
8018595,2016,4/27/2016,1942,4/12/2016,2500,31324,157,2,5,7,1942,0,0,0,A,0,1TL11,TOWNE AV,5TH ST,380,S,N,A,-,N,,,,,,,,,,N,4,0,1,2,A,-,10,21954,B,F,G,B,E,A,H,-,A,A,0,Y,,,,Y,,-,99,0,0,1,0,1,0,0,0,0,-,-,LOS ANGELES,LOS ANGELES,-118.2427233,34.04219768
8018589,2016,5/2/2016,1942,3/31/2016,740,38818,362,4,5,7,1942,0,0,0,C,0,3A99,SANTA ROSALIA AV,AUGUST ST,0,,Y,A,-,N,,,,,,,,,,N,4,0,1,2,A,-,8,22107,,N,A,G,A,A,H,-,A,A,0,,Y,,,Y,,A,7,0,0,1,0,0,0,1,0,0,-,-,LOS ANGELES,LOS ANGELES,-118.3472701,34.01596008
8018580,2016,5/2/2016,1942,4/13/2016,1920,41089,2029,3,5,7,1942,0,0,0,,0,20T59,HOOVER ST,4TH ST,100,S,N,A,-,N,,,,,,,,,,N,4,0,1,2,C,-,18,,,N,B,G,A,A,H,-,B,D,0,,Y,,,Y,,-,-,0,0,1,0,0,0,1,0,0,-,-,LOS ANGELES,LOS ANGELES,-118.28433,34.06642575
8018576,2016,5/2/2016,1942,4/6/2016,1720,41129,1444,3,5,7,1942,0,0,0,N,0,14A46,LINCOLN BL,GRANT AV,11,,N,A,-,N,,,,,,,,,,N,4,0,1,2,A,-,5,21650,1,N,D,G,A,A,H,-,A,D,0,,Y,,,Y,,L,4,0,0,1,0,0,0,1,0,0,-,-,LOS ANGELES,LOS ANGELES,-118.44868,33.99150004
8018572,2016,4/27/2016,1942,4/10/2016,1820,40850,1464,7,5,7,1942,0,0,0,N,0,14X16,CELEDON CREEK,AUGUSTIN PL,0,,Y,A,-,N,,,,,,,,,,N,4,0,1,2,A,-,-,,,N,B,B,E,A,H,-,A,D,0,Y,,,,Y,Y,-,-,0,0,1,0,1,0,0,0,0,-,-,LOS ANGELES,LOS ANGELES,-118.4223601,33.97510001
8018569,2016,5/2/2016,1976,3/28/2016,208,386,,1,5,5,1976,0,0,0,,0,2,PICKERING AV,CAMILLA ST,0,,Y,A,-,N,,,,,,,,,,N,2,0,1,2,A,-,9,21802,A,N,H,G,A,A,H,-,C,A,0,,Y,,,Y,,L,4,1,0,0,0,0,0,1,0,0,-,-,LOS ANGELES,WHITTIER,-118.0420601,33.98447003
8018568,2016,4/27/2016,1942,4/8/2016,1125,42169,1415,5,5,7,1942,0,0,0,N,0,14A13,ROSE AV,LINCOLN BL,0,,Y,C,-,N,,,,,,,,,,N,3,0,1,2,A,-,8,22107,,N,G,B,B,B,H,-,A,A,0,Y,,,,Y,,A,1,0,1,0,0,1,0,0,0,0,-,-,LOS ANGELES,LOS ANGELES,-118.4678501,34.00135008
8018567,2016,4/27/2016,1942,4/1/2016,1820,41335,1345,5,5,7,1942,0,0,0,M,0,1345,40TH PL,NAOMI AV,15,W,N,A,-,N,,,,,,,,,,N,3,0,1,2,A,-,9,21802,A,N,H,G,A,A,H,-,A,A,0,,Y,,,Y,,-,,0,1,0,0,0,0,1,0,0,-,-,LOS ANGELES,LOS ANGELES,-118.2543294,34.01020842
8018393,2016,4/26/2016,1947,3/6/2016,1142,1297,,7,5,5,1947,0,0,0,,0,00B,WEST BEVERLY BL,MONTEBELLO BL,300,W,N,A,-,N,,,,,,,,,,,4,0,1,2,A,-,9,21804,A,N,G,B,E,A,H,-,A,D,0,Y,,,,Y,,A,1,0,0,1,0,1,0,0,0,0,-,-,LOS ANGELES,MONTEBELLO,-118.1069231,34.01738632
8018357,2016,4/26/2016,1947,3/10/2016,1839,1404,,4,5,5,1947,0,0,0,,0,,N MAPLE AV,BEVERLY BL,12,N,N,A,-,N,,,,,,,,,,Y,2,0,1,2,A,-,5,21202,A,M,A,B,A,A,H,-,B,A,0,,Y,,,Y,,A,1,1,0,0,0,0,0,1,0,0,-,-,LOS ANGELES,MONTEBELLO,-118.1144305,34.01902193
8018293,2016,4/27/2016,1947,3/10/2016,1401,R4,,4,5,5,1947,0,0,0,,0,00D,W ROOSEVELT AV,4TH ST,288,W,N,A,-,N,,,,,,,,,,N,4,0,1,2,A,-,17,21208,A,N,D,G,A,A,H,-,A,D,0,,Y,,,Y,,L,4,0,0,1,0,0,0,1,0,0,-,-,LOS ANGELES,MONTEBELLO,-118.1069241,34.0039676
8018176,2016,4/22/2016,1942,4/5/2016,2045,40643,182,2,5,7,1942,0,0,0,A,0,13T53,HOPE ST,12TH ST,106,S,N,A,-,N,,,,,,,,,,N,3,0,1,4,A,-,8,22107,,F,B,B,E,A,H,-,C,D,0,Y,,,,Y,,-,99,0,1,0,0,1,0,0,0,0,-,-,LOS ANGELES,LOS ANGELES,-118.2645935,34.04059667
8018160,2016,4/22/2016,1942,3/24/2016,2110,30083,152,4,5,7,1942,0,0,0,A,0,11T21,6TH ST,FLOWER ST,0,,Y,A,-,N,,,,,,,,,,N,4,0,1,2,A,-,10,21950,A,N,G,B,B,A,H,-,C,D,0,Y,,,,Y,,A,1,0,0,1,0,1,0,0,0,0,-,-,LOS ANGELES,LOS ANGELES,-118.25746,34.05016012
8018156,2016,4/22/2016,1942,3/26/2016,1050,39972,111,6,5,7,1942,0,0,0,A,0,1A35,YALE,ORD ST,100,N,N,A,-,N,,,,,,,,,,N,4,0,1,2,A,-,3,22350,,N,A,B,F,A,H,-,A,D,0,Y,,,,Y,,A,1,0,0,1,0,1,0,0,0,0,-,-,LOS ANGELES,LOS ANGELES,-118.2416619,34.06149727
8018150,2016,4/25/2016,1942,4/12/2016,755,39096,2128,2,5,7,1942,0,0,0,,0,15TL47,KESWICK ST,WINNETKA AV,350,W,N,A,-,N,,,,,,,,,,N,3,0,1,2,A,-,11,21954,A,N,E,J,E,-,H,-,A,D,0,Y,,,,Y,,N,60,0,1,0,0,1,0,0,0,0,-,-,LOS ANGELES,LOS ANGELES,-118.5721656,34.20955364
8018140,2016,4/22/2016,1942,3/31/2016,730,38171,415,4,5,7,1942,0,0,0,D,0,4TL43,HANCOCK ST,ALTURA ST,0,,Y,A,-,N,,,,,,,,,,N,4,0,2,3,A,-,10,21950,A,N,G,B,B,A,H,-,A,D,0,Y,,,,Y,,A,1,0,0,2,0,2,0,0,0,0,-,-,LOS ANGELES,LOS ANGELES,-118.20916,34.07552011
8018136,2016,4/22/2016,1942,3/29/2016,1604,37611,195,2,5,7,1942,0,0,0,A,0,2T28,SANTEE ST,WASHINGTON BL,5,N,N,B,-,N,,,,,,,,,,N,3,0,1,2,A,-,9,21804,A,N,D,G,A,A,H,-,A,A,0,,Y,,,Y,,L,4,0,1,0,0,0,0,1,0,0,-,-,LOS ANGELES,LOS ANGELES,-118.26256,34.03
8018132,2016,4/25/2016,1942,3/26/2016,1150,39072,RD176,6,5,7,1942,0,0,0,,0,1X32,SAINT JULIAN,7TH ST,25,S,N,A,-,N,,,,,,,,,,N,4,0,1,2,B,-,22,,,N,B,-,A,A,-,-,A,B,0,,Y,,,Y,,-,-,0,0,1,0,0,0,1,0,0,-,-,LOS ANGELES,LOS ANGELES,,
8018123,2016,4/22/2016,1942,3/23/2016,2115,40325,275,3,5,7,1942,0,0,0,B,0,4T43,JAMES M WOOD BL,BONNIE BRAE ST,7,W,N,A,-,N,,,,,,,,,,N,3,0,1,2,A,-,10,21950,A,N,G,B,B,A,H,-,C,A,0,Y,,,,Y,,A,1,0,1,0,0,1,0,0,0,0,-,-,LOS ANGELES,LOS ANGELES,,
8018120,2016,4/22/2016,1942,3/30/2016,1255,31152,162,3,5,7,1942,0,0,0,A,0,11T25,HOPE ST,7TH ST,5,S,N,A,-,N,,,,,,,,,,N,3,0,1,2,A,-,12,21453,A,N,D,G,A,A,H,-,A,A,0,,Y,,,Y,,L,4,0,1,0,0,0,0,1,0,0,-,-,LOS ANGELES,LOS ANGELES,-118.2576904,34.04797934
8018095,2016,4/22/2016,1942,3/31/2016,820,37540,269,4,5,7,1942,0,0,0,,0,11T32,JAMES M WOOD BL,SUNBURY ST,0,,Y,A,-,N,,,,,,,,,,N,4,0,1,2,A,-,8,22107,,N,D,G,A,A,H,-,A,D,0,,Y,,,Y,,A,1,0,0,1,0,0,0,1,0,0,-,-,LOS ANGELES,LOS ANGELES,,
8018093,2016,4/25/2016,1942,4/5/2016,1730,39271,2105,2,5,7,1942,0,0,0,,0,21X56,SCHOENBORN ST,OWENSMOUTH AV,200,E,N,A,-,N,,,,,,,,,,N,3,0,3,4,A,-,11,21955,,N,G,B,E,A,H,-,A,D,0,Y,,,,Y,,N,60,0,3,0,0,3,0,0,0,0,-,-,LOS ANGELES,LOS ANGELES,-118.6009495,34.22091162
8018083,2016,4/22/2016,1942,3/8/2016,2100,30083,461,2,5,7,1942,0,0,0,D,0,11T21,4TH ST,CLARENCE ST,80,W,N,A,-,N,,,,,,,,,,N,4,0,1,2,A,-,4,21703,,N,C,G,A,A,H,-,C,D,0,,Y,,,Y,,A,7,0,0,1,0,0,0,1,0,0,-,-,LOS ANGELES,LOS ANGELES,-118.2239581,34.04260606
8018081,2016,4/25/2016,1942,4/5/2016,755,38833,2141,2,5,7,1942,0,0,0,,0,21A5,VICTORY BL,SHELTONDALE AV,21,E,N,A,-,N,,,,,,,,,,N,3,0,1,2,A,-,10,21950,A,N,G,B,B,A,-,-,A,D,0,Y,,,,Y,,A,1,0,1,0,0,1,0,0,0,0,-,-,LOS ANGELES,LOS ANGELES,-118.6519126,34.18516348
8017994,2016,4/22/2016,1900,4/4/2016,934,526680,1625,1,5,5,1977,0,0,0,,0,168T,SEPULVEDA BL,BROAD ST,0,,Y,A,-,N,,,,,,,,,,N,3,0,2,3,A,-,8,22107,,M,G,B,E,A,H,-,A,D,0,Y,,,,Y,,A,1,0,2,0,0,2,0,0,0,0,-,-,LOS ANGELES,CARSON,-118.26237,33.80840008
8017974,2016,4/22/2016,1941,4/2/2016,1422,10781,,6,5,7,1941,0,0,0,,0,,MAGNOLIA AV,WILLOW,130,S,N,A,-,N,,,,,,,,,,N,4,0,1,2,A,-,9,21804,A,N,D,G,A,A,H,-,A,D,0,,Y,,,Y,,L,,0,0,1,0,0,0,1,0,0,-,-,LOS ANGELES,LONG BEACH,-118.19811,33.80409349
8017962,2016,4/22/2016,1941,4/8/2016,2008,10763,,5,5,7,1941,0,0,0,,0,,7TH ST,PARK AV,6,E,N,A,-,N,,,,,,,,,,N,4,0,1,2,A,-,10,21952,,N,G,B,B,A,H,-,C,A,0,Y,,,,Y,,A,,0,0,1,0,1,0,0,0,0,-,-,LOS ANGELES,LONG BEACH,-118.1374503,33.77535976
8017792,2016,4/20/2016,1942,3/23/2016,1630,30083,1173,3,5,7,1942,0,0,0,K,0,11T21,ECHO PARK AV,AVALON ST,50,N,N,A,-,N,,,,,,,,,,N,3,0,1,2,A,-,8,22107,,F,B,G,A,A,H,-,A,D,0,,Y,,,Y,,-,99,0,1,0,0,0,0,1,0,0,-,-,LOS ANGELES,LOS ANGELES,-118.2516792,34.08630325
8017787,2016,4/20/2016,1942,3/15/2016,1330,37825,1393,2,5,7,1942,0,0,0,M,0,13A93,12TH ST,SAN PEDRO ST,60,W,N,A,-,N,,,,,,,,,,N,4,0,1,2,A,-,9,21804,,N,B,G,A,A,H,-,A,D,0,,Y,,,Y,,A,1,0,0,1,0,0,0,1,0,0,-,-,LOS ANGELES,LOS ANGELES,-118.2534863,34.03382072
8017744,2016,4/21/2016,1942,3/15/2016,1845,38233,1383,2,5,7,1942,0,0,0,M,0,2T15,W 59TH PL,S MAIN ST,0,,Y,A,-,N,,,,,,,,,,N,3,0,2,3,A,-,10,21950,A,N,G,B,B,-,H,-,B,A,0,Y,,,,Y,,A,7,0,2,0,0,2,0,0,0,0,-,-,LOS ANGELES,LOS ANGELES,-118.2739301,33.98604006
8017740,2016,4/21/2016,1942,3/6/2016,1615,38357,1115,7,5,7,1942,0,0,0,K,0,4T6,COLORADO BL,MOUNT ROYAL DR,14,W,N,A,-,N,,,,,,,,,,N,3,0,1,2,A,-,12,21453,A,N,D,G,A,A,H,-,A,A,0,,Y,,,Y,,A,1,0,1,0,0,0,0,1,0,0,-,-,LOS ANGELES,LOS ANGELES,-118.2037562,34.13947916
8017728,2016,4/21/2016,1942,3/16/2016,1100,38124,1393,3,5,7,1942,0,0,0,M,0,4TL43,BROADWAY,69TH ST,110,N,N,A,-,N,,,,,,,,,,N,3,0,1,2,A,-,0,21760,A,N,B,G,A,A,H,-,A,D,0,,Y,,,Y,,-,-,0,1,0,0,0,0,1,0,0,-,-,LOS ANGELES,LOS ANGELES,,
8017696,2016,4/21/2016,1942,3/19/2016,2020,42238,1134,6,5,7,1942,0,0,0,K,0,11A37,AVENUE 54,FIGUEROA,25,E,Y,A,-,N,,,,,,,,,,N,4,0,1,2,A,-,10,21950,A,N,G,B,B,A,H,-,C,D,0,Y,,,,Y,,-,,0,0,1,0,1,0,0,0,0,-,-,LOS ANGELES,LOS ANGELES,-118.1972077,34.10733117
8017691,2016,4/21/2016,1942,3/11/2016,1025,38050,1341,5,5,7,1942,0,0,0,M,0,1TL11,BROADWAY,MARTIN LUTHER KING JR BL,150,S,N,A,-,N,,,,,,,,,,N,4,0,1,2,A,-,9,21804,A,F,D,G,A,A,H,-,A,D,0,,Y,,,Y,,-,99,0,0,1,0,0,0,1,0,0,-,-,LOS ANGELES,LOS ANGELES,-118.27886,34.01111
8017687,2016,4/21/2016,1942,3/11/2016,1615,40421,1395,5,5,7,1942,0,0,0,M,0,13X76,GAGE,AVALON,100,E,N,B,-,N,,,,,,,,,,Y,3,0,6,6,A,-,3,22350,,N,C,B,F,B,H,-,A,D,0,Y,,,,Y,,A,7,0,1,5,0,3,0,0,0,0,-,-,LOS ANGELES,LOS ANGELES,-118.26519,33.98248
8017683,2016,4/21/2016,1942,3/21/2016,1235,38124,1309,1,5,7,1942,0,0,0,M,0,4TL43,ALAMEDA ST,15TH ST,35,N,N,A,-,N,,,,,,,,,,N,4,0,1,2,A,-,5,21650,1,F,B,G,A,A,H,-,A,D,0,,Y,,,Y,,L,4,0,0,1,0,0,0,1,0,0,-,-,LOS ANGELES,LOS ANGELES,,
8017629,2016,4/20/2016,1942,4/9/2016,1230,40008,1303,6,5,7,1942,0,0,0,M,0,13TL55,MAPLE AV,11TH ST,100,N,N,B,-,N,,,,,,,,,,N,4,0,1,2,A,-,11,21954,A,N,D,B,E,B,H,-,A,D,0,Y,,,,Y,,N,60,0,0,1,0,1,0,0,0,0,-,-,LOS ANGELES,LOS ANGELES,-118.2549569,34.03738221
8017615,2016,4/22/2016,1942,4/3/2016,850,37398,1127,7,5,7,1942,0,0,0,K,0,11TL25,YORK BL,FIGUEROA ST,12,E,N,A,-,N,,,,,,,,,,N,3,0,1,3,A,-,4,21703,,N,C,B,B,A,H,-,A,D,0,Y,,,,Y,,D,22,0,1,0,0,1,0,0,0,0,-,-,LOS ANGELES,LOS ANGELES,-118.1843056,34.11548368
8017613,2016,4/20/2016,1942,4/4/2016,900,32973,182,1,5,7,1942,0,0,0,A,0,11TL32,FIGUEROA ST,9TH ST,150,S,N,A,-,N,,,,,,,,,,N,3,0,1,2,A,-,11,21954,A,N,G,B,D,A,H,-,A,A,0,Y,,,,Y,,N,60,0,1,0,0,1,0,0,0,0,-,-,LOS ANGELES,LOS ANGELES,-118.26312,34.04590691
8017606,2016,4/20/2016,1900,4/6/2016,2000,281305,1611,3,5,5,1977,0,0,0,,0,164T1,CLAUDE ST,MCKINLEY AV,0,,Y,A,C,N,,,,,,,,,,,2,0,1,2,A,-,5,21202,A,N,A,G,A,A,H,-,C,A,0,,Y,,,Y,,L,4,1,0,0,0,0,0,1,0,0,-,-,LOS ANGELES,CARSON,-118.2589301,33.8839201
8017601,2016,4/20/2016,1942,4/4/2016,720,31476,111,1,5,7,1942,0,0,0,A,0,1TL13,CESAR E CHAVEZ AV,N BROADWAY,50,E,N,A,-,N,,,,,,,,,,N,4,0,1,2,A,-,3,22350,A,F,C,G,A,A,H,-,A,A,0,,Y,,,Y,,-,99,0,0,1,0,0,0,1,0,0,-,-,LOS ANGELES,LOS ANGELES,-118.2401288,34.05846939
8017519,2016,4/19/2016,1942,4/9/2016,20,36801,1676,6,5,7,1942,0,0,0,P,0,10T53,GLENOAKS BL,NETTLETON ST,200,N,N,A,-,N,,,,,,,,,,N,4,0,1,2,A,-,11,21966,,F,G,B,E,B,H,-,C,D,0,Y,,,,Y,Y,-,99,0,0,1,0,1,0,0,0,0,-,-,LOS ANGELES,LOS ANGELES,-118.3621739,34.22539392
8017508,2016,4/19/2016,1953,4/4/2016,1611,4980,1953,1,5,6,1953,0,0,0,,0,1,CALIFORNIA BL,RAYMOND AV,117,E,N,A,-,N,,,,,,,,,,N,3,0,1,2,A,-,0,21760,B,N,B,G,A,A,H,-,A,D,0,,Y,,,Y,,A,1,0,1,0,0,0,0,1,0,0,-,-,LOS ANGELES,PASADENA,-118.1484242,34.1358
8017499,2016,4/19/2016,1942,4/9/2016,2030,36801,2113,6,5,7,1942,0,0,0,,0,9T53,SATICOY ST,SHOUP AV,0,,Y,A,-,N,,,,,,,,,,N,4,0,1,2,A,-,10,21950,A,N,G,B,B,A,H,-,C,A,0,Y,,,,Y,,A,1,0,0,1,0,1,0,0,0,0,-,-,LOS ANGELES,LOS ANGELES,-118.6146901,34.20829002
8017496,2016,4/19/2016,1953,4/6/2016,1825,3833,1953,3,5,6,1953,0,0,0,,0,,NORTH LOS ROBLES AV,PARKE ST,100,S,N,A,-,N,,,,,,,,,,N,3,0,1,2,A,-,9,21804,A,N,D,G,A,A,H,-,A,D,0,,Y,,,Y,,A,8,0,1,0,0,0,0,1,0,0,-,-,LOS ANGELES,PASADENA,-118.14152,34.15647579
8017486,2016,4/19/2016,1942,4/8/2016,1850,31652,1958,5,5,7,1942,0,0,0,,0,19T73,VAN NUYS BL,BEACHY AV,25,E,N,C,-,N,,,,,,,,,,N,3,0,1,2,A,-,9,21801,A,F,D,G,A,B,H,-,C,A,0,,Y,,,Y,,-,99,0,1,0,0,0,0,1,0,0,-,-,LOS ANGELES,LOS ANGELES,-118.4419182,34.25164546