CASE_ID,ACCIDENT_YEAR,PROC_DATE,JURIS,COLLISION_DATE,COLLISION_TIME,OFFICER_ID,REPORTING_DISTRICT,DAY_OF_WEEK,CHP_SHIFT,POPULATION,CNTY_CITY_LOC,SPECIAL_COND,BEAT_TYPE,CHP_BEAT_TYPE,CITY_DIVISION_LAPD,CHP_BEAT_CLASS,BEAT_NUMBER,PRIMARY_RD,SECONDARY_RD,DISTANCE,DIRECTION,INTERSECTION,WEATHER_1,WEATHER_2,STATE_HWY_IND,CALTRANS_COUNTY,CALTRANS_DISTRICT,STATE_ROUTE,ROUTE_SUFFIX,POSTMILE_PREFIX,POSTMILE,LOCATION_TYPE,RAMP_INTERSECTION,SIDE_OF_HWY,TOW_AWAY,COLLISION_SEVERITY,NUMBER_KILLED,NUMBER_INJURED,PARTY_COUNT,PRIMARY_COLL_FACTOR,PCF_CODE_OF_VIOL,PCF_VIOL_CATEGORY,PCF_VIOLATION,PCF_VIOL_SUBSECTION,HIT_AND_RUN,TYPE_OF_COLLISION,MVIW,PED_ACTION,ROAD_SURFACE,ROAD_COND_1,ROAD_COND_2,LIGHTING,CONTROL_DEVICE,CHP_ROAD_TYPE,PEDESTRIAN_ACCIDENT,BICYCLE_ACCIDENT,MOTORCYCLE_ACCIDENT,TRUCK_ACCIDENT,NOT_PRIVATE_PROPERTY,ALCOHOL_INVOLVED,STWD_VEHTYPE_AT_FAULT,CHP_VEHTYPE_AT_FAULT,COUNT_SEVERE_INJ,COUNT_VISIBLE_INJ,COUNT_COMPLAINT_PAIN,COUNT_PED_KILLED,COUNT_PED_INJURED,COUNT_BICYCLIST_KILLED,COUNT_BICYCLIST_INJURED,COUNT_MC_KILLED,COUNT_MC_INJURED,PRIMARY_RAMP,SECONDARY_RAMP,COUNTY,CITY,LONGITUDE,LATITUDE
7190609,2016,12/7/2016,1900,10/27/2016,644,540658,1135,4,5,6,1992,0,0,0,,0,112T2,AVENUE I,26TH ST EAST,124,E,N,A,-,N,,,,,,,,,,Y,1,1,0,2,A,-,11,21954,A,N,G,B,E,A,H,-,C,D,0,Y,,,,Y,,N,60,0,0,0,1,0,0,0,0,0,-,-,LOS ANGELES,LANCASTER,-118.0833583,34.70437
7190596,2016,11/23/2016,1942,10/31/2016,650,36755,1912,1,5,7,1942,0,0,0,,0,10TL37,FOOTHILL BL,EXCELSIOR ST,537,E,N,A,-,N,,,,,,,,,,Y,1,1,0,2,A,-,10,21954,B,F,G,B,E,B,H,-,B,A,0,Y,,,,Y,,A,1,0,0,0,1,0,0,0,0,0,-,-,LOS ANGELES,LOS ANGELES,-118.4745477,34.32248918
7190592,2016,11/23/2016,1942,10/26/2016,2310,36801,1602,3,5,7,1942,0,0,0,P,0,15T45,FOOTHILL BL,CARL ST,132,N,N,A,-,N,,,,,,,,,,N,1,1,0,2,A,-,5,21650,1,N,H,G,A,A,H,-,C,D,0,,Y,,,Y,,L,4,0,0,0,0,0,1,0,0,0,-,-,LOS ANGELES,LOS ANGELES,-118.4005673,34.27960237
7190588,2016,12/1/2016,1976,10/29/2016,2024,407,,6,5,5,1976,0,0,0,,0,,WHITTIER BL,POUNDS AV,265,E,N,A,-,Y,LA,7,72,-,-,0.14,H,-,N,Y,1,1,0,3,A,-,11,21954,A,N,G,B,D,A,H,-,C,D,0,Y,,,,Y,,N,60,0,0,0,1,0,0,0,0,0,-,-,LOS ANGELES,WHITTIER,-117.9788878,33.93999895
7190585,2016,11/23/2016,1956,10/18/2016,1139,1172,17,2,5,5,1956,0,0,0,,0,1,TORRANCE BL,FRANCISCA AV,33,E,N,A,-,N,,,,,,,,,,Y,1,1,1,2,A,-,8,22107,,N,G,B,F,A,H,-,A,A,0,Y,,,,Y,,A,1,0,1,0,1,0,0,0,0,0,-,-,LOS ANGELES,REDONDO BEACH,-118.3841025,33.83814772
7190583,2016,11/23/2016,1976,9/20/2016,2141,597,,2,5,3,1964,0,0,0,,0,,FLORENCE AV,NORWALK BL,22,W,N,B,-,N,,,,,,,,,,N,1,1,0,2,A,-,17,21451,A,N,H,G,A,A,H,-,C,A,0,,Y,,,Y,,D,22,0,0,0,0,0,1,0,0,0,-,-,LOS ANGELES,SANTA FE SPRINGS,-118.0727924,33.93535
7190582,2016,11/30/2016,1900,10/23/2016,1900,602999,1122,7,5,6,1992,0,0,0,,0,111T1,AVENUE J,DATE AV,8,E,N,A,-,N,,,,,,,,,,Y,1,1,0,2,A,-,11,21954,A,N,G,B,D,A,H,-,C,D,0,Y,,,,Y,,N,60,0,0,0,1,0,0,0,0,0,-,-,LOS ANGELES,LANCASTER,-118.1394034,34.68946
7190580,2016,11/23/2016,1900,8/29/2016,2115,527057,2603,1,5,6,1950,0,0,0,,0,263T1,PEARBLOSSOM HWY,FORT TEJON RD,180,W,N,A,-,N,,,,,,,,,,Y,1,1,1,2,A,-,11,21954,A,N,G,B,D,A,H,-,C,D,0,Y,,,,Y,,N,60,0,1,0,1,0,0,0,0,0,-,-,LOS ANGELES,PALMDALE,-118.0309663,34.54272745
7190579,2016,11/23/2016,1942,10/15/2016,1300,36926,257,6,5,7,1942,0,0,0,B,0,24T52,4TH ST,COLUMBIA AV,163,W,N,A,-,N,,,,,,,,,,Y,1,1,2,4,A,-,3,22350,,N,G,B,E,A,H,-,A,D,0,Y,,,,Y,,A,7,0,0,2,1,0,0,0,0,0,-,-,LOS ANGELES,LOS ANGELES,-118.2662188,34.05746693
7190576,2016,11/22/2016,1942,9/14/2016,530,26101,1263,3,5,7,1942,0,0,0,L,0,18TL23,WESTERN AV,79TH ST,13,S,N,A,-,N,,,,,,,,,,N,1,1,0,2,A,-,10,21950,A,F,G,B,B,A,H,-,C,A,0,Y,,,,Y,,-,99,0,0,0,1,0,0,0,0,0,-,-,LOS ANGELES,LOS ANGELES,,
7190572,2016,11/22/2016,1942,10/26/2016,1850,40325,174,3,5,7,1942,0,0,0,A,0,24T33,8TH ST,SPRING ST,54,E,N,A,-,N,,,,,,,,,,Y,1,1,0,3,A,-,7,21658,A,N,B,B,F,A,H,-,C,A,0,Y,,,,Y,,A,1,0,0,0,1,0,0,0,0,0,-,-,LOS ANGELES,LOS ANGELES,-118.253547,34.04298197
7190541,2016,11/8/2016,1941,4/25/2016,115,10778,,1,5,7,1941,0,0,0,,0,,EAST 7TH ST,LOMA AV,47,E,N,A,-,N,,,,,,,,,,N,1,1,0,2,A,-,0,21960,,F,G,B,E,A,H,-,C,D,0,Y,,,,Y,,N,,0,0,0,1,0,0,0,0,0,-,-,LOS ANGELES,LONG BEACH,-118.1501157,33.77534
7190528,2016,12/7/2016,1900,9/30/2016,1153,529699,1137,5,5,6,1992,0,0,0,,0,112T1,AVENUE K,20TH ST WEST,224,W,N,A,-,N,,,,,,,,,,Y,1,1,1,2,A,-,8,22107,,N,A,I,F,A,H,-,A,D,0,Y,,,,Y,,A,1,1,0,0,1,0,0,0,0,0,-,-,LOS ANGELES,LANCASTER,-118.1664735,34.675
7190527,2016,12/7/2016,1942,10/8/2016,1945,34599,1991,6,5,7,1942,0,0,0,,0,16T25,SEPULVEDA BL,LANARK ST,436,S,N,A,-,N,,,,,,,,,,N,1,1,0,2,A,-,11,21954,A,N,G,B,D,A,H,-,C,A,0,Y,,,,Y,,N,60,0,0,0,1,0,0,0,0,0,-,-,LOS ANGELES,LOS ANGELES,-118.4661915,34.21687166
7190526,2016,12/7/2016,1942,10/1/2016,9,25495,2073,6,5,7,1942,0,0,0,,0,7T23,WESTERN AV,CAMBRIDGE ST,5,S,N,A,-,N,,,,,,,,,,N,1,1,0,3,A,-,10,21950,A,F,G,B,B,A,H,-,C,A,0,Y,,,,Y,,-,99,0,0,0,1,0,0,0,0,0,-,-,LOS ANGELES,LOS ANGELES,-118.30904,34.04449629
7190523,2016,12/7/2016,1909,10/2/2016,208,507,,7,5,4,1909,0,0,0,,0,NORTH,GAGE AV,JABONERIA RD,612,W,N,A,-,N,,,,,,,,,,Y,1,1,0,2,C,-,18,,,N,G,B,E,A,H,-,C,A,0,Y,,,Y,Y,Y,-,-,0,0,0,1,0,0,0,0,0,-,-,LOS ANGELES,BELL GARDENS,-118.1546371,33.9746081
7190518,2016,11/7/2016,1955,9/18/2016,2312,40348,50,7,5,6,1955,0,0,0,,0,1,HOLT AV,FILMORE PL,273,E,N,A,-,N,,,,,,,,,,Y,1,1,0,2,A,-,3,22350,,F,G,B,D,A,H,-,C,D,0,Y,,,,Y,,A,1,0,0,0,1,0,0,0,0,0,-,-,LOS ANGELES,POMONA,-117.7661812,34.06197983
7190487,2016,10/17/2016,1942,10/2/2016,600,37611,236,7,5,7,1942,0,0,0,B,0,24TL27,ALVARADO ST,BEVERLY BL,1,S,N,A,-,N,,,,,,,,,,N,1,1,0,2,A,-,0,21546,B,N,G,B,B,A,H,-,C,A,0,Y,,,,Y,,N,60,0,0,0,1,0,0,0,0,0,-,-,LOS ANGELES,LOS ANGELES,-118.2703216,34.06666759
7190486,2016,10/17/2016,1942,8/25/2016,2115,39062,1177,4,5,7,1942,0,0,0,K,0,1T11,SAN FERNANDO RD,LOOSMORE ST,54,N,N,A,-,N,,,,,,,,,,N,1,1,0,3,A,-,11,21954,A,F,G,B,E,A,H,-,D,D,0,Y,,,,Y,,N,60,0,0,0,1,0,0,0,0,0,-,-,LOS ANGELES,LOS ANGELES,-118.2285929,34.09205082
7190484,2016,10/17/2016,1942,9/27/2016,330,40054,1549,2,5,7,1942,0,0,0,O,0,9T57,BURBANK BL,BONNER AV,0,,Y,A,-,N,,,,,,,,,,N,1,1,0,2,A,-,10,21950,A,F,G,B,D,A,H,-,C,A,0,Y,,,,Y,,-,99,0,0,0,1,0,0,0,0,0,-,-,LOS ANGELES,LOS ANGELES,-118.3741201,34.17215001
7190474,2016,10/11/2016,1941,3/19/2016,2349,10802,,6,5,7,1941,0,0,0,,0,,SOUTH ST,DOWNEY AV,449,W,N,A,-,N,,,,,,,,,,Y,1,1,0,2,A,-,11,21954,A,N,G,B,D,A,H,-,C,D,0,Y,,,,Y,Y,N,,0,0,0,1,0,0,0,0,0,-,-,LOS ANGELES,LONG BEACH,-118.15118,33.86022
7190471,2016,10/11/2016,1900,8/29/2016,1515,550490,1125,1,5,6,1992,0,0,0,,0,112T1,10TH ST WEST,AVENUE J,480,N,N,A,-,N,,,,,,,,,,N,1,1,0,2,A,-,11,21954,A,N,G,B,D,A,H,-,A,D,0,Y,,,,Y,,N,60,0,0,0,1,0,0,0,0,0,-,-,LOS ANGELES,LANCASTER,-118.1480335,34.69076608
7190463,2016,10/7/2016,1900,6/6/2016,1026,533031,2824,1,5,5,1915,0,0,0,,0,284F3,COMPTON BL,SLOAN AV,170,W,N,A,-,N,,,,,,,,,,Y,1,1,0,3,A,-,5,21651,A,N,A,G,A,A,H,-,A,D,0,,Y,,,Y,,A,8,0,0,0,0,0,1,0,0,0,-,-,LOS ANGELES,COMPTON,-118.2110291,33.89603
7190457,2016,10/5/2016,1900,8/25/2016,2200,551347,560,4,5,3,1968,0,0,0,,0,55K1,GARVEY AV,CHICO AV,214,E,N,A,-,N,,,,,,,,,,Y,1,1,0,2,A,-,11,21954,A,N,G,B,E,A,H,-,C,D,0,Y,,,,Y,,N,60,0,0,0,1,0,0,0,0,0,-,-,LOS ANGELES,SOUTH EL MONTE,-118.059325,34.06274
7190454,2016,10/5/2016,1942,7/30/2016,30,31652,1983,6,5,7,1942,0,0,0,,0,19T73,SEPULVEDA BL,PARTHENIA ST,20,N,N,A,-,N,,,,,,,,,,Y,1,1,0,2,A,-,11,21456,B,F,G,B,B,A,H,-,C,A,0,Y,,,,Y,,N,60,0,0,0,1,0,0,0,0,0,-,-,LOS ANGELES,LOS ANGELES,-118.467659,34.22832485
7190450,2016,10/5/2016,1900,7/6/2016,2001,552548,2611,3,5,6,1950,0,0,0,,0,262T1,PALMDALE BL,5TH ST WEST,512,E,N,A,-,N,,,,,,,,,,Y,1,1,0,2,A,-,11,21955,,N,G,B,E,A,H,-,B,D,0,Y,,,,Y,,N,60,0,0,0,1,0,0,0,0,0,-,-,LOS ANGELES,PALMDALE,-118.1370707,34.58286649
7190449,2016,10/5/2016,1948,5/31/2016,2035,364,1948,2,5,5,1948,0,0,0,,0,,S NICHOLSON AV,EDGLEY DR,0,,Y,A,-,N,,,,,,,,,,Y,1,1,0,2,A,-,11,21950,B,N,G,B,B,A,H,-,C,D,0,Y,,,,Y,,N,60,0,0,0,1,0,0,0,0,0,-,-,LOS ANGELES,MONTEREY PARK,-118.1189701,34.06076011
7190442,2016,9/30/2016,1942,9/1/2016,2100,41917,515,4,5,7,1942,0,0,0,E,0,18T23,PACIFIC COAST HWY,GULF AV,10,W,N,A,-,N,,,,,,,,,,N,1,1,0,2,A,-,10,21950,A,F,G,B,B,A,H,-,C,D,0,Y,,,,Y,,-,99,0,0,0,1,0,0,0,0,0,-,-,LOS ANGELES,LOS ANGELES,-118.2739828,33.79059848
7190435,2016,9/30/2016,1942,7/21/2016,710,31152,1383,4,5,7,1942,0,0,0,M,0,11T25,BROADWAY,59TH PL,6,N,N,A,-,N,,,,,,,,,,N,1,1,1,3,A,-,10,21950,A,N,G,B,B,A,H,-,A,A,0,Y,,,,Y,,D,22,0,1,0,1,1,0,0,0,0,-,-,LOS ANGELES,LOS ANGELES,-118.2782905,33.98601645
7190428,2016,9/30/2016,1942,7/27/2016,2000,41729,1871,3,5,7,1942,0,0,0,R,0,3T5,ORCHARD AV,148TH ST,38,W,N,A,-,N,,,,,,,,,,Y,1,1,9,10,A,-,3,22350,,F,G,B,F,A,H,-,B,D,0,Y,,,,Y,,A,1,4,4,1,1,8,0,0,0,0,-,-,LOS ANGELES,LOS ANGELES,-118.28763,33.8982
7190404,2016,9/21/2016,1900,8/21/2016,2055,465550,627,7,5,6,1985,0,0,0,,0,60T1,NEWHALL AV,MOLOKAI,20,E,N,A,-,N,,,,,,,,,,N,1,1,0,2,A,-,11,21954,A,F,G,B,D,A,H,-,C,D,0,Y,,,,Y,,N,60,0,0,0,1,0,0,0,0,0,-,-,LOS ANGELES,SANTA CLARITA,-118.5075233,34.36632167
7190403,2016,9/21/2016,1942,8/15/2016,1820,41925,333,1,5,7,1942,0,0,0,C,0,12T41,JEFFERSON BL,SOMERSET DR,0,,Y,A,-,N,,,,,,,,,,N,1,1,0,2,A,-,10,21950,A,N,G,B,B,A,H,-,A,D,0,Y,,,,Y,,A,1,0,0,0,1,0,0,0,0,0,-,-,LOS ANGELES,LOS ANGELES,-118.3373801,34.02557002
7190384,2016,9/23/2016,1900,7/25/2016,2045,509580,631,1,5,6,1985,0,0,0,,0,61T1,SIERRA HWY,SIERRA CROSS,95,N,N,A,-,N,,,,,,,,,,Y,1,1,0,2,A,-,11,21954,A,N,G,B,D,A,H,-,C,D,0,Y,,,,Y,,N,60,0,0,0,1,0,0,0,0,0,-,-,LOS ANGELES,SANTA CLARITA,-118.509637,34.34225627
7190381,2016,9/26/2016,1942,8/20/2016,2100,36733,964,6,5,7,1942,0,0,0,I,0,10TL34,RIVERSIDE DR,TYRONE AV,0,,Y,A,-,N,,,,,,,,,,Y,1,1,1,2,A,-,10,21950,A,N,G,B,B,A,H,-,D,D,0,Y,,,,Y,,A,1,0,0,1,1,0,0,0,0,0,-,-,LOS ANGELES,LOS ANGELES,-118.44435,34.15759005
7190380,2016,9/26/2016,1942,8/13/2016,1945,39355,1959,6,5,7,1942,0,0,0,,0,9T53,TERRA BELLA ST,SHARP AV,0,,Y,A,-,N,,,,,,,,,,N,1,1,0,2,A,-,12,21453,A,N,G,B,B,A,H,-,B,A,0,Y,,,,Y,,A,7,0,0,0,1,0,0,0,0,0,-,-,LOS ANGELES,LOS ANGELES,-118.42912,34.25040009
7190377,2016,9/26/2016,1942,7/26/2016,1415,40119,914,2,5,7,1942,0,0,0,I,0,21T64,SHERMAN CIR,SHERMAN WY,203,S,N,A,-,N,,,,,,,,,,N,1,1,1,2,A,-,11,21954,A,N,G,B,E,A,H,-,A,D,0,Y,,,,Y,,N,60,0,1,0,1,0,0,0,0,0,-,-,LOS ANGELES,LOS ANGELES,-118.450679,34.20069217
7190361,2016,9/13/2016,1942,8/6/2016,815,39473,1526,6,5,7,1942,0,0,0,O,0,35TL43,TUJUNGA AV,VICTORY BL,0,,Y,A,-,N,,,,,,,,,,N,1,1,0,2,B,-,22,,,N,H,G,A,A,H,-,A,A,0,,Y,,,Y,,-,-,0,0,0,0,0,1,0,0,0,-,-,LOS ANGELES,LOS ANGELES,-118.3790601,34.18668009
7190358,2016,9/13/2016,1933,3/15/2016,754,924,25,2,5,6,1933,0,0,0,,0,2,CENTURY BL,FLOWER ST,16,E,N,A,-,N,,,,,,,,,,Y,1,1,0,2,A,-,11,21954,A,N,G,B,D,A,H,-,A,D,0,Y,,,,Y,Y,N,60,0,0,0,1,0,0,0,0,0,-,-,LOS ANGELES,INGLEWOOD,-118.3466373,33.94545
7190339,2016,9/1/2016,1942,8/5/2016,1045,34251,765,5,5,7,1942,0,0,0,G,0,7TL23,LA BREA AV,PICO BL,18,S,N,A,-,N,,,,,,,,,,Y,1,1,1,3,C,-,18,,,N,G,B,F,A,H,-,A,D,0,Y,,,,Y,,-,-,0,0,1,1,1,0,0,0,0,-,-,LOS ANGELES,LOS ANGELES,-118.3446781,34.04784298
7190328,2016,8/18/2016,1942,5/20/2016,945,39444,1494,5,5,7,1942,0,0,0,N,0,6D223,PERSHING DR,WORLD WAY WEST,1035,N,N,A,-,N,,,,,,,,,,Y,1,1,0,2,A,-,17,21209,A,N,H,G,A,A,H,-,A,A,0,,Y,,,Y,,D,22,0,0,0,0,0,1,0,0,0,-,-,LOS ANGELES,LOS ANGELES,-118.435891,33.94316605
7190315,2016,8/19/2016,1900,7/16/2016,2102,602999,1135,6,5,6,1992,0,0,0,,0,112T1,AVENUE I,28TH ST EAST,0,,Y,A,-,N,,,,,,,,,,N,1,1,0,2,A,-,10,21950,A,F,G,B,D,A,H,-,C,D,0,Y,,,,Y,,N,60,0,0,0,1,0,0,0,0,0,-,-,LOS ANGELES,LANCASTER,-118.0792901,34.70439002
7190313,2016,8/19/2016,1942,6/21/2016,1030,39317,1863,2,5,7,1942,0,0,0,R,0,18T23,120TH ST,SAN PEDRO ST,192,E,N,A,-,N,,,,,,,,,,Y,1,1,2,5,A,-,5,21650,,N,B,E,E,A,H,-,A,A,0,Y,,,,Y,,A,1,1,1,0,1,1,0,0,0,0,-,-,LOS ANGELES,LOS ANGELES,-118.2689484,33.92371
7190311,2016,8/19/2016,1942,6/24/2016,425,37807,1258,5,5,7,1942,0,0,0,L,0,12T41,BROADWAY,79TH ST,0,,Y,A,-,N,,,,,,,,,,N,1,1,0,2,A,-,11,21456,B,N,G,B,B,A,H,-,C,A,0,Y,,,,Y,,N,60,0,0,0,1,0,0,0,0,0,-,-,LOS ANGELES,LOS ANGELES,,
7190306,2016,8/19/2016,1942,6/25/2016,1630,40440,1231,6,5,7,1942,0,0,0,L,0,12TL73,ALSACE AV,SLAUSON AV,0,S,N,A,-,N,,,,,,,,,,N,1,1,0,1,A,-,3,22350,,N,E,I,A,A,H,-,A,D,0,,Y,,,Y,,L,4,0,0,0,0,0,1,0,0,0,-,-,LOS ANGELES,LOS ANGELES,-118.3480801,33.98891009
7190300,2016,8/18/2016,1942,7/15/2016,1840,31652,1915,5,5,7,1942,0,0,0,,0,19T73,GLENOAKS BL,DYER ST,79,S,N,A,-,N,,,,,,,,,,N,1,1,0,2,A,-,11,21954,A,N,G,B,D,A,H,-,A,D,0,Y,,,,Y,,N,60,0,0,0,1,0,0,0,0,0,-,-,LOS ANGELES,LOS ANGELES,-118.444274,34.30338684
7190294,2016,7/29/2016,1900,7/2/2016,1722,552036,1010,6,5,3,1995,0,0,0,,0,101T2,RT 1,BROAD BEACH RD,2112,N,N,A,-,Y,LA,7,1,-,-,58.86,H,-,S,Y,1,1,1,3,A,-,11,21954,A,N,G,B,D,A,H,-,A,D,0,Y,,,,Y,,N,60,1,0,0,1,1,0,0,0,0,-,-,LOS ANGELES,MALIBU,-118.8757675,34.03972077
7190288,2016,7/28/2016,1900,6/26/2016,212,274533,1368,7,5,5,1952,0,0,0,,0,133T1,DOWNEY AV,HARRISON ST,0,,Y,A,-,N,,,,,,,,,,N,1,2,0,3,A,-,10,21950,A,F,G,B,B,A,H,-,C,D,0,Y,,,,Y,,A,1,0,0,0,2,0,0,0,0,0,-,-,LOS ANGELES,PARAMOUNT,-118.1513201,33.88359004
7190256,2016,7/28/2016,1941,6/26/2016,47,10551,,7,5,7,1941,0,0,0,,0,,ANAHEIM ST,OHIO AV,0,,Y,A,-,N,,,,,,,,,,N,1,1,0,3,A,-,10,21950,A,F,G,B,B,A,H,-,C,D,0,Y,,,,Y,Y,A,,0,0,0,1,0,0,0,0,0,-,-,LOS ANGELES,LONG BEACH,-118.1600901,33.78261005
7190255,2016,7/27/2016,1975,5/13/2016,708,377,,5,5,6,1975,0,0,0,,0,1,SUNSET AV,ROWLAND AV,0,,Y,A,-,N,,,,,,,,,,Y,1,1,0,2,A,-,10,21950,A,N,G,B,B,A,H,-,A,A,0,Y,,,,Y,,-,,0,0,0,1,0,0,0,0,0,-,-,LOS ANGELES,WEST COVINA,-117.93502,34.07906004
7190254,2016,7/27/2016,1942,6/29/2016,2235,27792,1676,3,5,7,1942,0,0,0,P,0,10T35,GLENOAKS BL,WHEATLAND AV,410,S,N,A,-,N,,,,,,,,,,Y,1,1,0,2,A,-,11,21955,,N,G,B,D,A,H,-,C,D,0,Y,,,,Y,,N,60,0,0,0,1,0,0,0,0,0,-,-,LOS ANGELES,LOS ANGELES,-118.360911,34.22409099
7190253,2016,7/28/2016,1975,5/12/2016,2056,377,,4,5,6,1975,0,0,0,,0,5,AZUSA AV,FAIRGROVE AV,42,S,N,A,-,N,,,,,,,,,,Y,1,1,0,2,A,-,11,21954,A,N,G,B,D,A,H,-,C,A,0,Y,,,,Y,Y,N,60,0,0,0,1,0,0,0,0,0,-,-,LOS ANGELES,WEST COVINA,-117.9112267,34.04304417
7190246,2016,7/27/2016,1951,5/18/2016,937,737,,3,5,3,1951,0,0,0,,0,,GRANVIA ALTAMIRA,VIA FERNANDEZ,404,E,N,B,-,N,,,,,,,,,,N,1,1,0,1,D,-,0,,,N,-,-,A,A,H,-,A,D,0,,Y,,,Y,,-,-,0,0,0,0,0,1,0,0,0,-,-,LOS ANGELES,PALOS VERDES EST,-118.3879964,33.79037516
7190245,2016,7/27/2016,1965,6/4/2016,2223,3808,0B1F,6,5,5,1965,0,0,0,,0,A001,4TH ST,PICO BL,145,N,N,B,-,N,,,,,,,,,,N,1,1,0,2,D,-,0,,,N,G,B,E,A,H,-,C,D,0,Y,,,,Y,,-,-,0,0,0,1,0,0,0,0,0,-,-,LOS ANGELES,SANTA MONICA,-118.4876022,34.00993359
7190227,2016,7/7/2016,1942,5/31/2016,2210,41056,1241,2,5,7,1942,0,0,0,L,0,18T23,CRENSHAW BL,63RD ST,10,S,N,A,-,N,,,,,,,,,,N,1,1,0,2,A,-,12,21453,A,F,G,B,B,A,H,-,C,A,0,Y,,,,Y,,-,99,0,0,0,1,0,0,0,0,0,-,-,LOS ANGELES,LOS ANGELES,,
7190226,2016,7/7/2016,1942,5/14/2016,1800,40415,1841,6,5,7,1942,0,0,0,R,0,18T23,VERMONT AV,111TH ST,72,N,N,A,-,N,,,,,,,,,,N,1,1,0,2,A,-,11,21954,A,N,G,B,D,A,H,-,B,A,0,Y,,,,Y,,N,60,0,0,0,1,0,0,0,0,0,-,-,LOS ANGELES,LOS ANGELES,,
7190211,2016,6/28/2016,1972,2/7/2016,222,19427,,7,5,6,1972,0,0,0,,0,,HAWTHORNE BL,CARSON ST,330,S,N,A,-,Y,LA,7,107,-,-,1.77,H,-,S,Y,1,1,0,2,A,-,11,21955,,N,G,B,E,A,H,-,C,D,0,Y,,,,Y,,N,,0,0,0,1,0,0,0,0,0,-,-,LOS ANGELES,TORRANCE,-118.3525685,33.83069998
7190191,2016,8/2/2016,1975,2/14/2016,1912,338,,7,5,6,1975,0,0,0,,0,2,GARVEY AV SOUTH,BARRANCA AV,400,W,N,A,-,N,,,,,,,,,,Y,1,1,0,2,A,-,11,21954,A,N,G,B,D,A,H,-,C,D,0,Y,,,,Y,Y,N,60,0,0,0,1,0,0,0,0,0,-,-,LOS ANGELES,WEST COVINA,-117.8825754,34.07124627
7190186,2016,6/9/2016,1900,3/8/2016,1446,284312,1736,2,5,4,1980,0,0,0,,0,173T2,HAWTHORN BL,VALLON DR,0,,Y,A,-,N,,,,,,,,,,N,1,1,0,2,A,-,8,22101,D,N,D,G,A,A,H,-,A,A,0,,Y,,Y,Y,,L,4,0,0,0,0,0,1,0,0,0,-,-,LOS ANGELES,RANCHO PALOS VERDES,,
7190182,2016,5/20/2016,1942,4/30/2016,1605,39359,1512,6,5,7,1942,0,0,0,O,0,35M111,VANOWEN ST,BELLAIRE AV,292,W,N,A,-,N,,,,,,,,,,Y,1,1,5,13,A,-,7,21658,A,N,B,B,F,A,H,-,A,D,0,Y,,,,Y,,A,1,0,2,3,1,3,0,0,0,0,-,-,LOS ANGELES,LOS ANGELES,-118.4103938,34.19394766
7190181,2016,5/13/2016,1942,4/23/2016,1811,34426,236,6,5,7,1942,0,0,0,B,0,2T28,BURLINGTON AV,TEMPLE ST,0,,Y,A,-,N,,,,,,,,,,Y,1,1,0,3,A,-,1,23152,A,N,D,E,A,A,H,-,A,A,0,,Y,,,Y,Y,D,22,0,0,0,0,0,1,0,0,0,-,-,LOS ANGELES,LOS ANGELES,-118.2645601,34.06913011
7190178,2016,5/13/2016,1942,4/5/2016,1055,32973,499,2,5,7,1942,0,0,0,D,0,11T32,OLYMPIC BL,PRADO ST,0,,Y,A,-,N,,,,,,,,,,N,1,1,0,2,A,-,10,21950,A,N,G,B,B,A,H,-,A,A,0,Y,,,,Y,,A,7,0,0,0,1,0,0,0,0,0,-,-,LOS ANGELES,LOS ANGELES,-118.19427,34.01885
7190163,2016,5/20/2016,1942,4/20/2016,2345,39262,1493,3,5,7,1942,0,0,0,N,0,20T59,VISTA DEL MAR,IMPERIAL HWY,1264,N,N,A,-,N,,,,,,,,,,N,1,1,2,4,A,-,11,21954,A,N,G,B,D,A,H,-,D,D,0,Y,,,,Y,,N,60,1,1,0,1,1,0,0,0,0,-,-,LOS ANGELES,LOS ANGELES,-118.4365944,33.93407881
7190157,2016,5/10/2016,1900,4/11/2016,2150,465550,631,1,5,6,1985,0,0,0,,0,60T1,SIERRA HWY,CAMPUS EXIT,385,S,N,A,-,N,,,,,,,,,,Y,1,1,1,2,A,-,11,21954,A,N,G,B,D,A,H,-,C,D,0,Y,,,,Y,Y,N,60,0,0,1,1,0,0,0,0,0,-,-,LOS ANGELES,SANTA CLARITA,,
7190154,2016,5/5/2016,1942,3/19/2016,1730,40869,1256,6,5,7,1942,0,0,0,L,0,3T57,VERMONT AV,76TH ST,59,N,N,A,-,N,,,,,,,,,,Y,1,1,1,4,A,-,3,22350,,N,-,B,F,A,H,-,A,A,0,Y,,,,Y,,A,1,0,0,1,1,0,0,0,0,0,-,-,LOS ANGELES,LOS ANGELES,,
7190149,2016,5/2/2016,1942,4/5/2016,740,33825,1589,2,5,7,1942,0,0,0,O,0,15TL45,VENTURA PL,RADFORD AV,2,E,N,A,-,N,,,,,,,,,,N,1,1,0,2,A,-,12,21453,A,N,D,G,A,A,H,-,A,A,0,,Y,,Y,Y,,L,4,0,0,0,0,0,1,0,0,0,-,-,LOS ANGELES,LOS ANGELES,-118.39284,34.14365