CASE_ID,ACCIDENT_YEAR,PROC_DATE,JURIS,COLLISION_DATE,COLLISION_TIME,OFFICER_ID,REPORTING_DISTRICT,DAY_OF_WEEK,CHP_SHIFT,POPULATION,CNTY_CITY_LOC,SPECIAL_COND,BEAT_TYPE,CHP_BEAT_TYPE,CITY_DIVISION_LAPD,CHP_BEAT_CLASS,BEAT_NUMBER,PRIMARY_RD,SECONDARY_RD,DISTANCE,DIRECTION,INTERSECTION,WEATHER_1,WEATHER_2,STATE_HWY_IND,CALTRANS_COUNTY,CALTRANS_DISTRICT,STATE_ROUTE,ROUTE_SUFFIX,POSTMILE_PREFIX,POSTMILE,LOCATION_TYPE,RAMP_INTERSECTION,SIDE_OF_HWY,TOW_AWAY,COLLISION_SEVERITY,NUMBER_KILLED,NUMBER_INJURED,PARTY_COUNT,PRIMARY_COLL_FACTOR,PCF_CODE_OF_VIOL,PCF_VIOL_CATEGORY,PCF_VIOLATION,PCF_VIOL_SUBSECTION,HIT_AND_RUN,TYPE_OF_COLLISION,MVIW,PED_ACTION,ROAD_SURFACE,ROAD_COND_1,ROAD_COND_2,LIGHTING,CONTROL_DEVICE,CHP_ROAD_TYPE,PEDESTRIAN_ACCIDENT,BICYCLE_ACCIDENT,MOTORCYCLE_ACCIDENT,TRUCK_ACCIDENT,NOT_PRIVATE_PROPERTY,ALCOHOL_INVOLVED,STWD_VEHTYPE_AT_FAULT,CHP_VEHTYPE_AT_FAULT,COUNT_SEVERE_INJ,COUNT_VISIBLE_INJ,COUNT_COMPLAINT_PAIN,COUNT_PED_KILLED,COUNT_PED_INJURED,COUNT_BICYCLIST_KILLED,COUNT_BICYCLIST_INJURED,COUNT_MC_KILLED,COUNT_MC_INJURED,PRIMARY_RAMP,SECONDARY_RAMP,COUNTY,CITY,LONGITUDE,LATITUDE
7189228,2016,2/26/2016,1942,2/9/2016,1930,41233,1047,2,5,7,1942,0,0,0,J,0,10A17,BURBANK BL,ENCINO AV,0,,Y,A,-,N,,,,,,,,,,N,4,0,1,2,A,-,0,21954,,N,G,B,B,A,H,-,C,A,0,Y,,,,Y,,A,1,0,0,1,0,1,0,0,0,0,-,-,LOS ANGELES,LOS ANGELES,-118.5141901,34.17226002
7189050,2016,2/22/2016,1942,2/8/2016,1500,38977,503,1,5,7,1942,0,0,0,E,0,5FB96,13TH ST,GRAND AV,0,,Y,A,-,N,,,,,,,,,,N,3,0,1,2,A,-,9,21804,A,N,D,G,A,A,H,-,A,A,0,,Y,,,Y,,L,4,0,1,0,0,0,0,1,0,0,-,-,LOS ANGELES,LOS ANGELES,-118.2901901,33.73243006
7189035,2016,2/24/2016,1900,2/17/2016,640,437384,2916,3,5,4,1974,0,0,0,,0,291K1,LA PUENTE RD,RODEO WY,0,,Y,A,-,N,,,,,,,,,,N,4,0,2,2,A,-,0,20015,,N,G,B,D,A,H,-,A,A,0,Y,,,,Y,,-,-,0,0,2,0,1,0,0,0,0,-,-,LOS ANGELES,WALNUT,-117.8364001,34.03041008
7189033,2016,2/24/2016,1942,1/14/2016,2100,41933,329,4,5,7,1942,0,0,0,C,0,3A58W7,30TH ST,FIGUEROA ST,3,E,N,A,-,N,,,,,,,,,,N,4,0,1,2,A,-,5,21650,1,N,-,G,A,A,H,-,C,A,0,,Y,,,Y,,L,4,0,0,1,0,0,0,1,0,0,-,-,LOS ANGELES,LOS ANGELES,-118.2779914,34.02505603
7189025,2016,2/24/2016,1942,1/15/2016,1745,40620,329,5,5,7,1942,0,0,0,C,0,3,FIGUEROA ST,32ND ST,0,,Y,B,-,N,,,,,,,,,,N,3,0,1,2,A,-,9,21801,A,N,D,G,A,A,H,-,C,A,0,,Y,,,Y,,A,1,0,1,0,0,0,0,1,0,0,-,-,LOS ANGELES,LOS ANGELES,-118.27896,34.02351004
7189017,2016,2/24/2016,1942,1/29/2016,1605,32758,558,5,5,7,1942,0,0,0,E,0,5A12,SEPULVEDA ST,MESA AV,171,W,N,A,-,N,,,,,,,,,,N,2,0,1,2,A,-,11,21954,A,F,G,B,D,A,H,-,A,A,0,Y,,,,Y,,N,60,1,0,0,0,1,0,0,0,0,-,-,LOS ANGELES,LOS ANGELES,-118.2862905,33.74511927
7189016,2016,2/26/2016,1901,1/29/2016,804,274,14,5,5,5,1901,0,0,0,,0,2,VALLEY BL,SIERRA VISTA AV,148,E,N,A,-,N,,,,,,,,,,N,4,0,1,2,A,-,3,22350,,N,D,G,A,A,A,-,A,D,0,,Y,,,Y,,L,4,0,0,1,0,0,0,1,0,0,-,-,LOS ANGELES,ALHAMBRA,-118.117733,34.07891215
7189010,2016,2/24/2016,1942,1/23/2016,2130,41314,1942,6,5,7,1942,0,0,0,,0,3A31,WESTERN AV,29TH ST,0,,Y,A,-,N,,,,,,,,,,N,4,0,1,2,A,-,10,21950,A,N,G,B,B,A,H,-,A,A,0,Y,,,,Y,,A,7,0,0,1,0,1,0,0,0,0,-,-,LOS ANGELES,LOS ANGELES,,
7189009,2016,2/24/2016,1901,1/21/2016,2055,277,16,4,5,5,1901,0,0,0,,0,4,HELLMAN AV,WINTHROP DR,4,W,N,A,-,N,,,,,,,,,,Y,3,0,1,2,A,-,8,22107,,N,D,G,A,A,H,-,C,D,0,,Y,,,Y,,L,4,0,1,0,0,0,0,1,0,0,-,-,LOS ANGELES,ALHAMBRA,-118.1585632,34.06963
7189005,2016,2/24/2016,1901,1/12/2016,1637,249,2,2,5,5,1901,0,0,0,,0,1,MAIN ST,1ST ST,12,W,N,A,-,N,,,,,,,,,,N,3,0,1,2,A,-,10,21950,A,N,G,B,B,A,H,-,A,A,0,Y,,,,Y,,A,7,0,1,0,0,1,0,0,0,0,-,-,LOS ANGELES,ALHAMBRA,-118.1279646,34.09462404
7188994,2016,2/23/2016,1941,2/5/2016,2127,10763,,5,5,7,1941,0,0,0,,0,,OCEAN BL,BONITO AV,0,,Y,A,-,N,,,,,,,,,,N,3,0,1,2,A,-,8,22107,,M,G,G,A,A,H,-,C,D,0,,Y,,,Y,,A,,0,1,0,0,0,0,1,0,0,-,-,LOS ANGELES,LONG BEACH,-118.1809501,33.76613007
7188987,2016,2/24/2016,1941,2/1/2016,1802,6236,,1,5,7,1941,0,0,0,,0,,ARTESIA BL,LONG BEACH BL,0,,Y,A,-,N,,,,,,,,,,N,4,0,1,2,A,-,-,,,N,G,-,D,A,H,-,C,A,0,Y,,,,Y,Y,N,,0,0,1,0,1,0,0,0,0,-,-,LOS ANGELES,LONG BEACH,-118.2027901,33.87436003
7188985,2016,2/24/2016,1901,1/12/2016,858,267,17,2,5,5,1901,0,0,0,,0,3,MISSION RD,DATE AV,6,E,N,A,-,N,,,,,,,,,,N,4,0,1,2,A,-,5,21650,1,N,D,G,A,A,H,-,A,A,0,,Y,,,Y,,L,4,0,0,1,0,0,0,1,0,0,-,-,LOS ANGELES,ALHAMBRA,-118.1480312,34.08001503
7188981,2016,2/24/2016,1901,1/12/2016,809,249,15,2,5,5,1901,0,0,0,,0,2,VALLEY BL,VEGA ST,14,E,N,A,-,N,,,,,,,,,,N,3,0,1,2,A,-,10,21950,A,N,G,B,B,A,H,-,A,A,0,Y,,,,Y,,A,8,0,1,0,0,1,0,0,0,0,-,-,LOS ANGELES,ALHAMBRA,-118.111264,34.07918251
7188970,2016,2/24/2016,1901,2/2/2016,1454,249,17,2,5,5,1901,0,0,0,,0,4,VALLEY BL,RAYMOND AV,0,,Y,A,-,N,,,,,,,,,,N,4,0,1,2,A,-,10,21950,A,N,G,B,B,A,H,-,A,A,0,Y,,,,Y,,A,7,0,0,1,0,1,0,0,0,0,-,-,LOS ANGELES,ALHAMBRA,-118.1454401,34.07727006
7188962,2016,2/24/2016,1901,2/5/2016,740,239,28,5,5,5,1901,0,0,0,,0,3,COMMONWEALTH AV,ELECTRIC AV,10,E,N,A,-,N,,,,,,,,,,N,3,0,1,3,A,-,10,21950,A,N,G,B,B,A,H,-,A,A,0,Y,,,,Y,,A,1,0,1,0,0,1,0,0,0,0,-,-,LOS ANGELES,ALHAMBRA,-118.1394972,34.08748707
7188792,2016,2/25/2016,1928,2/11/2016,1919,371,502,4,5,5,1928,0,0,0,,0,0H1,120TH ST,GREVILLEA AV,11,W,N,A,-,N,,,,,,,,,,Y,2,0,1,2,A,-,10,21950,A,N,G,B,B,A,H,-,B,A,0,Y,,,,Y,,A,1,1,0,0,0,1,0,0,0,0,-,-,LOS ANGELES,HAWTHORNE,-118.3548262,33.92365964
7188785,2016,2/23/2016,1900,2/3/2016,752,540658,1134,3,5,6,1992,0,0,0,,0,112T2,AVENUE K-2,1ST ST,401,E,N,A,-,N,,,,,,,,,,Y,4,0,1,2,A,-,10,21950,A,N,G,B,C,A,H,-,A,D,0,Y,,,,Y,,A,1,0,0,1,0,1,0,0,0,0,-,-,LOS ANGELES,LANCASTER,,
7188773,2016,3/27/2017,1900,2/14/2016,2146,546182,1126,7,5,6,1992,0,0,0,,0,111T1,15TH ST WEST,AVENUE J,325,S,N,A,-,N,,,,,,,,,,N,1,1,0,2,A,-,11,21954,A,N,G,B,D,A,H,-,C,D,0,Y,,,,Y,,N,60,0,0,0,1,0,0,0,0,0,-,-,LOS ANGELES,LANCASTER,-118.1568329,34.68853895
7188771,2016,2/25/2016,1962,2/7/2016,1814,126,1962,7,5,4,1962,0,0,0,,0,25,SAN GABRIEL BL,DEWEY AV,0,,Y,A,-,N,,,,,,,,,,N,3,0,1,2,A,-,9,21800,A,N,D,G,A,A,H,-,C,D,0,,Y,,,Y,,A,1,0,1,0,0,0,0,1,0,0,-,-,LOS ANGELES,SAN GABRIEL,-118.0907301,34.07720011
7188765,2016,2/23/2016,1926,2/11/2016,754,7897,,4,5,5,1926,0,0,0,,0,2,REYNOLDS WY,GLADSTONE ST,15,S,N,A,-,N,,,,,,,,,,N,3,0,1,2,A,-,5,21202,A,N,D,G,A,A,H,-,A,D,0,,Y,,,Y,,L,4,0,1,0,0,0,0,1,0,0,-,-,LOS ANGELES,GLENDORA,-117.8652893,34.11389888
7188760,2016,2/25/2016,1942,2/10/2016,1635,35688,338,3,5,7,1942,0,0,0,,0,12T73,30TH ST,ORCHARD AV,0,,Y,A,-,N,,,,,,,,,,N,3,0,1,2,A,-,10,21950,A,N,G,B,B,A,H,-,A,A,0,Y,,,,Y,,A,1,0,1,0,0,1,0,0,0,0,-,-,LOS ANGELES,LOS ANGELES,-118.28822,34.02745001
7188742,2016,2/25/2016,1942,2/12/2016,1145,33599,376,5,5,7,1942,0,0,0,C,0,3TL5,39TH PL,WESTERN AV,70,W,N,A,-,N,,,,,,,,,,N,4,0,1,2,A,-,5,21650,,F,H,G,A,A,H,-,A,D,0,,Y,,,Y,,L,4,0,0,1,0,0,0,1,0,0,-,-,LOS ANGELES,LOS ANGELES,-118.3091505,34.01371105
7188740,2016,2/25/2016,1942,2/5/2016,1730,39094,393,5,5,7,1942,0,0,0,C,0,3FB4,CRENSHAW BL,HOMELAND DR,60,N,N,A,-,N,,,,,,,,,,N,3,0,1,2,A,-,11,21954,A,N,G,B,D,A,-,-,C,D,0,Y,,,,Y,,N,60,0,1,0,0,1,0,0,0,0,-,-,LOS ANGELES,LOS ANGELES,-118.3338431,34.00547037
7188732,2016,2/25/2016,1942,2/2/2016,1220,38577,356,2,5,7,1942,0,0,0,C,0,3A98WY,WESTERN AV,JEFFERSON BL,0,,Y,A,-,N,,,,,,,,,,N,4,0,1,2,A,-,10,21950,A,N,G,B,B,A,H,-,A,A,0,Y,,,,Y,,A,1,0,0,1,0,1,0,0,0,0,-,-,LOS ANGELES,LOS ANGELES,-118.3088901,34.02555002
7188726,2016,2/23/2016,1942,2/9/2016,700,37359,335,2,5,7,1942,0,0,0,C,0,3A63,30TH ST,6TH AV,6,E,N,A,-,N,,,,,,,,,,Y,3,0,1,2,A,-,10,21950,A,N,G,B,B,A,H,-,A,A,0,Y,,,,Y,,-,-,0,1,0,0,1,0,0,0,0,-,-,LOS ANGELES,LOS ANGELES,-118.3235702,34.02763033
7188480,2016,2/23/2016,1942,1/2/2016,2100,38354,2156,6,5,7,1942,0,0,0,,0,9T53,VANOWEN ST,CANOGA AV,14,N,N,B,-,N,,,,,,,,,,N,4,0,1,2,A,-,5,21650,1,N,D,G,A,A,H,-,C,A,0,,Y,,,Y,,L,4,0,0,1,0,0,0,1,0,0,-,-,LOS ANGELES,LOS ANGELES,-118.59748,34.19375
7188473,2016,3/30/2016,1942,2/5/2016,1255,38326,923,5,5,7,1942,0,0,0,I,0,13TL44,VAN NUYS BL,KITTRIDGE ST,7,S,N,A,-,N,,,,,,,,,,N,4,0,1,2,A,-,10,21950,A,N,G,B,-,A,H,-,A,A,0,Y,,,,Y,,A,1,0,0,1,0,1,0,0,0,0,-,-,LOS ANGELES,LOS ANGELES,-118.44873,34.1906408
7188468,2016,2/23/2016,1942,1/29/2016,1710,39192,2146,5,5,7,1942,0,0,0,,0,9TL54,MILWOOD ST,HART ST,200,N,N,A,-,N,,,,,,,,,,N,4,0,1,2,A,-,11,21956,,N,G,B,E,A,H,-,A,D,0,Y,,,,Y,,N,60,0,0,1,0,1,0,0,0,0,-,-,LOS ANGELES,LOS ANGELES,-118.59426,34.19793866
7188446,2016,2/23/2016,1929,2/4/2016,1902,181,,4,5,3,1929,0,0,0,,0,,MANHATTAN AV,PIER AV,0,,Y,A,-,N,,,,,,,,,,N,3,0,1,2,A,-,10,21950,A,N,G,B,B,A,H,-,C,A,0,Y,,,,Y,,A,1,0,1,0,0,1,0,0,0,0,-,-,LOS ANGELES,HERMOSA BEACH,-118.3992301,33.86273005
7188445,2016,3/16/2017,1942,2/10/2016,1800,39308,906,3,5,7,1942,0,0,0,I,0,9X84,HAZELTINE AV,VALERIO ST,146,N,N,A,-,N,,,,,,,,,,N,1,1,0,2,A,-,11,21954,A,F,G,B,D,A,H,-,A,D,0,Y,,,,Y,,N,60,0,0,0,1,0,0,0,0,0,-,-,LOS ANGELES,LOS ANGELES,-118.4399856,34.20522045
7188437,2016,2/23/2016,1942,2/2/2016,1550,36542,2149,2,5,7,1942,0,0,0,,0,19T74W,CORBIN AV,VANOWEN ST,0,,Y,A,-,N,,,,,,,,,,N,3,0,2,3,A,-,8,22107,,N,A,C,A,A,H,-,A,A,0,,Y,,,Y,,A,1,0,1,1,0,0,0,1,0,0,-,-,LOS ANGELES,LOS ANGELES,-118.5622501,34.1938201
7188433,2016,2/23/2016,1942,2/4/2016,800,33512,1911,4,5,7,1942,0,0,0,,0,17A81,RAYEN ST,NOBLE AV,10,E,N,A,-,N,,,,,,,,,,N,4,0,1,2,A,-,10,21950,A,F,B,B,B,A,H,-,A,B,0,Y,,,,Y,,-,99,0,0,1,0,1,0,0,0,0,-,-,LOS ANGELES,LOS ANGELES,-118.461027,34.23182954
7188428,2016,2/23/2016,1942,1/15/2016,1430,39355,2189,5,5,7,1942,0,0,0,,0,16TL2B,QUEDO DR,SERRANIA AV,350,E,N,A,-,N,,,,,,,,,,N,4,0,1,2,A,-,11,21954,A,N,B,B,E,A,H,-,A,A,0,Y,,,,Y,,N,60,0,0,1,0,1,0,0,0,0,-,-,LOS ANGELES,LOS ANGELES,-118.587205,34.15961426
7188420,2016,2/23/2016,1942,1/29/2016,1720,41068,1863,5,5,7,1942,0,0,0,R,0,1802,120TH ST,STANFORD,0,,Y,A,-,N,,,,,,,,,,N,4,0,1,2,A,-,5,21650,1,N,D,G,A,A,H,-,B,-,0,,Y,,,Y,Y,L,4,0,0,1,0,0,0,1,0,0,-,-,LOS ANGELES,LOS ANGELES,-118.2622201,33.92372009
7188406,2016,2/23/2016,1931,2/11/2016,1204,5264,1931,4,5,5,1931,0,0,0,,0,3,PACIFIC BL,GAGE AV,0,,Y,A,-,N,,,,,,,,,,N,4,0,1,2,A,-,10,21950,A,F,G,B,F,A,H,-,A,D,0,Y,,,,Y,,A,1,0,0,1,0,1,0,0,0,0,-,-,LOS ANGELES,HUNTINGTON PARK,-118.2252,33.98164008
7188374,2016,2/24/2016,1942,2/1/2016,745,33599,1249,1,5,7,1942,0,0,0,L,0,3TL5,ESTRELLA,70TH ST,0,,Y,A,-,N,,,,,,,,,,N,3,0,2,3,A,-,10,21950,A,N,G,B,B,A,H,-,A,A,0,Y,,,,Y,,A,7,0,1,1,0,2,0,0,0,0,-,-,LOS ANGELES,LOS ANGELES,-118.2848801,33.97609009
7188337,2016,2/24/2016,1942,2/4/2016,2145,36565,1971,4,5,7,1942,0,0,0,,0,16T25,SEPULVEDA BL,NORDHOFF ST,0,,Y,A,-,N,,,,,,,,,,N,3,0,1,2,A,-,10,21950,A,N,G,-,B,A,H,-,C,A,0,Y,,,,Y,,A,7,0,1,0,0,1,0,0,0,0,-,-,LOS ANGELES,LOS ANGELES,-118.46771,34.23553009
7188334,2016,2/24/2016,1942,2/9/2016,1055,38326,1513,2,5,7,1942,0,0,0,O,0,15TL44,VANOWEN ST,BELLAIRE AV,10,E,N,A,-,N,,,,,,,,,,N,3,0,1,2,A,-,10,21950,A,F,G,B,B,A,H,-,A,A,0,Y,,,,Y,,-,99,0,1,0,0,1,0,0,0,0,-,-,LOS ANGELES,LOS ANGELES,-118.409397,34.19395
7188331,2016,2/23/2016,1942,2/8/2016,740,37737,2138,1,5,7,1942,0,0,0,,0,9TL55,SATICOY ST,MASON AV,7,E,N,A,-,N,,,,,,,,,,N,4,0,1,2,A,-,10,21950,A,N,G,B,B,A,H,-,A,A,0,Y,,,,Y,,D,22,0,0,1,0,1,0,0,0,0,-,-,LOS ANGELES,LOS ANGELES,-118.5796969,34.2083405
7188215,2016,2/11/2017,1942,1/28/2016,855,26736,1532,4,5,7,1942,0,0,0,O,0,35M23,VICTORY BL,RT 170,0,,Y,A,-,Y,LA,7,170,-,R,17.446,R,1,S,N,4,0,1,2,A,-,5,21650,1,N,D,G,A,A,H,-,A,D,0,,Y,,,Y,,L,4,0,0,1,0,0,0,1,0,0,-,SF,LOS ANGELES,LOS ANGELES,-118.4019813,34.18943782
7188172,2016,8/12/2016,1947,1/27/2016,805,1327,,3,5,5,1947,0,0,0,,0,00E,W WHITTIER BL,N CALIFORNIA AV,0,,Y,A,-,N,,,,,,,,,,N,4,0,1,2,A,-,12,21453,A,N,G,B,B,A,H,-,A,A,0,Y,,,,Y,,A,8,0,0,1,0,1,0,0,0,0,-,-,LOS ANGELES,MONTEBELLO,-118.1176901,34.01201003
7188138,2016,2/22/2016,1942,2/2/2016,1940,40707,1415,2,5,7,1942,0,0,0,N,0,14A12,LINCOLN BL,SUNSET BL,500,N,N,A,-,N,,,,,,,,,,N,3,0,1,2,C,-,18,,,N,H,G,A,A,H,-,A,D,0,,Y,,,Y,,-,-,0,1,0,0,0,0,1,0,0,-,-,LOS ANGELES,LOS ANGELES,-118.4670236,34.00094907
7188130,2016,2/22/2016,1942,2/4/2016,2100,39022,1487,4,5,7,1942,0,0,0,N,0,14T47,SEPULVEDA BL,92ND ST,5,S,N,A,-,N,,,,,,,,,,N,4,0,1,2,A,-,10,21950,A,N,G,B,B,A,H,-,C,D,0,Y,,,,Y,,A,1,0,0,1,0,1,0,0,0,0,-,-,LOS ANGELES,LOS ANGELES,,
7188126,2016,2/22/2016,1942,2/2/2016,1645,37613,1413,2,5,7,1942,0,0,0,N,0,14TL52,ROSE AV,RENNIE AV,35,W,N,A,-,N,,,,,,,,,,N,4,0,1,2,A,-,8,22107,,N,D,G,A,A,H,-,A,-,0,,Y,,,Y,,A,7,0,0,1,0,0,0,1,0,0,-,-,LOS ANGELES,LOS ANGELES,-118.4736973,33.99827858
7188122,2016,2/22/2016,1942,2/1/2016,1300,35945,1412,1,5,7,1942,0,0,0,N,0,8TL35,ROSE AV,MAIN ST,65,W,N,A,-,N,,,,,,,,,,N,3,0,1,2,C,-,18,,,N,H,G,A,A,H,-,A,D,0,,Y,,,Y,,-,-,0,1,0,0,0,0,1,0,0,-,-,LOS ANGELES,LOS ANGELES,-118.4783195,33.9958328
7188118,2016,2/22/2016,1942,2/2/2016,815,37209,632,2,5,7,1942,0,0,0,F,0,6A31,HOLLYWOOD BL,FAIRFAX,0,,Y,A,-,N,,,,,,,,,,N,4,0,1,2,A,-,5,21650,1,N,H,G,A,A,H,-,A,A,0,,Y,,,Y,,L,4,0,0,1,0,0,0,1,0,0,-,-,LOS ANGELES,LOS ANGELES,-118.3615701,34.10130002
7188117,2016,2/22/2016,1900,2/8/2016,1540,526695,2111,1,5,5,1943,0,0,0,,0,212T3,BARLOW AV,MLK JR BL,100,S,N,A,-,N,,,,,,,,,,N,4,0,1,2,A,-,11,21954,A,F,G,B,D,A,H,-,A,A,0,Y,,,,Y,,N,60,0,0,1,0,1,0,0,0,0,-,-,LOS ANGELES,LYNWOOD,,
7188085,2016,2/22/2016,1942,2/4/2016,1955,39058,659,4,5,7,1942,0,0,0,F,0,6T7,WESTERN AV,DE LONGPRE AV,0,,Y,A,-,N,,,,,,,,,,N,3,0,1,2,A,-,10,21950,A,F,G,B,B,A,H,-,C,A,0,Y,,,,Y,,-,99,0,1,0,0,1,0,0,0,0,-,-,LOS ANGELES,LOS ANGELES,-118.30922,34.09685003
7187986,2016,2/11/2017,1942,2/2/2016,1540,31255,677,2,5,7,1942,0,0,0,F,0,8TL26,SANTA MONICA BL,GOWER ST,0,,Y,A,-,Y,LA,7,2,-,-,11.831,I,6,E,N,3,0,1,2,A,-,12,21453,A,N,H,G,A,A,H,-,A,A,0,,Y,,,Y,,-,-,0,1,0,0,0,0,1,0,0,-,-,LOS ANGELES,LOS ANGELES,-118.3223878,34.0907536
7187984,2016,2/22/2016,1956,2/2/2016,710,1192,24,2,5,5,1956,0,0,0,,0,2,HERONDO ST,FRANCISCA AV,4,E,N,A,-,N,,,,,,,,,,N,4,0,1,2,D,-,0,,,N,D,B,D,A,H,-,A,A,0,Y,,,,Y,,-,-,0,0,1,0,1,0,0,0,0,-,-,LOS ANGELES,REDONDO BEACH,-118.3932371,33.85376229
7187982,2016,2/11/2017,1956,2/3/2016,1517,1236,9,3,5,5,1956,0,0,0,,0,1,RT 1,AVENUE A,0,,Y,A,-,Y,LA,7,1,-,-,18.791,I,5,S,N,3,0,1,2,A,-,9,21801,A,N,D,G,A,A,H,-,A,D,0,,Y,,,Y,,A,1,0,1,0,0,0,0,1,0,0,-,-,LOS ANGELES,REDONDO BEACH,-118.3856844,33.82769789
7187971,2016,2/22/2016,1942,2/5/2016,617,34959,643,5,5,7,1942,0,0,0,F,0,20T55,DETROIT ST,HAWTHORN AV,88,S,N,A,-,N,,,,,,,,,,N,4,0,1,2,A,-,10,21952,,N,G,B,F,A,H,-,C,D,0,Y,,,,Y,,A,1,0,0,1,0,1,0,0,0,0,-,-,LOS ANGELES,LOS ANGELES,-118.3456049,34.09953868
7187951,2016,2/22/2016,1942,2/4/2016,1815,38241,676,4,5,7,1942,0,0,0,F,0,6X32,CAHUENGA BL,WARING AV,0,,Y,A,-,N,,,,,,,,,,N,4,0,1,2,A,-,10,21950,A,N,G,B,B,A,H,-,C,D,0,Y,,,,Y,,A,1,0,0,1,0,1,0,0,0,0,-,-,LOS ANGELES,LOS ANGELES,-118.3287801,34.08528009
7187943,2016,2/19/2016,1900,2/3/2016,1900,534558,533,3,5,5,1959,0,0,0,,0,53,SAN GABRIEL BL,EMERSON PL,210,N,N,A,-,N,,,,,,,,,,N,2,0,1,2,D,-,0,,,F,G,B,D,A,H,-,C,D,0,Y,,,,Y,,-,-,1,0,0,0,1,0,0,0,0,-,-,LOS ANGELES,ROSEMEAD,-118.09057,34.06684582
7187941,2016,8/15/2016,1922,2/2/2016,721,576,,2,5,6,1922,0,0,0,,0,,FERRIS RD,DURFEE AV,0,,Y,A,-,N,,,,,,,,,,N,3,0,1,2,A,-,10,21950,A,N,G,B,B,A,H,-,A,A,0,Y,,,,Y,,A,7,0,1,0,0,1,0,0,0,0,-,-,LOS ANGELES,EL MONTE,-118.0094801,34.06765003
7187930,2016,8/15/2016,1942,2/3/2016,1900,39624,854,3,5,7,1942,0,0,0,H,0,8T35,SANTA MONICA BL,SEPULVEDA BL,0,,Y,A,-,N,,,,,,,,,,N,4,0,1,2,A,-,10,21950,A,F,G,B,B,A,H,-,D,A,0,Y,,,,Y,,-,99,0,0,1,0,1,0,0,0,0,-,-,LOS ANGELES,LOS ANGELES,-118.4442901,34.04764006
7187886,2016,2/22/2016,1947,1/28/2016,1140,R4,,4,5,5,1947,0,0,0,,0,00B,N MONTEBELLO BL,W CLEVELAND AV W,0,,Y,A,-,N,,,,,,,,,,N,3,0,1,2,A,-,0,21462,I,N,G,B,B,A,H,-,A,A,0,Y,,,,Y,,N,60,0,1,0,0,1,0,0,0,0,-,-,LOS ANGELES,MONTEBELLO,-118.1076,34.01191012
7187854,2016,2/22/2016,1947,1/12/2016,933,1369,,2,5,5,1947,0,0,0,,0,00E,W ALLSTON ST,CONCORD AV,100,E,N,A,-,N,,,,,,,,,,N,4,0,1,2,A,-,10,21950,A,F,G,B,C,A,H,-,A,D,0,Y,,,,Y,Y,-,,0,0,1,0,1,0,0,0,0,-,-,LOS ANGELES,MONTEBELLO,,
7187842,2016,2/22/2016,1947,1/6/2016,2146,1401,,3,5,5,1947,0,0,0,,0,00E,W WHITTIER BL,TAYLOR AV,0,S,N,A,-,N,,,,,,,,,,Y,3,0,1,2,A,-,11,21456,B,N,G,B,B,A,H,-,C,A,0,Y,,,,Y,,N,60,0,1,0,0,1,0,0,0,0,-,-,LOS ANGELES,MONTEBELLO,-118.1139901,34.01123001
7187395,2016,8/16/2016,1965,2/10/2016,2140,3158,0B2A,3,5,5,1965,0,0,0,,0,B002,LINCOLN BL,GRANT ST,0,,Y,A,-,N,,,,,,,,,,Y,3,0,1,2,A,-,11,21956,,N,G,B,E,A,H,-,C,A,0,Y,,,,Y,,N,60,0,1,0,0,1,0,0,0,0,-,-,LOS ANGELES,SANTA MONICA,-118.4812901,34.01094007
7187368,2016,8/15/2016,1965,2/17/2016,1636,3566,0B1K,3,5,5,1965,0,0,0,,0,B001,COURT 3,SANTA MONICA BL,3,S,N,B,C,N,,,,,,,,,,N,3,0,1,2,A,-,10,21952,,N,G,B,F,B,H,-,A,D,0,Y,,,,Y,,A,1,0,1,0,0,1,0,0,0,0,-,-,LOS ANGELES,SANTA MONICA,,
7187279,2016,2/23/2016,1942,2/8/2016,1630,39678,303,1,5,7,1942,0,0,0,C,0,3A41,LA BREA AV,ADAMS BL,0,,Y,A,-,N,,,,,,,,,,N,4,0,1,2,A,-,6,21951,,N,G,B,B,A,H,-,A,A,0,Y,,,,Y,,A,1,0,0,1,0,1,0,0,0,0,-,-,LOS ANGELES,LOS ANGELES,-118.3509301,34.03251006
7187275,2016,2/23/2016,1953,2/9/2016,834,311,1953,2,5,6,1953,0,0,0,,0,2,EL MOLINO AV,ORANGE GROVE BL,0,,Y,A,-,N,,,,,,,,,,Y,4,0,1,2,A,-,10,21950,A,N,G,B,B,A,H,-,A,A,0,Y,,,,Y,,A,1,0,0,1,0,1,0,0,0,0,-,-,LOS ANGELES,PASADENA,-118.1369701,34.1577901
7187211,2016,3/1/2016,1942,1/26/2016,1940,41979,,2,5,7,1942,0,0,0,,0,2A39,7TH ST,BONNIE BRAE,90,E,N,A,-,N,,,,,,,,,,N,4,0,1,2,A,-,21,22106,,F,D,G,A,A,H,-,C,D,0,,Y,,,Y,,-,-,0,0,1,0,0,0,1,0,0,-,-,LOS ANGELES,LOS ANGELES,-118.2743107,34.0553303
7187198,2016,2/17/2016,1944,1/28/2016,1825,352,,4,5,4,1944,0,0,0,,0,2,MANHATTAN BEACH BL,PACIFIC AV,0,,Y,A,-,N,,,,,,,,,,N,3,0,1,2,A,-,10,21950,A,N,G,B,B,A,H,-,C,A,0,Y,,,,Y,Y,-,,0,1,0,0,1,0,0,0,0,-,-,LOS ANGELES,MANHATTAN BEACH,-118.4033101,33.88736004